Page,"2026-05-20--2026-06-19_Avg position","2026-04-19--2026-05-19_Avg position",2026-05-20--2026-06-19_Clicks,2026-04-19--2026-05-19_Clicks,2026-05-20--2026-06-19_Impressions,2026-04-19--2026-05-19_Impressions,2026-05-20--2026-06-19_CTR,2026-04-19--2026-05-19_CTR
https://www.creditdoc.co/review/yrefy/,73.48,,0,,777,,0,
https://creditdoc.co/review/consumer-financial-services-chicago-east/,83.55,,0,,395,,0,
https://www.creditdoc.co/review/the-moody-national-bank/,61.45,,0,,298,,0,
https://creditdoc.co/review/red-canoe/,62.85,,0,,290,,0,
https://www.creditdoc.co/review/valley-first/,63.58,,0,,277,,0,
https://www.creditdoc.co/review/finance-of-america-mortgage/,68.44,,0,,218,,0,
https://www.creditdoc.co/review/nusenda/,42.91,,0,,188,,0,
https://www.creditdoc.co/categories/atm/,71.77,,0,,187,,0,
https://www.creditdoc.co/review/global-credit-union/,64.43,,0,,185,,0,
https://www.creditdoc.co/review/arrow-bank/,33.84,,0,,165,,0,
https://www.creditdoc.co/review/cfsc-checks-cashed-fairview/,56.62,,0,,156,,0,
https://creditdoc.co/review/bond-community-federal-credit-union/,11.62,,0,,150,,0,
https://creditdoc.co/review/healthnet/,75.39,,0,,146,,0,
https://www.creditdoc.co/review/midfirst-bank/,54.07,,0,,140,,0,
https://www.creditdoc.co/review/hills-bank-and-trust-company/,68.11,,0,,139,,0,
https://www.creditdoc.co/review/communitywide/,44.7,,0,,138,,0,
https://www.creditdoc.co/review/ent-credit-union/,54.53,,0,,136,,0,
https://www.creditdoc.co/review/future-home-loans/,55.58,,0,,134,,0,
https://www.creditdoc.co/review/bankfirst-financial-services/,52.51,,0,,129,,0,
https://www.creditdoc.co/review/fremont-bank/,48.31,,0,,126,,0,
https://www.creditdoc.co/review/first-city/,66.61,,0,,123,,0,
https://creditdoc.co/review/rockland/,53.75,,0,,122,,0,
https://www.creditdoc.co/review/credit-union-of-texas/,68.78,,0,,121,,0,
https://www.creditdoc.co/review/title-max/,54.64,,0,,121,,0,
https://www.creditdoc.co/review/auto-money-rock-hill/,45.27,,0,,113,,0,
https://www.creditdoc.co/review/community-choice/,67.87,,0,,110,,0,
https://creditdoc.co/review/gulf-winds/,35.21,,0,,109,,0,
https://www.creditdoc.co/review/pursuit/,22.1,,0,,109,,0,
https://www.creditdoc.co/review/pawn-now-mesa/,77.76,,0,,103,,0,
https://www.creditdoc.co/review/vigo-atlanta/,3.03,,0,,103,,0,
https://www.creditdoc.co/browse/pawn-shops/san-diego-ca/,77.72,,0,,95,,0,
https://www.creditdoc.co/review/sun-loan/,39.36,,0,,94,,0,
https://www.creditdoc.co/review/wesbanco-bank-inc/,56.96,,0,,94,,0,
https://www.creditdoc.co/review/collins-community/,45.73,,0,,93,,0,
https://www.creditdoc.co/review/debt-consolidation-usa/,1.87,,0,,92,,0,
https://www.creditdoc.co/review/orion/,50.43,,0,,89,,0,
https://www.creditdoc.co/review/texas-trust-credit-union/,32.13,,0,,89,,0,
https://www.creditdoc.co/review/heights-finance/,44.88,,0,,83,,0,
https://www.creditdoc.co/review/tomo-mortgage/,62.13,,0,,83,,0,
https://www.creditdoc.co/review/first-bank-and-trust-company/,83.99,,0,,82,,0,
https://www.creditdoc.co/credit-guide/atlanta-ga/pawn-shops/,69.12,,0,,81,,0,
https://www.creditdoc.co/credit-guide/austin-tx/credit-unions/,78.11,,0,,80,,0,
https://www.creditdoc.co/review/republic-finance/,43.03,,0,,80,,0,
https://creditdoc.co/review/consumer-credit-counseling/,40.96,,0,,78,,0,
https://creditdoc.co/review/first-fidelity-bank-oklahoma-city/,70.79,,0,,78,,0,
https://www.creditdoc.co/review/corning/,67.49,,0,,78,,0,
https://www.creditdoc.co/review/ria-money-transfer-variedades-emanuel/,5.6,,0,,78,,0,
https://creditdoc.co/review/first-citizens/,69.09,,0,,77,,0,
https://www.creditdoc.co/review/bmi/,47.25,,0,,76,,0,
https://www.creditdoc.co/credit-guide/new-york-ny/,8.97,,0,,74,,0,
https://www.creditdoc.co/review/dupont-community/,48,,0,,74,,0,
https://www.creditdoc.co/review/idaho-central/,63.88,,0,,74,,0,
https://www.creditdoc.co/review/east-texas-professional/,58.55,,0,,73,,0,
https://creditdoc.co/review/snap-loans-cash-orlando/,1.4,,0,,72,,0,
https://www.creditdoc.co/review/central-virginia/,55.24,,0,,72,,0,
https://www.creditdoc.co/review/eastrise/,51.08,,0,,72,,0,
https://creditdoc.co/review/sewell-lexus-of-dallas-pre-owned/,63.37,,0,,71,,0,
https://www.creditdoc.co/review/manasquan-bank/,41.61,,0,,71,,0,
https://www.creditdoc.co/review/tempe-pawn-gold/,77.32,,0,,71,,0,
https://www.creditdoc.co/credit-guide/albuquerque-nm/pawn-shops/,56.67,,0,,69,,0,
https://www.creditdoc.co/review/firefighters-first/,55.52,,0,,69,,0,
https://www.creditdoc.co/review/plainscapital-bank/,36.39,,0,,69,,0,
https://www.creditdoc.co/review/everbank/,68.25,,0,,68,,0,
https://www.creditdoc.co/review/ideal-lending-solutions/,5.51,,0,,68,,0,
https://www.creditdoc.co/review/third-federal-savings-and-loan-association-of-cleveland/,60.72,,0,,68,,0,
https://creditdoc.co/review/upmc-health-plan/,45.58,,0,,67,,0,
https://www.creditdoc.co/review/american-express/,42.03,,0,,67,,0,
https://www.creditdoc.co/review/lakehills-commercial-lending/,4.31,,0,,67,,0,
https://creditdoc.co/review/aerospace/,38.65,,0,,66,,0,
https://www.creditdoc.co/review/associated-credit-union/,33.47,,0,,66,,0,
https://www.creditdoc.co/review/american-eagle-financial/,55.72,,0,,65,,0,
https://www.creditdoc.co/review/commercial-savings-bank/,81.75,,0,,65,,0,
https://www.creditdoc.co/review/first-bank-of-berne/,63.02,,0,,65,,0,
https://www.creditdoc.co/review/health-care-family/,71.85,,0,,65,,0,
https://creditdoc.co/review/advancial/,43.41,,0,,64,,0,
https://creditdoc.co/review/cport/,34.47,,0,,64,,0,
https://creditdoc.co/review/coreplus/,48.87,,0,,63,,0,
https://creditdoc.co/review/mid-hudson-valley/,56.49,,0,,63,,0,
https://www.creditdoc.co/review/jackson-county-bank/,48.34,,0,,62,,0,
https://www.creditdoc.co/credit-guide/austin-tx/check-cashing/,16.64,,0,,61,,0,
https://creditdoc.co/review/vuchina-credit-card-processing-systems/,2.12,,0,,59,,0,
https://www.creditdoc.co/review/cic-credit/,61.97,,0,,59,,0,
https://www.creditdoc.co/review/des-moines-metro/,62.64,,0,,59,,0,
https://creditdoc.co/review/ventura-county/,48.93,,0,,58,,0,
https://www.creditdoc.co/credit-guide/aurora-co/check-cashing/,13.93,,0,,58,,0,
https://www.creditdoc.co/review/chevron/,28.72,,0,,58,,0,
https://creditdoc.co/review/cash-loans/,2.67,,0,,57,,0,
https://www.creditdoc.co/credit-guide/atlanta-ga/bankruptcy/,63.86,,0,,57,,0,
https://www.creditdoc.co/review/san-antonio-citizens/,57.46,,0,,57,,0,
https://www.creditdoc.co/review/cardinal-financial-company-limited-partnership/,56.84,,0,,56,,0,
https://creditdoc.co/review/trustone-financial/,50.8,,0,,55,,0,
https://www.creditdoc.co/review/ally-financial/,33.25,,0,,55,,0,
https://www.creditdoc.co/review/live-oak-banking-company/,77.42,,0,,55,,0,
https://www.creditdoc.co/financial-wellness/irs-tax-debt-options/,95.43,,0,,54,,0,
https://www.creditdoc.co/review/communityamerica/,60.13,,0,,54,,0,
https://www.creditdoc.co/review/home-savings-bank/,89.22,,0,,54,,0,
https://www.creditdoc.co/review/bayport/,69.43,,0,,53,,0,
https://www.creditdoc.co/review/las-vegas-credit-repair-leaders/,3.45,,0,,53,,0,
https://www.creditdoc.co/review/neches/,43.89,,0,,53,,0,
https://creditdoc.co/review/4front/,76.31,,0,,52,,0,
https://www.creditdoc.co/credit-guide/amarillo-tx/banking/,67.87,,0,,52,,0,
https://www.creditdoc.co/review/debt-consolidation-usa-miramar/,2.67,,0,,52,,0,
https://www.creditdoc.co/review/jet-lending/,66.79,,0,,52,,0,
https://www.creditdoc.co/review/kemba/,74.21,,0,,52,,0,
https://www.creditdoc.co/review/washington-savings-bank-lowell/,43.37,,0,,52,,0,
https://www.creditdoc.co/browse/pawn-shops/denver-co/,65.63,,0,,51,,0,
https://www.creditdoc.co/review/cash-money/,6.78,,0,,51,,0,
https://www.creditdoc.co/review/cy-fair/,42.06,,0,,51,,0,
https://www.creditdoc.co/review/envios-de-dinero-cambio-de-cheques-check-cashing-sigue-vip-dinero-banural-usa-office/,3.63,,0,,51,,0,
https://www.creditdoc.co/review/fora-financial-business-funding/,54.41,,0,,51,,0,
https://www.creditdoc.co/review/peoples-national-bank/,60.14,,0,,51,,0,
https://www.creditdoc.co/review/rally/,40.67,,0,,51,,0,
https://www.creditdoc.co/review/fairfield-county-bank/,54.84,,0,,50,,0,
https://www.creditdoc.co/review/first-south-financial/,63.46,,0,,50,,0,
https://www.creditdoc.co/review/mercantile-bank/,39.7,,0,,50,,0,
https://www.creditdoc.co/review/northwestern-bank/,67.52,,0,,50,,0,
https://www.creditdoc.co/review/parkway-bank-and-trust-company/,46.78,,0,,50,,0,
https://www.creditdoc.co/review/regional-finance/,49.18,,0,,50,,0,
https://www.creditdoc.co/review/west-plains-bank-and-trust-company/,4.16,,0,,50,,0,
https://creditdoc.co/review/sparkle-cash-advance/,5.45,,0,,49,,0,
https://www.creditdoc.co/review/amboy-bank/,46.92,,0,,49,,0,
https://www.creditdoc.co/review/barclays-bank-delaware/,64.08,,0,,49,,0,
https://www.creditdoc.co/review/premier-members/,60.12,,0,,49,,0,
https://www.creditdoc.co/review/superior-credit-union/,66.04,,0,,49,,0,
https://www.creditdoc.co/review/titlemax-title-pawns/,50.59,,0,,49,,0,
https://creditdoc.co/review/capdeck-business-loans-san-francis/,2.58,,0,,48,,0,
https://www.creditdoc.co/review/debt-redemption-texas-debt-relief-and-consolidation/,3.46,,0,,48,,0,
https://www.creditdoc.co/review/eecu-financial-center/,54.06,,0,,48,,0,
https://www.creditdoc.co/review/forte-bank/,44.69,,0,,48,,0,
https://www.creditdoc.co/review/lendingclub/,78.67,,0,,48,,0,
https://www.creditdoc.co/review/spero-financial/,58.94,,0,,48,,0,
https://www.creditdoc.co/review/db-organization/,32.91,,1,,47,,2.13,
https://www.creditdoc.co/best/best-credit-counseling-agencies/,78.74,,0,,47,,0,
https://www.creditdoc.co/browse/emergency-cash/houston-texas/,5.83,,0,,47,,0,
https://www.creditdoc.co/credit-guide/arlington-tx/check-cashing/,11.26,,0,,47,,0,
https://www.creditdoc.co/review/aberdeen-proving-ground/,56.43,,0,,47,,0,
https://www.creditdoc.co/review/arizona-gold-exchange/,91.62,,0,,47,,0,
https://www.creditdoc.co/review/debt-consolidation-usa-hollywood/,16.89,,0,,47,,0,
https://www.creditdoc.co/review/family-bank/,66.36,,0,,47,,0,
https://www.creditdoc.co/review/goldman-sachs-bank-usa/,69.61,,0,,46,,0,
https://www.creditdoc.co/review/south-central-bank-inc/,49.33,,0,,46,,0,
https://www.creditdoc.co/review/uplift-services-plus/,4.54,,0,,46,,0,
https://creditdoc.co/review/ima-1-month-cash-advance/,3.64,,0,,45,,0,
https://www.creditdoc.co/browse/pawn-shops/phoenix-az/,67.07,,0,,45,,0,
https://www.creditdoc.co/review/fort-sill/,35.89,,0,,45,,0,
https://www.creditdoc.co/review/herring-bank/,47.18,,0,,45,,0,
https://www.creditdoc.co/review/loancare/,41,,0,,45,,0,
https://creditdoc.co/review/fast-auto-loans-phoenix/,32.64,,0,,44,,0,
https://creditdoc.co/review/money-solutions/,4.2,,0,,44,,0,
https://www.creditdoc.co/credit-guide/oklahoma-city-ok/,6.39,,0,,44,,0,
https://www.creditdoc.co/review/elements-financial/,46.41,,0,,44,,0,
https://www.creditdoc.co/review/first-florida/,76,,0,,44,,0,
https://www.creditdoc.co/review/florida-commercial-collections-agency/,81.88,,0,,43,,0,
https://creditdoc.co/review/a-loans-checks-cashed/,1.9,,0,,42,,0,
https://www.creditdoc.co/categories/business-loans/,74.81,,0,,42,,0,
https://www.creditdoc.co/city/long-beach-ca/,4.29,,0,,42,,0,
https://www.creditdoc.co/review/farm-bureau-bank/,45.19,,0,,42,,0,
https://www.creditdoc.co/review/global-credit-solutions-llc/,13.31,,0,,42,,0,
https://www.creditdoc.co/review/my-credit-general-credit-repair/,1.4,,0,,42,,0,
https://www.creditdoc.co/review/passumpsic-savings-bank/,44.55,,0,,42,,0,
https://www.creditdoc.co/review/river-community/,56.14,,0,,42,,0,
https://creditdoc.co/review/capdeck-business-loans-long-beach/,4.02,,0,,41,,0,
https://creditdoc.co/review/georgia-united-credit-union/,40.24,,0,,41,,0,
https://creditdoc.co/review/tonawanda-valley/,52.29,,0,,41,,0,
https://www.creditdoc.co/review/forward-bank/,46.85,,0,,41,,0,
https://www.creditdoc.co/review/goldman-credit-solutions/,27.68,,0,,41,,0,
https://www.creditdoc.co/review/venture-advance-loans-fresno/,6.41,,0,,41,,0,
https://creditdoc.co/review/floridacentral/,46.18,,0,,40,,0,
https://www.creditdoc.co/city/west-new-york-nj/,4.93,,0,,40,,0,
https://www.creditdoc.co/credit-guide/austin-tx/pawn-shops/,49.45,,0,,40,,0,
https://www.creditdoc.co/credit-guide/mesa-az/,7.4,,0,,40,,0,
https://www.creditdoc.co/review/carver/,65.78,,0,,40,,0,
https://www.creditdoc.co/review/cash-express/,55.15,,0,,40,,0,
https://www.creditdoc.co/review/champions-first/,38.75,,0,,40,,0,
https://www.creditdoc.co/review/credit-repair-keller/,1.75,,0,,40,,0,
https://www.creditdoc.co/review/del-one/,68.93,,0,,40,,0,
https://www.creditdoc.co/review/first-century-bank/,61.95,,0,,40,,0,
https://www.creditdoc.co/review/miami-consultant/,2.28,,0,,40,,0,
https://www.creditdoc.co/review/north-easton-savings-bank/,52.33,,0,,40,,0,
https://www.creditdoc.co/review/planters-bank-inc/,65.23,,0,,40,,0,
https://creditdoc.co/review/loanmax-title-loans-norfolk-va/,67.49,,0,,39,,0,
https://www.creditdoc.co/categories/build-credit/,21.59,,0,,39,,0,
https://www.creditdoc.co/review/cash-cow-kenner/,38.08,,0,,39,,0,
https://www.creditdoc.co/review/firefighters-community-cu/,56.38,,0,,39,,0,
https://www.creditdoc.co/review/national-foundation-for-credit-counseling-inc/,51,,0,,39,,0,
https://www.creditdoc.co/review/nuvision/,60.64,,0,,39,,0,
https://www.creditdoc.co/review/venture-advance-loans-san-jose/,2.79,,0,,39,,0,
https://creditdoc.co/review/consumer-credit-counseling-burlingame/,2.68,,0,,38,,0,
https://www.creditdoc.co/review/colony-bank/,37.58,,0,,38,,0,
https://www.creditdoc.co/review/debt-relief-law-firm-of-north-florida/,4.05,,0,,38,,0,
https://www.creditdoc.co/review/norway-savings-bank/,48.45,,0,,38,,0,
https://www.creditdoc.co/review/patriot-bank/,53.66,,0,,38,,0,
https://www.creditdoc.co/review/sandgate-credit-repair-miami/,2.47,,0,,38,,0,
https://www.creditdoc.co/review/tnbank/,72,,0,,38,,0,
https://creditdoc.co/review/garden-savings/,49.95,,0,,37,,0,
https://creditdoc.co/review/meriwest/,58.49,,0,,37,,0,
https://www.creditdoc.co/best/best-equipment-financing/,86.89,,0,,37,,0,
https://www.creditdoc.co/review/central-state/,53.16,,0,,37,,0,
https://www.creditdoc.co/review/consumer-credit-counseling-lancaster/,81.73,,0,,37,,0,
https://www.creditdoc.co/review/first-federal-savings-and-loan-association-of-lorain/,60.35,,0,,37,,0,
https://www.creditdoc.co/review/mr-pawn-nyc/,11.78,,0,,37,,0,
https://www.creditdoc.co/review/waterford-bank/,49.14,,0,,37,,0,
https://creditdoc.co/review/cheque-express-atlanta/,33.56,,0,,36,,0,
https://creditdoc.co/review/fort-community/,22.69,,0,,36,,0,
https://www.creditdoc.co/city/miami-florida/,3.94,,0,,36,,0,
https://www.creditdoc.co/review/fourleaf/,45.25,,0,,36,,0,
https://www.creditdoc.co/review/marcos-credit/,8.25,,0,,36,,0,
https://www.creditdoc.co/review/pathfinder-bank/,38.97,,0,,36,,0,
https://www.creditdoc.co/review/vigo-philadelphia/,3.03,,0,,36,,0,
https://creditdoc.co/review/transport/,52.17,,0,,35,,0,
https://www.creditdoc.co/review/arrowhead/,66.77,,0,,35,,0,
https://www.creditdoc.co/review/best-check-cash/,4.77,,0,,35,,0,
https://www.creditdoc.co/review/commercial-bank-of-texas/,61.26,,0,,35,,0,
https://www.creditdoc.co/review/fastrack-credit-repair/,2.69,,0,,35,,0,
https://www.creditdoc.co/review/first-family/,64,,0,,35,,0,
https://www.creditdoc.co/review/freedom-of-maryland/,52.37,,0,,35,,0,
https://www.creditdoc.co/review/loan-for-any-purpose-columbus/,4.49,,0,,35,,0,
https://www.creditdoc.co/review/oneaz-credit-union/,60.86,,0,,35,,0,
https://www.creditdoc.co/review/payday-loans-cash/,3.6,,0,,35,,0,
https://www.creditdoc.co/review/republic-finance-raleigh/,52,,0,,35,,0,
https://creditdoc.co/review/dynamic/,49.59,,0,,34,,0,
https://creditdoc.co/review/finer-credit-solution/,2.53,,0,,34,,0,
https://creditdoc.co/review/first-heritage-loan-firm/,3.32,,0,,34,,0,
https://creditdoc.co/review/four-brothers-money-orders-and-bill-payment/,1.62,,0,,34,,0,
https://creditdoc.co/review/regional-finance-raleigh/,49.35,,0,,34,,0,
https://creditdoc.co/review/velocity/,56.41,,0,,34,,0,
https://www.creditdoc.co/credit-guide/arlington-tx/banking/,64.65,,0,,34,,0,
https://www.creditdoc.co/financial-wellness/joint-accounts-credit/,72.82,,0,,34,,0,
https://www.creditdoc.co/review/atlas-credit-co-arlington/,58.53,,0,,34,,0,
https://www.creditdoc.co/review/b1bank/,51.35,,0,,34,,0,
https://www.creditdoc.co/review/firstrust-savings-bank/,52.91,,0,,34,,0,
https://www.creditdoc.co/review/greenville-heritage/,46.09,,0,,34,,0,
https://www.creditdoc.co/review/nations-lending/,63.79,,0,,34,,0,
https://www.creditdoc.co/review/tinker/,43.32,,0,,34,,0,
https://creditdoc.co/review/security-federal-bank/,69.18,,0,,33,,0,
https://creditdoc.co/review/small-business-loans-denver/,4.45,,0,,33,,0,
https://creditdoc.co/review/western-union-phoenix/,35.91,,0,,33,,0,
https://www.creditdoc.co/best/best-bridging-loans/,86.73,,0,,33,,0,
https://www.creditdoc.co/review/1st-midamerica/,37.36,,0,,33,,0,
https://www.creditdoc.co/review/check-city/,44.7,,0,,33,,0,
https://www.creditdoc.co/review/crisdon-credit-repair/,1.97,,0,,33,,0,
https://www.creditdoc.co/review/dc-lending/,2.88,,0,,33,,0,
https://www.creditdoc.co/review/incharge-debt-solutions/,53.33,,0,,33,,0,
https://www.creditdoc.co/review/southwest-recovery/,50.64,,0,,33,,0,
https://creditdoc.co/review/bhg-financial/,57.88,,0,,32,,0,
https://creditdoc.co/review/las-vegas-jewelry-loan/,80.91,,0,,32,,0,
https://www.creditdoc.co/city/vernon-ca/,7,,0,,32,,0,
https://www.creditdoc.co/review/credit-pros/,4,,0,,32,,0,
https://www.creditdoc.co/review/credit-repair-resource-center-milpitas/,4.72,,0,,32,,0,
https://www.creditdoc.co/review/diversified-members/,53.56,,0,,32,,0,
https://www.creditdoc.co/review/dn-community/,3.38,,0,,32,,0,
https://www.creditdoc.co/review/duke-payday-loans-roanoke/,1.5,,0,,32,,0,
https://www.creditdoc.co/review/members-1st-of-nj/,52.47,,0,,32,,0,
https://www.creditdoc.co/review/old-second-national-bank/,41.09,,0,,32,,0,
https://www.creditdoc.co/review/peoples-community/,76.38,,0,,32,,0,
https://www.creditdoc.co/review/security-first/,77.63,,0,,32,,0,
https://www.creditdoc.co/review/unity-catholic/,72.13,,0,,32,,0,
https://www.creditdoc.co/review/valley-national-bank/,47.41,,0,,32,,0,
https://www.creditdoc.co/review/vigo-union-city/,2.53,,0,,32,,0,
https://www.creditdoc.co/review/wescom-central/,73.38,,0,,32,,0,
https://creditdoc.co/review/debt-hero-philadelphia-debt-consolidators/,3.45,,0,,31,,0,
https://creditdoc.co/review/sharon-crescent-united/,60.97,,0,,31,,0,
https://creditdoc.co/review/western-union-kansas-city-ks/,41.9,,0,,31,,0,
https://www.creditdoc.co/credit-guide/san-diego-ca/check-cashing/,3.35,,0,,31,,0,
https://www.creditdoc.co/review/equitable-bank/,70.9,,0,,31,,0,
https://www.creditdoc.co/review/family-debt-counseling/,3.71,,0,,31,,0,
https://www.creditdoc.co/review/gte-financial-credit-union/,46.35,,0,,31,,0,
https://www.creditdoc.co/review/phoenix-title-loans/,64.06,,0,,31,,0,
https://www.creditdoc.co/review/speedy-cash-phoenix-az/,61.19,,0,,31,,0,
https://www.creditdoc.co/review/texan-credit-corporation/,30.16,,0,,31,,0,
https://www.creditdoc.co/review/virginia-national-bank/,46.55,,0,,31,,0,
https://www.creditdoc.co/review/western-union-albuquerque-nm/,43.58,,0,,31,,0,
https://creditdoc.co/review/texan-credit-corporation-irving/,67.5,,0,,30,,0,
https://www.creditdoc.co/review/ameris-bank/,45.17,,0,,30,,0,
https://www.creditdoc.co/review/budget-planners/,3.77,,0,,30,,0,
https://www.creditdoc.co/review/crews-bank-trust/,41.27,,0,,30,,0,
https://www.creditdoc.co/review/ez-money-payday/,2.2,,0,,30,,0,
https://www.creditdoc.co/review/firstbank-lakewood/,69.5,,0,,30,,0,
https://www.creditdoc.co/review/hfs/,46.53,,0,,30,,0,
https://www.creditdoc.co/review/milford-federal-bank/,46.77,,0,,30,,0,
https://www.creditdoc.co/review/nanakuli-housing-corporation/,5.03,,0,,30,,0,
https://www.creditdoc.co/review/payday-loans-houston/,2.7,,0,,30,,0,
https://www.creditdoc.co/review/philadelphia/,61.13,,0,,30,,0,
https://www.creditdoc.co/review/rok-financial/,60.43,,0,,30,,0,
https://www.creditdoc.co/review/united-business-loans/,23.9,,0,,30,,0,
https://creditdoc.co/review/famsa-loans-arlington/,8.86,,0,,29,,0,
https://www.creditdoc.co/review/alden-state-bank-alden/,45.31,,0,,29,,0,
https://www.creditdoc.co/review/amplify/,46.83,,0,,29,,0,
https://www.creditdoc.co/review/artisans-bank/,49.17,,0,,29,,0,
https://www.creditdoc.co/review/illinois-currency-exchange/,47.52,,0,,29,,0,
https://www.creditdoc.co/review/midwest-credit-care/,2.83,,0,,29,,0,
https://www.creditdoc.co/review/montana-capital-car-title-loans-dallas/,3.93,,0,,29,,0,
https://www.creditdoc.co/review/nbkc-bank/,69.62,,0,,29,,0,
https://www.creditdoc.co/review/nbt-bank/,58.62,,0,,29,,0,
https://www.creditdoc.co/review/rel-payday-loans/,1.66,,0,,29,,0,
https://www.creditdoc.co/review/rio-bank/,49.83,,0,,29,,0,
https://www.creditdoc.co/review/southeastern-credit-services/,25.55,,0,,29,,0,
https://www.creditdoc.co/review/the-home-loan-savings-bank/,61.76,,0,,29,,0,
https://creditdoc.co/review/my-community/,79.46,,0,,28,,0,
https://www.creditdoc.co/review/better-debt-solutions/,61.86,,0,,28,,0,
https://www.creditdoc.co/review/cash-money-loans/,1.86,,0,,28,,0,
https://www.creditdoc.co/review/citizens-bank-elizabethton/,71.32,,0,,28,,0,
https://www.creditdoc.co/review/citizens-bank-of-west-virginia-inc/,65.61,,0,,28,,0,
https://www.creditdoc.co/review/credit-counseling-affordable-debt-consolidation-austin-texas/,6.25,,0,,28,,0,
https://www.creditdoc.co/review/credit-repair-personnel-denver/,3.5,,0,,28,,0,
https://www.creditdoc.co/review/debt-relief-center/,3.79,,0,,28,,0,
https://www.creditdoc.co/review/first-southern-state-bank/,68.71,,0,,28,,0,
https://www.creditdoc.co/review/mccoy/,40,,0,,28,,0,
https://www.creditdoc.co/review/memphis-city-employees-credit-union-whitehaven/,24.29,,0,,28,,0,
https://www.creditdoc.co/review/savers-check-cashing-ii/,3.21,,0,,28,,0,
https://www.creditdoc.co/review/trubank/,41.11,,0,,28,,0,
https://creditdoc.co/review/loanmax-title-loans-glendale/,74.56,,0,,27,,0,
https://creditdoc.co/review/reliant-capital-solutions/,66.67,,0,,27,,0,
https://creditdoc.co/review/sandia-area/,49.74,,0,,27,,0,
https://creditdoc.co/review/truliant/,58.44,,0,,27,,0,
https://www.creditdoc.co/city/pittsburgh-pa/,5.7,,0,,27,,0,
https://www.creditdoc.co/review/auto-finance-locators/,82.22,,0,,27,,0,
https://www.creditdoc.co/review/cash-1-loans-tempe/,49.19,,0,,27,,0,
https://www.creditdoc.co/review/citizens-bank/,56.59,,0,,27,,0,
https://www.creditdoc.co/review/community-national-bank-seneca/,65.89,,0,,27,,0,
https://www.creditdoc.co/review/edifi/,60.15,,0,,27,,0,
https://www.creditdoc.co/review/first-security-bank-and-trust-company-charles-city/,73.74,,0,,27,,0,
https://www.creditdoc.co/review/georgia-auto-pawn-union-city/,52.22,,0,,27,,0,
https://www.creditdoc.co/review/jamaica-pawn-shop-gold-buyers/,7.15,,0,,27,,0,
https://www.creditdoc.co/review/my-credit-repair-specialists/,6.48,,0,,27,,0,
https://www.creditdoc.co/review/sterling-bank/,71.93,,0,,27,,0,
https://www.creditdoc.co/review/titan-payday-loans-pittsburgh/,7.22,,0,,27,,0,
https://www.creditdoc.co/review/trunorth/,56.85,,0,,27,,0,
https://www.creditdoc.co/city/new-orleans-la/,8.04,,0,,26,,0,
https://www.creditdoc.co/city/san-jose-ca/,76.69,,0,,26,,0,
https://www.creditdoc.co/credit-guide/amarillo-tx/check-cashing/,7.23,,0,,26,,0,
https://www.creditdoc.co/credit-guide/miami-fl/,6.69,,0,,26,,0,
https://www.creditdoc.co/review/a-american-debt-consolidation-san-jose/,5.38,,0,,26,,0,
https://www.creditdoc.co/review/banterra-bank/,48.15,,0,,26,,0,
https://www.creditdoc.co/review/first-ohio-community/,48,,0,,26,,0,
https://www.creditdoc.co/review/infuze/,45.77,,0,,26,,0,
https://www.creditdoc.co/review/kinetic/,49.04,,0,,26,,0,
https://www.creditdoc.co/review/missouri-electric-cooperatives-empl/,44.19,,0,,26,,0,
https://www.creditdoc.co/review/one-nevada-credit-union/,51.31,,0,,26,,0,
https://www.creditdoc.co/review/russell-country/,39.81,,0,,26,,0,
https://www.creditdoc.co/review/security-bank-tulsa/,77.92,,0,,26,,0,
https://www.creditdoc.co/review/telcoe/,44.15,,0,,26,,0,
https://www.creditdoc.co/review/thomaston-savings-bank/,44.96,,0,,26,,0,
https://www.creditdoc.co/review/ttcu/,40.04,,0,,26,,0,
https://www.creditdoc.co/review/us-cash-advance-st-paul/,3.77,,0,,26,,0,
https://www.creditdoc.co/review/vigo-minneapolis-mn/,3.38,,0,,26,,0,
https://creditdoc.co/review/fitzsimons/,37.56,,0,,25,,0,
https://creditdoc.co/review/rentdebt-automated-collections/,79.64,,0,,25,,0,
https://www.creditdoc.co/best/best-startup-business-loans/,92.76,,0,,25,,0,
https://www.creditdoc.co/credit-guide/akron-oh/emergency-cash/,2.76,,0,,25,,0,
https://www.creditdoc.co/credit-guide/colorado-springs-co/,6.12,,0,,25,,0,
https://www.creditdoc.co/review/ace-credit-repair-solutions/,1.8,,0,,25,,0,
https://www.creditdoc.co/review/barton-creek-lending-group/,63.84,,0,,25,,0,
https://www.creditdoc.co/review/boost-my-fico-scores/,4.72,,0,,25,,0,
https://www.creditdoc.co/review/capdeck-business-loans-san-jose/,2,,0,,25,,0,
https://www.creditdoc.co/review/commerce-bank-kansas-city/,48.76,,0,,25,,0,
https://www.creditdoc.co/review/communities-of-abilene/,48.68,,0,,25,,0,
https://www.creditdoc.co/review/credit-literacy-101/,3.12,,0,,25,,0,
https://www.creditdoc.co/review/debt-consolidation-us-jacksonville/,7.64,,0,,25,,0,
https://www.creditdoc.co/review/emprise-bank/,61.2,,0,,25,,0,
https://www.creditdoc.co/review/first-financial-credit-union-san-mateo/,82.92,,0,,25,,0,
https://www.creditdoc.co/review/kays-financial-services/,13.76,,0,,25,,0,
https://www.creditdoc.co/review/kosters-cash-loans/,50.04,,0,,25,,0,
https://www.creditdoc.co/review/mercury-financial-corporation/,64.8,,0,,25,,0,
https://www.creditdoc.co/review/reliabank-dakota/,62.4,,0,,25,,0,
https://www.creditdoc.co/review/sag-aftra/,62,,0,,25,,0,
https://www.creditdoc.co/review/time-finance/,71.32,,0,,25,,0,
https://creditdoc.co/review/first-lockhart-bank/,57.83,,0,,24,,0,
https://creditdoc.co/review/roserock-capital-fund/,8.5,,0,,24,,0,
https://creditdoc.co/review/solid-cash-advance-st-paul/,2.17,,0,,24,,0,
https://www.creditdoc.co/best/best-personal-loan-lenders/,76.38,,0,,24,,0,
https://www.creditdoc.co/credit-guide/los-angeles-ca/,47.54,,0,,24,,0,
https://www.creditdoc.co/review/a-american-debt-consolidation-indianapolis/,1.88,,0,,24,,0,
https://www.creditdoc.co/review/bluestone-bank/,77.46,,0,,24,,0,
https://www.creditdoc.co/review/dallas-fort-worth-debt-consolidation-and-relief-debt-redemption/,27.38,,0,,24,,0,
https://www.creditdoc.co/review/fairfield-federal-savings-and-loan-association-of-lancaster/,61.75,,0,,24,,0,
https://www.creditdoc.co/review/flexibility-capital/,60.58,,0,,24,,0,
https://www.creditdoc.co/review/heritage-bank-national-association-spicer/,61.75,,0,,24,,0,
https://www.creditdoc.co/review/ilwu/,26.46,,0,,24,,0,
https://www.creditdoc.co/review/investex/,58.04,,0,,24,,0,
https://www.creditdoc.co/review/ozarks-federal-savings-and-loan-association/,53.83,,0,,24,,0,
https://www.creditdoc.co/review/smartbank/,54.33,,0,,24,,0,
https://www.creditdoc.co/review/the-farmers-national-bank-of-danville/,66.5,,0,,24,,0,
https://www.creditdoc.co/review/us-cash-advance-everett/,3.33,,0,,24,,0,
https://www.creditdoc.co/review/us-cash-advance-tampa-fl/,7.96,,0,,24,,0,
https://www.creditdoc.co/review/use-credit-union/,69.04,,0,,24,,0,
https://www.creditdoc.co/review/venture-advance-loans-jacksonville/,3.63,,0,,24,,0,
https://www.creditdoc.co/review/venture-advance-loans/,4.58,,0,,24,,0,
https://creditdoc.co/review/ace-cash-express-nashville/,82,,0,,23,,0,
https://creditdoc.co/review/avadian/,46.91,,0,,23,,0,
https://creditdoc.co/review/beal-bank-usa/,59.04,,0,,23,,0,
https://creditdoc.co/review/new-york-cannabis-dispensary-ny-cannabis-co-state-legal-recreational-cannabis-dispensary-9th-ave/,45.61,,0,,23,,0,
https://creditdoc.co/review/shamrock-bank/,58.04,,0,,23,,0,
https://creditdoc.co/review/wells-fargo-business-credit/,22.39,,0,,23,,0,
https://www.creditdoc.co/review/american-1/,43.17,,0,,23,,0,
https://www.creditdoc.co/review/american-credit-builders/,1.09,,0,,23,,0,
https://www.creditdoc.co/review/banner/,54.61,,0,,23,,0,
https://www.creditdoc.co/review/cash-cow-new-orleans-la/,17.78,,0,,23,,0,
https://www.creditdoc.co/review/charter-west-bank/,43.13,,0,,23,,0,
https://www.creditdoc.co/review/credit-repair-specialists/,1.78,,0,,23,,0,
https://www.creditdoc.co/review/instant-personal-loans/,9.57,,0,,23,,0,
https://www.creditdoc.co/review/malden/,31,,0,,23,,0,
https://www.creditdoc.co/review/metropolitan-bank-and-trust-company/,75.91,,0,,23,,0,
https://www.creditdoc.co/review/montana-capital-car-title-loans-greenville/,17.39,,0,,23,,0,
https://www.creditdoc.co/review/payday-loans-dallas/,2.83,,0,,23,,0,
https://www.creditdoc.co/review/raise-my-score/,3.57,,0,,23,,0,
https://www.creditdoc.co/review/savings-bank-of-walpole/,45.43,,0,,23,,0,
https://www.creditdoc.co/review/southpoint-financial/,36.65,,0,,23,,0,
https://www.creditdoc.co/review/taunton/,25,,0,,23,,0,
https://www.creditdoc.co/review/valley-bank-of-nevada/,53.17,,0,,23,,0,
https://creditdoc.co/review/la-pulga-de-las-vegas-se-vende-de-todo/,2.64,,0,,22,,0,
https://creditdoc.co/review/the-loan-depot/,2.82,,0,,22,,0,
https://www.creditdoc.co/credit-guide/anaheim-ca/emergency-cash/,9.32,,0,,22,,0,
https://www.creditdoc.co/review/amigo-cash-fort-worth-tx/,1.91,,0,,22,,0,
https://www.creditdoc.co/review/auto-finance-of-sacramento/,84.86,,0,,22,,0,
https://www.creditdoc.co/review/bad-credit-local-loans/,2.68,,0,,22,,0,
https://www.creditdoc.co/review/commercial-bank-of-california/,63.41,,0,,22,,0,
https://www.creditdoc.co/review/creditup-club/,10.32,,0,,22,,0,
https://www.creditdoc.co/review/first-united-bank-and-trust-company-durant/,68.5,,0,,22,,0,
https://www.creditdoc.co/review/i-will-lend-you-advance-pay-day-online/,2.18,,0,,22,,0,
https://www.creditdoc.co/review/msi-credit-solutions/,56.64,,0,,22,,0,
https://www.creditdoc.co/review/onetrust-home-loans/,67.64,,0,,22,,0,
https://www.creditdoc.co/review/order-express-phoenix-van-buren-check-cashing/,17.68,,0,,22,,0,
https://www.creditdoc.co/review/payday-loans-fort-worth/,3.09,,0,,22,,0,
https://www.creditdoc.co/review/santa-monica-jewelry-loan/,76.86,,0,,22,,0,
https://www.creditdoc.co/review/sun-federal-credit-union/,68.32,,0,,22,,0,
https://www.creditdoc.co/review/the-first-state-bank-norton/,63.64,,0,,22,,0,
https://creditdoc.co/review/juliana-motors/,5.57,,1,,21,,4.76,
https://creditdoc.co/city/las-vegas-nevada/,3.48,,0,,21,,0,
https://creditdoc.co/review/andrew-johnson-bank/,52.43,,0,,21,,0,
https://creditdoc.co/review/austin-payday-loans/,2,,0,,21,,0,
https://creditdoc.co/review/community-loans/,14.29,,0,,21,,0,
https://creditdoc.co/review/crown-credit-repair/,7.71,,0,,21,,0,
https://creditdoc.co/review/lendnation-kansas-city-mo/,49.86,,0,,21,,0,
https://creditdoc.co/review/norfolk-community/,64.57,,0,,21,,0,
https://creditdoc.co/review/southeast-financial/,52.71,,0,,21,,0,
https://creditdoc.co/review/the-debt-relief-new-york/,54.76,,0,,21,,0,
https://creditdoc.co/review/urban-payday-loans/,3,,0,,21,,0,
https://creditdoc.co/review/verity/,56.57,,0,,21,,0,
https://www.creditdoc.co/credit-guide/atlanta-ga/atm/,81.52,,0,,21,,0,
https://www.creditdoc.co/review/a-american-debt-consolidation-germantown/,3.48,,0,,21,,0,
https://www.creditdoc.co/review/better/,83.57,,0,,21,,0,
https://www.creditdoc.co/review/cinfed/,78.57,,0,,21,,0,
https://www.creditdoc.co/review/clearpath/,52.71,,0,,21,,0,
https://www.creditdoc.co/review/coffee-county-bank/,44.86,,0,,21,,0,
https://www.creditdoc.co/review/corazo/,46.52,,0,,21,,0,
https://www.creditdoc.co/review/elite-credit-and-financial-solutions/,3.05,,0,,21,,0,
https://www.creditdoc.co/review/fix-flip-loans-hard-money-phoenix/,3.57,,0,,21,,0,
https://www.creditdoc.co/review/generations-bank-rogers/,66.33,,0,,21,,0,
https://www.creditdoc.co/review/railway/,49.57,,0,,21,,0,
https://www.creditdoc.co/review/renu-your-credit/,6.19,,0,,21,,0,
https://www.creditdoc.co/review/stratton-air-national-guard/,7.52,,0,,21,,0,
https://www.creditdoc.co/review/the-farmers-bank-portland/,62.48,,0,,21,,0,
https://www.creditdoc.co/review/trustco-bank/,55.52,,0,,21,,0,
https://www.creditdoc.co/review/utah-heritage/,74.19,,0,,21,,0,
https://www.creditdoc.co/review/velnor-credit-repair-san-diego/,1.43,,0,,21,,0,
https://www.creditdoc.co/review/wasatch-peaks/,72.38,,0,,21,,0,
https://creditdoc.co/review/tinker/,53.5,,0,,20,,0,
https://creditdoc.co/review/used-cars-for-sale-miami-financing-available-auto-dealer/,3.05,,0,,20,,0,
https://www.creditdoc.co/credit-guide/austin-tx/,2.95,,0,,20,,0,
https://www.creditdoc.co/review/ace-cash-express-miami-fl/,33.3,,0,,20,,0,
https://www.creditdoc.co/review/affordable-debt-consolidation-san-antonio-texas/,58.35,,0,,20,,0,
https://www.creditdoc.co/review/auto-loan-car-loan/,68,,0,,20,,0,
https://www.creditdoc.co/review/classic-bank/,38.45,,0,,20,,0,
https://www.creditdoc.co/review/clearwater/,48.2,,0,,20,,0,
https://www.creditdoc.co/review/comtrust/,75.85,,0,,20,,0,
https://www.creditdoc.co/review/credit-repair-advocates-chicago/,1.9,,0,,20,,0,
https://www.creditdoc.co/review/edenvale-liquors-check-cashing/,6.85,,0,,20,,0,
https://www.creditdoc.co/review/education-first/,60,,0,,20,,0,
https://www.creditdoc.co/review/hill-country-loans/,8.95,,0,,20,,0,
https://www.creditdoc.co/review/imagine-me-transition-credit-journey/,2.1,,0,,20,,0,
https://www.creditdoc.co/review/lusitania-savings-bank/,39.1,,0,,20,,0,
https://www.creditdoc.co/review/miami-money-exchange/,67.35,,0,,20,,0,
https://www.creditdoc.co/review/naveo/,20.95,,0,,20,,0,
https://www.creditdoc.co/review/one-source-financial/,6.3,,0,,20,,0,
https://www.creditdoc.co/review/payday-loans-cash-philadelphia/,3.85,,0,,20,,0,
https://www.creditdoc.co/review/payday-loans-texas/,3.35,,0,,20,,0,
https://www.creditdoc.co/review/southwest-national-bank/,69.4,,0,,20,,0,
https://www.creditdoc.co/review/syracuse-cooperative-federal-credit-union/,4.2,,0,,20,,0,
https://www.creditdoc.co/review/union-county-savings-bank/,70.05,,0,,20,,0,
https://www.creditdoc.co/review/wyhy/,49.85,,0,,20,,0,
https://creditdoc.co/review/cash-cow-harvey/,55,,0,,19,,0,
https://creditdoc.co/review/cash-time-loans/,18.21,,0,,19,,0,
https://creditdoc.co/review/check-cashing-store/,1.79,,0,,19,,0,
https://creditdoc.co/review/community-first-credit-union-of-florida/,54.79,,0,,19,,0,
https://creditdoc.co/review/compra-aqui-paga-aqui-dallas-tx/,2.79,,0,,19,,0,
https://creditdoc.co/review/lenders-funding/,51,,0,,19,,0,
https://creditdoc.co/review/mil-way/,60.84,,0,,19,,0,
https://www.creditdoc.co/review/aura/,66.79,,0,,19,,0,
https://www.creditdoc.co/review/best-collateral-sacramento/,82.11,,0,,19,,0,
https://www.creditdoc.co/review/cathay-bank-los-angeles/,54.42,,0,,19,,0,
https://www.creditdoc.co/review/chase-atm-brooklyn/,42.16,,0,,19,,0,
https://www.creditdoc.co/review/colorado-housing-assistance-corporation-denver/,75.74,,0,,19,,0,
https://www.creditdoc.co/review/commerce-credit-repair/,2.37,,0,,19,,0,
https://www.creditdoc.co/review/currency-exchange-order-express/,1.47,,0,,19,,0,
https://www.creditdoc.co/review/envista/,48,,0,,19,,0,
https://www.creditdoc.co/review/everence-financial-everence-federal-credit-union/,57.58,,0,,19,,0,
https://www.creditdoc.co/review/first-national-bank-of-burleson/,67.95,,0,,19,,0,
https://www.creditdoc.co/review/glendale/,49.32,,0,,19,,0,
https://www.creditdoc.co/review/linkbank/,53.63,,0,,19,,0,
https://www.creditdoc.co/review/neighborhood-partnership-housing-services-inc/,3.16,,0,,19,,0,
https://www.creditdoc.co/review/sdccu-north-park-branch/,62.53,,0,,19,,0,
https://www.creditdoc.co/review/sharefax/,35.95,,0,,19,,0,
https://www.creditdoc.co/review/southland-credit-union/,57.74,,0,,19,,0,
https://www.creditdoc.co/review/start-up-business-loans-columbus/,2.74,,0,,19,,0,
https://www.creditdoc.co/review/the-bennington-state-bank/,48.11,,0,,19,,0,
https://www.creditdoc.co/review/the-credit-champs/,2.37,,0,,19,,0,
https://www.creditdoc.co/review/union-pacific-streamliner/,60.11,,0,,19,,0,
https://www.creditdoc.co/review/urban-payday-loans-winston-salem/,4.84,,0,,19,,0,
https://creditdoc.co/review/advance-payday-loans-kent/,4,,0,,18,,0,
https://creditdoc.co/review/aura/,77.17,,0,,18,,0,
https://creditdoc.co/review/bnc-national-bank/,66.5,,0,,18,,0,
https://creditdoc.co/review/capdeck-business-loans-san-jose/,4.61,,0,,18,,0,
https://creditdoc.co/review/farmers-state-bank-cameron/,67.94,,0,,18,,0,
https://creditdoc.co/review/pfsc/,14.72,,0,,18,,0,
https://creditdoc.co/review/primo-personal-loans-west-columbia/,5.33,,0,,18,,0,
https://creditdoc.co/review/rani-used-car-sales/,3.22,,0,,18,,0,
https://creditdoc.co/review/u-f-c-w-local-1776/,55,,0,,18,,0,
https://www.creditdoc.co/city/madison-tn/,64.17,,0,,18,,0,
https://www.creditdoc.co/city/san-jose-california/,6.22,,0,,18,,0,
https://www.creditdoc.co/credit-guide/arlington-tx/,5.5,,0,,18,,0,
https://www.creditdoc.co/credit-guide/austin-tx/banking/,68.22,,0,,18,,0,
https://www.creditdoc.co/credit-guide/fresno-ca/,8.28,,0,,18,,0,
https://www.creditdoc.co/credit-guide/kansas-city-mo/,4.89,,0,,18,,0,
https://www.creditdoc.co/review/aaa-check-cashing/,10.67,,0,,18,,0,
https://www.creditdoc.co/review/alive-credit-union/,41.33,,0,,18,,0,
https://www.creditdoc.co/review/artesian/,40.11,,0,,18,,0,
https://www.creditdoc.co/review/buy-sell-trade-it-all/,59.56,,0,,18,,0,
https://www.creditdoc.co/review/class-act/,67.44,,0,,18,,0,
https://www.creditdoc.co/review/credit-repair-solutions-bronx-ny/,2.33,,0,,18,,0,
https://www.creditdoc.co/review/credit-roadrunner-credit-repair-ny-credit-repair-company-to-fix-your-credit/,1.94,,0,,18,,0,
https://www.creditdoc.co/review/crest-savings-bank/,61.56,,0,,18,,0,
https://www.creditdoc.co/review/fast-payday-loans-cash-prospect/,2.28,,0,,18,,0,
https://www.creditdoc.co/review/gulf-coast-community/,57.83,,0,,18,,0,
https://www.creditdoc.co/review/money-center-houston/,2.39,,0,,18,,0,
https://www.creditdoc.co/review/nevada-title-and-payday-loans-north-las-vegas/,52,,0,,18,,0,
https://www.creditdoc.co/review/north-point-financial-inc-gallegos-mri/,7.94,,0,,18,,0,
https://www.creditdoc.co/review/northeast-colorado-housing-inc/,5.72,,0,,18,,0,
https://www.creditdoc.co/review/partner-colorado/,56.22,,0,,18,,0,
https://www.creditdoc.co/review/payday-loan-houston-edge/,7.67,,0,,18,,0,
https://www.creditdoc.co/review/promiseone-bank/,17.33,,0,,18,,0,
https://www.creditdoc.co/review/prosperity-indiana-indiana-association-for-community-economic-development/,7.83,,0,,18,,0,
https://www.creditdoc.co/review/satelite-payday-loans/,2.17,,0,,18,,0,
https://www.creditdoc.co/review/stoughton-co-operative-bank/,54.22,,0,,18,,0,
https://www.creditdoc.co/review/tower/,64.89,,0,,18,,0,
https://www.creditdoc.co/review/trumark-financial-credit-union-eastern-north-philadelphia/,78.28,,0,,18,,0,
https://www.creditdoc.co/review/tulane-loans/,40.06,,0,,18,,0,
https://www.creditdoc.co/review/united-minnesota-bank/,56.67,,0,,18,,0,
https://www.creditdoc.co/review/usa-personal-loans/,2.56,,0,,18,,0,
https://www.creditdoc.co/review/vet-your-credit/,5.22,,0,,18,,0,
https://www.creditdoc.co/review/walpole-co-operative-bank/,62.28,,0,,18,,0,
https://www.creditdoc.co/review/western-union-money-order-only-fort-worth-tx/,5.28,,0,,18,,0,
https://creditdoc.co/city/pittsburgh-pennsylvania/,5.53,,0,,17,,0,
https://creditdoc.co/review/ace-cash-express-charlotte/,54.59,,0,,17,,0,
https://creditdoc.co/review/auto-star/,3.24,,0,,17,,0,
https://creditdoc.co/review/checks-cashed-se-cambian-cheques/,3.29,,0,,17,,0,
https://creditdoc.co/review/essex-pawn/,54.29,,0,,17,,0,
https://creditdoc.co/review/farmers-savings-bank-colesburg/,55.71,,0,,17,,0,
https://creditdoc.co/review/first-united-bank-trust/,69.82,,0,,17,,0,
https://creditdoc.co/review/ibew-united-workers/,70.53,,0,,17,,0,
https://creditdoc.co/review/llama-loan/,18.18,,0,,17,,0,
https://creditdoc.co/review/panhandle-first-bank/,46.29,,0,,17,,0,
https://creditdoc.co/review/r-s-bellco/,43.35,,0,,17,,0,
https://creditdoc.co/review/river-city-federal-credit-union/,39.94,,0,,17,,0,
https://creditdoc.co/review/sun-loan-albuquerque/,68.12,,0,,17,,0,
https://creditdoc.co/review/urban-personal-loans/,3.24,,0,,17,,0,
https://creditdoc.co/review/wexford-community/,44.82,,0,,17,,0,
https://www.creditdoc.co/best/best-small-business-loans/,70.06,,0,,17,,0,
https://www.creditdoc.co/categories/credit-repair/,22.47,,0,,17,,0,
https://www.creditdoc.co/financial-wellness/pay-for-delete-guide/,69,,0,,17,,0,
https://www.creditdoc.co/review/bank-of-mauston/,53.12,,0,,17,,0,
https://www.creditdoc.co/review/desjardins-bank/,71.06,,0,,17,,0,
https://www.creditdoc.co/review/expree/,37.65,,0,,17,,0,
https://www.creditdoc.co/review/farmers-merchants-bank-miamisburg/,62.18,,0,,17,,0,
https://www.creditdoc.co/review/greater-texas-credit-union/,63.35,,0,,17,,0,
https://www.creditdoc.co/review/ks-statebank/,66.35,,0,,17,,0,
https://www.creditdoc.co/review/lifeline-credit-solutions/,3.71,,0,,17,,0,
https://www.creditdoc.co/review/louies-liquor-ii-check-cashing/,7.94,,0,,17,,0,
https://www.creditdoc.co/review/presto-title-loans-mesa/,70,,0,,17,,0,
https://www.creditdoc.co/review/savage-squad-credit/,1.71,,0,,17,,0,
https://www.creditdoc.co/review/second-chance-personal-loans/,3.35,,0,,17,,0,
https://www.creditdoc.co/review/skyline-payments/,43.65,,0,,17,,0,
https://www.creditdoc.co/review/su-casa-de-cambio/,8.47,,0,,17,,0,
https://www.creditdoc.co/review/the-debt-crushers/,2.53,,0,,17,,0,
https://creditdoc.co/categories/banking/,4.88,,0,,16,,0,
https://creditdoc.co/review/4-wheels-motors-llc-used-cars-omaha-ne-dealer/,6.75,,0,,16,,0,
https://creditdoc.co/review/california-coast/,58,,0,,16,,0,
https://creditdoc.co/review/credit-by-curel/,6.69,,0,,16,,0,
https://creditdoc.co/review/easy-payday-loans/,2.19,,0,,16,,0,
https://creditdoc.co/review/evolve-bank-trust/,66.19,,0,,16,,0,
https://creditdoc.co/review/ferrari-of-miami/,89.13,,0,,16,,0,
https://creditdoc.co/review/ficofinesse/,5.25,,0,,16,,0,
https://creditdoc.co/review/fort-financial/,46.88,,0,,16,,0,
https://creditdoc.co/review/i-fund-cities/,55.63,,0,,16,,0,
https://creditdoc.co/review/ornl/,46.69,,0,,16,,0,
https://creditdoc.co/review/ria-money-transfer-snappy-mart-2/,4.06,,0,,16,,0,
https://creditdoc.co/review/service-first/,76,,0,,16,,0,
https://creditdoc.co/review/suzlo-credit-repair-service-in-las-vegas-nv/,5.5,,0,,16,,0,
https://creditdoc.co/review/swift-title-loans-orlando/,5.25,,0,,16,,0,
https://creditdoc.co/review/united-states-senate/,52.69,,0,,16,,0,
https://creditdoc.co/review/winscott-credit-repair/,3.25,,0,,16,,0,
https://www.creditdoc.co/categories/credit-monitoring/,9.44,,0,,16,,0,
https://www.creditdoc.co/city/decatur-ga/,5.19,,0,,16,,0,
https://www.creditdoc.co/credit-guide/detroit-mi/,5.88,,0,,16,,0,
https://www.creditdoc.co/review/american-debt-counseling-of-mi/,2.75,,0,,16,,0,
https://www.creditdoc.co/review/b-b-pawn-and-gold/,77.69,,0,,16,,0,
https://www.creditdoc.co/review/bank-of-commerce/,67.13,,0,,16,,0,
https://www.creditdoc.co/review/check-into-cash-grove/,48,,0,,16,,0,
https://www.creditdoc.co/review/checksmart-indianapolis/,58.06,,0,,16,,0,
https://www.creditdoc.co/review/christian-credit-counseling-debt-redemption/,87.25,,0,,16,,0,
https://www.creditdoc.co/review/coosa-valley/,26.31,,0,,16,,0,
https://www.creditdoc.co/review/credit-lifter-financial-credit-advisory/,8.94,,0,,16,,0,
https://www.creditdoc.co/review/credit-saint-by-liberty-tax-los-angeles/,7.25,,0,,16,,0,
https://www.creditdoc.co/review/first-national-bullion-del-mar/,54.81,,0,,16,,0,
https://www.creditdoc.co/review/first-united-bank-trust/,63.19,,0,,16,,0,
https://www.creditdoc.co/review/first-united-lending/,43.75,,0,,16,,0,
https://www.creditdoc.co/review/guaranty-bank-and-trust-company/,61.69,,0,,16,,0,
https://www.creditdoc.co/review/jp-dollars-store-plus-check-cashing/,5.75,,0,,16,,0,
https://www.creditdoc.co/review/kitsap/,34.88,,0,,16,,0,
https://www.creditdoc.co/review/maximum-title-loans/,39.44,,0,,16,,0,
https://www.creditdoc.co/review/montana-capital-car-title-loans-houston-tx/,2.13,,0,,16,,0,
https://www.creditdoc.co/review/montana-capital-car-title-loans-memphis/,2.75,,0,,16,,0,
https://www.creditdoc.co/review/mulligan-funding/,63.44,,0,,16,,0,
https://www.creditdoc.co/review/onyx-funding/,61.38,,0,,16,,0,
https://www.creditdoc.co/review/oriental-bank/,38.69,,0,,16,,0,
https://www.creditdoc.co/review/san-diego-credit-repair/,6.19,,0,,16,,0,
https://www.creditdoc.co/review/teach-people-how-educational/,3.94,,0,,16,,0,
https://www.creditdoc.co/review/trax/,64.38,,0,,16,,0,
https://www.creditdoc.co/review/victoria/,48.44,,0,,16,,0,
https://www.creditdoc.co/review/western-union-money-order-only-louisville-ky/,6.88,,0,,16,,0,
https://www.creditdoc.co/review/zing-credit-union/,45.5,,0,,16,,0,
https://creditdoc.co/city/college-park-ga/,2.87,,0,,15,,0,
https://creditdoc.co/review/express-pawn-shop-chula-vista/,55.67,,0,,15,,0,
https://creditdoc.co/review/oconee-state-bank/,42.13,,0,,15,,0,
https://creditdoc.co/review/ria-money-transfer-agent-cleveland/,3.6,,0,,15,,0,
https://creditdoc.co/review/settlementone/,48.33,,0,,15,,0,
https://creditdoc.co/review/the-community-church-of-new-york/,6.2,,0,,15,,0,
https://creditdoc.co/review/vision-financial/,59.2,,0,,15,,0,
https://creditdoc.co/review/what-a-gem/,69.07,,0,,15,,0,
https://www.creditdoc.co/blog/does-paying-rent-build-credit-how-rent-reporting-works/,84.87,,0,,15,,0,
https://www.creditdoc.co/city/midwest-city-ok/,40.33,,0,,15,,0,
https://www.creditdoc.co/credit-guide/columbus-oh/,33,,0,,15,,0,
https://www.creditdoc.co/credit-guide/jacksonville-fl/,3.67,,0,,15,,0,
https://www.creditdoc.co/review/atkins-auto/,2.27,,0,,15,,0,
https://www.creditdoc.co/review/biltmore-loan-and-jewelry-scottsdale/,57.47,,0,,15,,0,
https://www.creditdoc.co/review/cal-payday-loans-thousand-oaks/,1.87,,0,,15,,0,
https://www.creditdoc.co/review/cash-now-fort-worth/,3.73,,0,,15,,0,
https://www.creditdoc.co/review/credit-repair-by-attorney/,5.93,,0,,15,,0,
https://www.creditdoc.co/review/dr-bank/,54.6,,0,,15,,0,
https://www.creditdoc.co/review/eagle-louisiana/,76,,0,,15,,0,
https://www.creditdoc.co/review/express-loans/,30.6,,0,,15,,0,
https://www.creditdoc.co/review/fiduciary-mortgage-loans/,6.8,,0,,15,,0,
https://www.creditdoc.co/review/first-citizens-community-bank/,66.4,,0,,15,,0,
https://www.creditdoc.co/review/foundation/,71.07,,0,,15,,0,
https://www.creditdoc.co/review/iaa/,35.2,,0,,15,,0,
https://www.creditdoc.co/review/kash/,2.4,,0,,15,,0,
https://www.creditdoc.co/review/lendistry/,53.47,,0,,15,,0,
https://www.creditdoc.co/review/local-bank-tuscaloosa/,73.67,,0,,15,,0,
https://www.creditdoc.co/review/montana-capital-car-title-loans-kansas-city/,7.4,,0,,15,,0,
https://www.creditdoc.co/review/municipal-credit-union/,52.4,,0,,15,,0,
https://www.creditdoc.co/review/north-american-savings-bank-fsb/,62.13,,0,,15,,0,
https://www.creditdoc.co/review/optimum-credit-solutions-fast-credit-repair-houston/,4.07,,0,,15,,0,
https://www.creditdoc.co/review/sovita/,47.8,,0,,15,,0,
https://www.creditdoc.co/review/tower-loan-securities/,2.07,,0,,15,,0,
https://www.creditdoc.co/review/traditions-bank/,68.13,,0,,15,,0,
https://www.creditdoc.co/review/us-cash-advance-baltimore/,6.2,,0,,15,,0,
https://www.creditdoc.co/review/western-union-money-order-only-dallas-tx/,10.6,,0,,15,,0,
https://www.creditdoc.co/review/western-union-pittsburgh/,3.47,,0,,15,,0,
https://creditdoc.co/review/alamo-envios-de-dinero-y-cambio-de-cheques-inc-2/,6.57,,0,,14,,0,
https://creditdoc.co/review/cash-cow-new-orleans-la/,44.79,,0,,14,,0,
https://creditdoc.co/review/colorado-credit-union/,60.64,,0,,14,,0,
https://creditdoc.co/review/colorado-housing-assistance-corporation-denver/,66.86,,0,,14,,0,
https://creditdoc.co/review/consumer-credit-counseling-dickson/,1.86,,0,,14,,0,
https://creditdoc.co/review/eagle-bank-glenwood/,69.86,,0,,14,,0,
https://creditdoc.co/review/huron-community-bank/,41,,0,,14,,0,
https://creditdoc.co/review/jetstream/,37,,0,,14,,0,
https://creditdoc.co/review/kirtland/,37.5,,0,,14,,0,
https://creditdoc.co/review/main-street-bank-corp/,50.07,,0,,14,,0,
https://creditdoc.co/review/my-credit-repair-in-columbus-oh/,35.07,,0,,14,,0,
https://creditdoc.co/review/partner-colorado/,50.64,,0,,14,,0,
https://creditdoc.co/review/star-one/,63.57,,0,,14,,0,
https://www.creditdoc.co/categories/debt-relief/,28.43,,0,,14,,0,
https://www.creditdoc.co/city/rock-hill-sc/,76.79,,0,,14,,0,
https://www.creditdoc.co/city/staten-island-new%20york/,88.21,,0,,14,,0,
https://www.creditdoc.co/credit-guide/amarillo-tx/,5.07,,0,,14,,0,
https://www.creditdoc.co/review/5-star-car-title-loans-houston/,2.79,,0,,14,,0,
https://www.creditdoc.co/review/advantageplus-of-indiana/,64,,0,,14,,0,
https://www.creditdoc.co/review/alliant/,57.21,,0,,14,,0,
https://www.creditdoc.co/review/awa-financial-services/,3,,0,,14,,0,
https://www.creditdoc.co/review/cabrillo/,18.5,,0,,14,,0,
https://www.creditdoc.co/review/check-into-cash-colorado-springs-co/,36.86,,0,,14,,0,
https://www.creditdoc.co/review/concora-wabash/,7.21,,0,,14,,0,
https://www.creditdoc.co/review/consumer-credit-counseling-tinley-park/,2.43,,0,,14,,0,
https://www.creditdoc.co/review/credit-repair-network/,5.29,,0,,14,,0,
https://www.creditdoc.co/review/credit-repair-professionals-nashville-tn/,6.21,,0,,14,,0,
https://www.creditdoc.co/review/debt-redemption-debt-relief-arlington-texas/,1.36,,0,,14,,0,
https://www.creditdoc.co/review/fast-cash-pawn-kenner/,54.64,,0,,14,,0,
https://www.creditdoc.co/review/formation/,42.14,,0,,14,,0,
https://www.creditdoc.co/review/housing-consultants-group/,84.71,,0,,14,,0,
https://www.creditdoc.co/review/lending/,6.93,,0,,14,,0,
https://www.creditdoc.co/review/m-m-funding/,9.86,,0,,14,,0,
https://www.creditdoc.co/review/navicore-solutions-manalapan-nj/,43.29,,0,,14,,0,
https://www.creditdoc.co/review/neighbors/,70.71,,0,,14,,0,
https://www.creditdoc.co/review/new-tripoli-bank/,22.43,,0,,14,,0,
https://www.creditdoc.co/review/northeastern-title-loans-wilmington/,62.14,,0,,14,,0,
https://www.creditdoc.co/review/npc-payments-credit-card-processing/,29.93,,0,,14,,0,
https://www.creditdoc.co/review/park-view/,57.93,,0,,14,,0,
https://www.creditdoc.co/review/payment-1-loans-austin/,36.36,,0,,14,,0,
https://www.creditdoc.co/review/priority-trust/,47.71,,0,,14,,0,
https://www.creditdoc.co/review/smyrna-pawn-shop/,59,,0,,14,,0,
https://www.creditdoc.co/review/solarity/,53.07,,0,,14,,0,
https://www.creditdoc.co/review/spirit-of-alaska/,41.29,,0,,14,,0,
https://www.creditdoc.co/review/the-first-state-bank-abernathy/,75.57,,0,,14,,0,
https://www.creditdoc.co/review/tn-quick-cash-hermitage-ohb/,9.64,,0,,14,,0,
https://www.creditdoc.co/review/united-bad-credit-loans/,5.71,,0,,14,,0,
https://www.creditdoc.co/review/west-bank/,81.14,,0,,14,,0,
https://creditdoc.co/review/all-cash-advance/,1.46,,0,,13,,0,
https://creditdoc.co/review/american-consumer-credit-counseling-newton/,58.15,,0,,13,,0,
https://creditdoc.co/review/buckner-checks-cashed/,5.62,,0,,13,,0,
https://creditdoc.co/review/cheque-express/,17.69,,0,,13,,0,
https://creditdoc.co/review/cme/,62,,0,,13,,0,
https://creditdoc.co/review/credit-repair-by-attorney/,2.23,,0,,13,,0,
https://creditdoc.co/review/debt-consolidation-and-credit-counseling-brownsville-texas/,4.31,,0,,13,,0,
https://creditdoc.co/review/drivetime-used-cars-stone-mountain/,48.15,,0,,13,,0,
https://creditdoc.co/review/freedom-of-maryland/,44.92,,0,,13,,0,
https://creditdoc.co/review/international-loans-jewelers/,4.77,,0,,13,,0,
https://creditdoc.co/review/intrepid/,44.92,,0,,13,,0,
https://creditdoc.co/review/loan-for-any-purpose-atlanta/,4,,0,,13,,0,
https://creditdoc.co/review/payday-loans-cash-jacksonville/,3.54,,0,,13,,0,
https://creditdoc.co/review/people-driven/,35.54,,0,,13,,0,
https://creditdoc.co/review/sentinel/,54.38,,0,,13,,0,
https://creditdoc.co/review/the-cash-exchange-auto-pawn/,4.62,,0,,13,,0,
https://creditdoc.co/review/tower-loan-securities/,7.77,,0,,13,,0,
https://creditdoc.co/review/vibrant/,61.92,,0,,13,,0,
https://creditdoc.co/review/xcel/,42.62,,0,,13,,0,
https://www.creditdoc.co/city/bakersfield-ca/,3.31,,0,,13,,0,
https://www.creditdoc.co/review/1st-choice-credit-union/,81,,0,,13,,0,
https://www.creditdoc.co/review/a1-check-cashing-12/,5.38,,0,,13,,0,
https://www.creditdoc.co/review/abnb/,73.15,,0,,13,,0,
https://www.creditdoc.co/review/alliance-niagara/,33.38,,0,,13,,0,
https://www.creditdoc.co/review/american-cash-advance/,73.08,,0,,13,,0,
https://www.creditdoc.co/review/arrow-pawn-jewelry/,63.54,,0,,13,,0,
https://www.creditdoc.co/review/bank-of-western-oklahoma/,65.31,,0,,13,,0,
https://www.creditdoc.co/review/bridge-consolidation/,27.08,,0,,13,,0,
https://www.creditdoc.co/review/century/,45.92,,0,,13,,0,
https://www.creditdoc.co/review/chief-financial/,51.54,,0,,13,,0,
https://www.creditdoc.co/review/community-first/,76.69,,0,,13,,0,
https://www.creditdoc.co/review/credit-repair-usa/,2.62,,0,,13,,0,
https://www.creditdoc.co/review/credit-repair/,2.38,,0,,13,,0,
https://www.creditdoc.co/review/crossroads-financial/,68.46,,0,,13,,0,
https://www.creditdoc.co/review/cu-hawaii/,74.69,,0,,13,,0,
https://www.creditdoc.co/review/eazzy-group/,4.08,,0,,13,,0,
https://www.creditdoc.co/review/el-bori-cr/,13.62,,0,,13,,0,
https://www.creditdoc.co/review/estelas-store-alex-check-cashing/,5.46,,0,,13,,0,
https://www.creditdoc.co/review/evergreen-federal-bank/,60.85,,0,,13,,0,
https://www.creditdoc.co/review/farmers-bank-trust-atwood/,57.62,,0,,13,,0,
https://www.creditdoc.co/review/first-state-bank-of-livingston/,74.23,,0,,13,,0,
https://www.creditdoc.co/review/glenwood-state-bank-incorporated/,60,,0,,13,,0,
https://www.creditdoc.co/review/global-innovations-bank/,59.54,,0,,13,,0,
https://www.creditdoc.co/review/greenville-national-bank/,62.08,,0,,13,,0,
https://www.creditdoc.co/review/help-my-scores/,6.62,,0,,13,,0,
https://www.creditdoc.co/review/instaloan-tampa-fl/,52.15,,0,,13,,0,
https://www.creditdoc.co/review/keylias-fintech-solutions/,3.08,,0,,13,,0,
https://www.creditdoc.co/review/level-10-credit-repair/,4.31,,0,,13,,0,
https://www.creditdoc.co/review/money-exchange-hernandez/,13.46,,0,,13,,0,
https://www.creditdoc.co/review/northpointe-bank/,51.62,,0,,13,,0,
https://www.creditdoc.co/review/numerica/,56.38,,0,,13,,0,
https://www.creditdoc.co/review/ria-money-transfer-el-mezquite-check-cashing-albuquerque/,3.15,,0,,13,,0,
https://www.creditdoc.co/review/seattle-metropolitan/,55.38,,0,,13,,0,
https://www.creditdoc.co/review/space-coast-credit-union-bird-road-miami-fl/,37.62,,0,,13,,0,
https://www.creditdoc.co/review/space-coast-credit-union-miami-fl/,47.62,,0,,13,,0,
https://www.creditdoc.co/review/star-loan-centers-las-vegas-gold-buyer/,71,,0,,13,,0,
https://www.creditdoc.co/review/suburban-exchange/,15,,0,,13,,0,
https://www.creditdoc.co/review/think-debt-relief/,5,,0,,13,,0,
https://www.creditdoc.co/review/three-rivers/,53.31,,0,,13,,0,
https://www.creditdoc.co/review/town-square-mortgage/,53.69,,0,,13,,0,
https://www.creditdoc.co/review/transportation-alliance-bank-inc-dba-tab-bank/,68.15,,0,,13,,0,
https://www.creditdoc.co/review/trumark-financial/,70.31,,0,,13,,0,
https://www.creditdoc.co/review/uncle-dans-pawn-shop-east-dallas/,50.77,,0,,13,,0,
https://www.creditdoc.co/review/us-metro-bank/,80.08,,0,,13,,0,
https://www.creditdoc.co/review/western-union-money-order-only-los-angeles-ca/,2.15,,0,,13,,0,
https://www.creditdoc.co/review/winsouth/,47.62,,0,,13,,0,
https://creditdoc.co/review/alamo-envios-de-dinero-y-cambio-de-cheques-3/,5.08,,0,,12,,0,
https://creditdoc.co/review/amigo-cash-forest-hill/,7.58,,0,,12,,0,
https://creditdoc.co/review/check-into-cash-bakersfield/,68.33,,0,,12,,0,
https://creditdoc.co/review/credit-restoration-of-texas/,14.92,,0,,12,,0,
https://creditdoc.co/review/cs-credit-union/,85.75,,0,,12,,0,
https://creditdoc.co/review/dolex-dollar-express-mesa-az/,43.92,,0,,12,,0,
https://creditdoc.co/review/mercedes-benz-of-seattle/,62.08,,0,,12,,0,
https://creditdoc.co/review/national-funding/,73.5,,0,,12,,0,
https://creditdoc.co/review/national-pawn-jewelry/,56.67,,0,,12,,0,
https://creditdoc.co/review/regional-finance-oklahoma-city/,50.58,,0,,12,,0,
https://creditdoc.co/review/sesloc/,31.75,,0,,12,,0,
https://creditdoc.co/review/superb-cash-advance-orlando/,7.58,,0,,12,,0,
https://creditdoc.co/review/tampa-gun-and-pawn/,70.25,,0,,12,,0,
https://creditdoc.co/review/the-bank-of-romney/,46.42,,0,,12,,0,
https://creditdoc.co/review/unity-one/,75.67,,0,,12,,0,
https://creditdoc.co/review/valley-one-community/,72.83,,0,,12,,0,
https://creditdoc.co/review/veterans-civilian-credit-restoration/,5,,0,,12,,0,
https://creditdoc.co/review/vigo-austin-tx/,8.67,,0,,12,,0,
https://www.creditdoc.co/about/,16.67,,0,,12,,0,
https://www.creditdoc.co/city/brooklyn-new%20york/,6.25,,0,,12,,0,
https://www.creditdoc.co/city/haltom-city-texas/,63,,0,,12,,0,
https://www.creditdoc.co/credit-guide/arlington-tx/credit-repair/,14.33,,0,,12,,0,
https://www.creditdoc.co/review/approved-mortgage-corporation/,87.58,,0,,12,,0,
https://www.creditdoc.co/review/associated-credit-union-of-texas/,55.33,,0,,12,,0,
https://www.creditdoc.co/review/austin-telco/,61.33,,0,,12,,0,
https://www.creditdoc.co/review/bay-atlantic/,44.92,,0,,12,,0,
https://www.creditdoc.co/review/cambio-express/,27.25,,0,,12,,0,
https://www.creditdoc.co/review/capital-payday-loans/,2.58,,0,,12,,0,
https://www.creditdoc.co/review/central-bad-credit-loans-oklahoma-city/,19.58,,0,,12,,0,
https://www.creditdoc.co/review/check-into-cash-lexington/,37.42,,0,,12,,0,
https://www.creditdoc.co/review/colonial-savings-fa/,71.67,,0,,12,,0,
https://www.creditdoc.co/review/commercial-real-estate-loans-usa/,4.75,,0,,12,,0,
https://www.creditdoc.co/review/credit-roadrunner-credit-repair-dallas-credit-repair-company-to-fix-your-credit/,4.5,,0,,12,,0,
https://www.creditdoc.co/review/dream-first-bank/,47.58,,0,,12,,0,
https://www.creditdoc.co/review/eclipse-bank-inc/,35.92,,0,,12,,0,
https://www.creditdoc.co/review/expedition/,51.75,,0,,12,,0,
https://www.creditdoc.co/review/fast-payday-loans-cash-chicago/,5.42,,0,,12,,0,
https://www.creditdoc.co/review/franklin-state-bank-trust-company/,62.33,,0,,12,,0,
https://www.creditdoc.co/review/gecu/,57.08,,0,,12,,0,
https://www.creditdoc.co/review/great-central-mortgage-acceptance-co/,3.33,,0,,12,,0,
https://www.creditdoc.co/review/inroads/,39.5,,0,,12,,0,
https://www.creditdoc.co/review/loan-for-any-purpose-fort-worth/,4.42,,0,,12,,0,
https://www.creditdoc.co/review/loanmax-title-loans-las-vegas/,8.75,,0,,12,,0,
https://www.creditdoc.co/review/los-angeles-ldc/,1.67,,0,,12,,0,
https://www.creditdoc.co/review/max-cash-advance-newark/,4.67,,0,,12,,0,
https://www.creditdoc.co/review/mercer-county-community/,62.25,,0,,12,,0,
https://www.creditdoc.co/review/moneygram-del-valle-tx/,6.08,,0,,12,,0,
https://www.creditdoc.co/review/montana-capital-car-title-loans-norman-ok/,3.42,,0,,12,,0,
https://www.creditdoc.co/review/nsc-naca-counseling-subsidiary-san-antonio-tx/,6.08,,0,,12,,0,
https://www.creditdoc.co/review/one-stop-money-shop/,11.5,,0,,12,,0,
https://www.creditdoc.co/review/open-door-credit-agency/,4.25,,0,,12,,0,
https://www.creditdoc.co/review/optimum-credit-solutions-fix-my-credit-scores-credit-repair/,2.5,,0,,12,,0,
https://www.creditdoc.co/review/orlandi-valuta-dallas/,2.92,,0,,12,,0,
https://www.creditdoc.co/review/orlandi-valuta-san-jose-ca/,46.92,,0,,12,,0,
https://www.creditdoc.co/review/point-breeze/,62.75,,0,,12,,0,
https://www.creditdoc.co/review/prime-cash-advance-loans/,3.75,,0,,12,,0,
https://www.creditdoc.co/review/rbc-bank-georgia/,40.33,,0,,12,,0,
https://www.creditdoc.co/review/sagesure/,75.17,,0,,12,,0,
https://www.creditdoc.co/review/senor-check-cashing-27/,4.17,,0,,12,,0,
https://www.creditdoc.co/review/slimtims-creditrepair/,3.92,,0,,12,,0,
https://www.creditdoc.co/review/south-bay/,59.58,,0,,12,,0,
https://www.creditdoc.co/review/texas-exchange-bank/,54.33,,0,,12,,0,
https://www.creditdoc.co/review/the-cash-exchange-pawnbrokers/,54.67,,0,,12,,0,
https://www.creditdoc.co/review/the-community-firm-dba-community-economic-defense-project-cedp-colorado-springs/,68.08,,0,,12,,0,
https://www.creditdoc.co/review/the-payday-loan-store/,5,,0,,12,,0,
https://www.creditdoc.co/review/titlemax-title-pawns-forest-park/,50.08,,0,,12,,0,
https://www.creditdoc.co/review/usa-checks-cashed/,3.67,,0,,12,,0,
https://www.creditdoc.co/review/western-sun/,44.67,,0,,12,,0,
https://www.creditdoc.co/review/westex-community/,59.08,,0,,12,,0,
https://www.creditdoc.co/review/wildfire/,57.75,,0,,12,,0,
https://creditdoc.co/review/750-credit-repair-philadelphia-pa/,4.91,,0,,11,,0,
https://creditdoc.co/review/allied-loan/,27.91,,0,,11,,0,
https://creditdoc.co/review/asap-credit-repair/,39.45,,0,,11,,0,
https://creditdoc.co/review/bank-of-bartlett/,60.18,,0,,11,,0,
https://creditdoc.co/review/bank-of-franklin/,52.55,,0,,11,,0,
https://creditdoc.co/review/bayer-heritage/,55.36,,0,,11,,0,
https://creditdoc.co/review/cash-loans-car-titles/,3,,0,,11,,0,
https://creditdoc.co/review/consumer-credit-capital-credit-repair/,6.27,,0,,11,,0,
https://creditdoc.co/review/debt-redemption-debt-relief-arlington-texas/,1.64,,0,,11,,0,
https://creditdoc.co/review/education-personnel/,62.18,,0,,11,,0,
https://creditdoc.co/review/fair-trade-outlet/,48.73,,0,,11,,0,
https://creditdoc.co/review/gbc-finance/,59.45,,0,,11,,0,
https://creditdoc.co/review/good-rate-loans-los-angeles/,3.36,,0,,11,,0,
https://creditdoc.co/review/hughes/,68.45,,0,,11,,0,
https://creditdoc.co/review/lawsuit-cash-247/,11.55,,0,,11,,0,
https://creditdoc.co/review/lirys-pawn/,5.36,,0,,11,,0,
https://creditdoc.co/review/loan-for-any-purpose-kansas-city-mo/,5.64,,0,,11,,0,
https://creditdoc.co/review/mcs-bank/,49.09,,0,,11,,0,
https://creditdoc.co/review/modern-loan/,38.18,,0,,11,,0,
https://creditdoc.co/review/quick-cash-funds-national-city/,9.55,,0,,11,,0,
https://creditdoc.co/review/settle-our-debt/,6.64,,0,,11,,0,
https://creditdoc.co/review/stonewood-funding/,37.27,,0,,11,,0,
https://creditdoc.co/review/tendto/,53.64,,0,,11,,0,
https://creditdoc.co/review/the-citizens-bank-of-clovis/,77.82,,0,,11,,0,
https://creditdoc.co/review/the-citizens-first-national-bank-of-storm-lake/,69.45,,0,,11,,0,
https://creditdoc.co/review/the-ivy-league-solutions/,4.73,,0,,11,,0,
https://creditdoc.co/review/the-trust-bank/,74.09,,0,,11,,0,
https://creditdoc.co/review/van-nuys-pawn-shop-by-maxferd/,74.82,,0,,11,,0,
https://creditdoc.co/review/vanderbilt/,47.64,,0,,11,,0,
https://creditdoc.co/review/wafd-bank-seattle/,66.27,,0,,11,,0,
https://creditdoc.co/review/west-branch-valley/,42.82,,0,,11,,0,
https://www.creditdoc.co/review/5-star-community/,34.73,,0,,11,,0,
https://www.creditdoc.co/review/aa-credit-union/,21.73,,0,,11,,0,
https://www.creditdoc.co/review/ace-cash-express-virginia-beach-va/,47.64,,0,,11,,0,
https://www.creditdoc.co/review/ally-bank/,14.64,,0,,11,,0,
https://www.creditdoc.co/review/american-trust-and-savings-bank/,80.73,,0,,11,,0,
https://www.creditdoc.co/review/americas/,68.27,,0,,11,,0,
https://www.creditdoc.co/review/arapahoe/,42,,0,,11,,0,
https://www.creditdoc.co/review/ashland/,48.45,,0,,11,,0,
https://www.creditdoc.co/review/blue-gate-capital/,66.64,,0,,11,,0,
https://www.creditdoc.co/review/canvas-credit-union-dia-branch/,57.73,,0,,11,,0,
https://www.creditdoc.co/review/cardconnect-paradise/,79.09,,0,,11,,0,
https://www.creditdoc.co/review/cash-credit/,64.27,,0,,11,,0,
https://www.creditdoc.co/review/cash-express-of-mwc/,5.27,,0,,11,,0,
https://www.creditdoc.co/review/ceda-of-cook-county-inc/,76.55,,0,,11,,0,
https://www.creditdoc.co/review/checkchangers-currency-exchange-car-title/,8.45,,0,,11,,0,
https://www.creditdoc.co/review/citizens-bank-of-ada/,61.18,,0,,11,,0,
https://www.creditdoc.co/review/cmg-home-loans-andrew-w-reid/,6.36,,0,,11,,0,
https://www.creditdoc.co/review/consumer-credit-counseling-arlington-heights/,4,,0,,11,,0,
https://www.creditdoc.co/review/credex-auto-title-loans-orlando/,2.09,,0,,11,,0,
https://www.creditdoc.co/review/credit-done-right/,56.55,,0,,11,,0,
https://www.creditdoc.co/review/debt-redemption-texas-debt-relief/,19,,0,,11,,0,
https://www.creditdoc.co/review/debtvantage/,4.27,,0,,11,,0,
https://www.creditdoc.co/review/debtwave-credit-counseling/,58.18,,0,,11,,0,
https://www.creditdoc.co/review/detroit-jewelry-loan/,32,,0,,11,,0,
https://www.creditdoc.co/review/dollar-loan-center-las-vegas-nv/,1.64,,0,,11,,0,
https://www.creditdoc.co/review/easy-payday-loans-fresno/,2.18,,0,,11,,0,
https://www.creditdoc.co/review/evergreendirect/,41.64,,0,,11,,0,
https://www.creditdoc.co/review/fast-auto-loans-tucson-az/,70.91,,0,,11,,0,
https://www.creditdoc.co/review/florida-business-development-corporation/,56.64,,0,,11,,0,
https://www.creditdoc.co/review/gk-united-credit-repair/,12.64,,0,,11,,0,
https://www.creditdoc.co/review/imperial-ethics-credit-repair/,4,,0,,11,,0,
https://www.creditdoc.co/review/joyeria-empe%C3%B1os/,3.36,,0,,11,,0,
https://www.creditdoc.co/review/jp-check-cashing-east-chicago/,8.82,,0,,11,,0,
https://www.creditdoc.co/review/la-porte-community/,59.64,,0,,11,,0,
https://www.creditdoc.co/review/lendnation-las-vegas/,4.18,,0,,11,,0,
https://www.creditdoc.co/review/membersfirst-credit-union/,47.55,,0,,11,,0,
https://www.creditdoc.co/review/mountain-west-cu-associates/,5,,0,,11,,0,
https://www.creditdoc.co/review/oconee-federal-savings-and-loan-association/,59.64,,0,,11,,0,
https://www.creditdoc.co/review/orca-home-loans/,15.27,,0,,11,,0,
https://www.creditdoc.co/review/payday-loans-cash-pittsburgh/,2.73,,0,,11,,0,
https://www.creditdoc.co/review/payomatic/,30.18,,0,,11,,0,
https://www.creditdoc.co/review/regal-credit-management/,43.36,,0,,11,,0,
https://www.creditdoc.co/review/ria-money-transfer-el-mezquite-check-cashing/,4.27,,0,,11,,0,
https://www.creditdoc.co/review/savvy-loans/,11,,0,,11,,0,
https://www.creditdoc.co/review/sharon-bank/,47.91,,0,,11,,0,
https://www.creditdoc.co/review/smart-pawn/,49.36,,0,,11,,0,
https://www.creditdoc.co/review/speedy-cash-arlington/,73.45,,0,,11,,0,
https://www.creditdoc.co/review/sunshine-credit/,5.36,,0,,11,,0,
https://www.creditdoc.co/review/the-commercial-bank/,72.36,,0,,11,,0,
https://www.creditdoc.co/review/the-fnb-community-bank/,70.09,,0,,11,,0,
https://www.creditdoc.co/review/timeless-credit-solutions/,4.18,,0,,11,,0,
https://www.creditdoc.co/review/total-check-cashing/,4.18,,0,,11,,0,
https://www.creditdoc.co/review/total-choice/,63.64,,0,,11,,0,
https://www.creditdoc.co/review/trans-lending-corporation/,5.55,,0,,11,,0,
https://www.creditdoc.co/review/uptown-mortgage/,23,,0,,11,,0,
https://www.creditdoc.co/review/us-best-credit-solutions/,56.64,,0,,11,,0,
https://www.creditdoc.co/review/we-fix-credit-see-results-45-days-or-less/,10.36,,0,,11,,0,
https://www.creditdoc.co/review/wells-fargo-bank-long-island-city/,45.18,,0,,11,,0,
https://www.creditdoc.co/review/western-union-money-order-only-san-antonio/,8.91,,0,,11,,0,
https://www.creditdoc.co/review/whalum/,2.27,,0,,11,,0,
https://www.creditdoc.co/review/woodmen/,63.91,,0,,11,,0,
https://www.creditdoc.co/review/modern-bank/,7.6,,1,,10,,10,
https://creditdoc.co/review/blue-eagle/,41.6,,0,,10,,0,
https://creditdoc.co/review/central-bank-tampa/,61.1,,0,,10,,0,
https://creditdoc.co/review/chelsea-employees/,46.3,,0,,10,,0,
https://creditdoc.co/review/envios-de-dinero-cambio-de-cheques-check-cashing-sigue-vip-dinero/,1.2,,0,,10,,0,
https://creditdoc.co/review/everwise/,58,,0,,10,,0,
https://creditdoc.co/review/finance-factors-ltd/,61.5,,0,,10,,0,
https://creditdoc.co/review/first-trust/,65.8,,0,,10,,0,
https://creditdoc.co/review/greater-metro-federal-credit-union/,51.1,,0,,10,,0,
https://creditdoc.co/review/homewise-inc/,64,,0,,10,,0,
https://creditdoc.co/review/loan-for-any-purpose-omaha/,8.2,,0,,10,,0,
https://creditdoc.co/review/metro-north/,77.2,,0,,10,,0,
https://creditdoc.co/review/midland-credit-management-phoenix/,68.1,,0,,10,,0,
https://creditdoc.co/review/midwest-family/,67.6,,0,,10,,0,
https://creditdoc.co/review/moneysharp-credit-counseling/,32.6,,0,,10,,0,
https://creditdoc.co/review/oregon-city-coin-jewelry/,49,,0,,10,,0,
https://creditdoc.co/review/red-river-credit-corporation/,39.2,,0,,10,,0,
https://creditdoc.co/review/roswell-community/,58.5,,0,,10,,0,
https://creditdoc.co/review/security-finance/,51.6,,0,,10,,0,
https://creditdoc.co/review/southbridge/,45.1,,0,,10,,0,
https://creditdoc.co/review/st-marys/,61.6,,0,,10,,0,
https://creditdoc.co/review/the-bank-of-new-york-mellon-trust-company/,88.5,,0,,10,,0,
https://creditdoc.co/review/the-lending-group/,83.3,,0,,10,,0,
https://creditdoc.co/review/tigard-pawn-4-more/,52.8,,0,,10,,0,
https://creditdoc.co/review/valley-bank-of-commerce/,77.2,,0,,10,,0,
https://creditdoc.co/review/we-buy-everything-pawn-shop-city-ave/,15.8,,0,,10,,0,
https://creditdoc.co/review/west-valley-pawn-gold/,82.5,,0,,10,,0,
https://www.creditdoc.co/,9.9,,0,,10,,0,
https://www.creditdoc.co/answers/how-to-get-an-sba-loan/,58.2,,0,,10,,0,
https://www.creditdoc.co/best/best-sba-loans/,43.1,,0,,10,,0,
https://www.creditdoc.co/city/bronx-ny/,14.4,,0,,10,,0,
https://www.creditdoc.co/city/nashville-tennessee/,3.8,,0,,10,,0,
https://www.creditdoc.co/city/santa-clara-ca/,8.5,,0,,10,,0,
https://www.creditdoc.co/credit-guide/amarillo-tx/atm/,61.5,,0,,10,,0,
https://www.creditdoc.co/review/850-credit-repair/,10.8,,0,,10,,0,
https://www.creditdoc.co/review/all-california-business-loan-agency/,4.5,,0,,10,,0,
https://www.creditdoc.co/review/almost-a-bank-in-n-out-loans/,12.8,,0,,10,,0,
https://www.creditdoc.co/review/arizona-diamonds-gold/,20.9,,0,,10,,0,
https://www.creditdoc.co/review/ascent-bank/,50.7,,0,,10,,0,
https://www.creditdoc.co/review/assurant/,46.6,,0,,10,,0,
https://www.creditdoc.co/review/atlas-loans/,78.8,,0,,10,,0,
https://www.creditdoc.co/review/auto-title-loans-wilmington-inc-by-iloan/,3.4,,0,,10,,0,
https://www.creditdoc.co/review/bank-of-india/,60.6,,0,,10,,0,
https://www.creditdoc.co/review/bankorion/,73.4,,0,,10,,0,
https://www.creditdoc.co/review/business-debt-mediation-helping-small-businesses-avoid-bankruptcy-best-debt-settlement-company-corporate-debt-restructuring/,1.8,,0,,10,,0,
https://www.creditdoc.co/review/carolinas-telco/,52.7,,0,,10,,0,
https://www.creditdoc.co/review/cash-box-pawn/,6.8,,0,,10,,0,
https://www.creditdoc.co/review/check-cashing-celys-casa-de-cambio/,5.8,,0,,10,,0,
https://www.creditdoc.co/review/check-into-cash-murfreesboro/,38.1,,0,,10,,0,
https://www.creditdoc.co/review/climate-first-bank/,6.8,,0,,10,,0,
https://www.creditdoc.co/review/community-1st-bank-las-vegas/,81.1,,0,,10,,0,
https://www.creditdoc.co/review/cport/,37.8,,0,,10,,0,
https://www.creditdoc.co/review/debt-consolidation-us/,1.3,,0,,10,,0,
https://www.creditdoc.co/review/e-pawn-atlanta/,41.6,,0,,10,,0,
https://www.creditdoc.co/review/embold/,32.3,,0,,10,,0,
https://www.creditdoc.co/review/espeeco/,37,,0,,10,,0,
https://www.creditdoc.co/review/financial-partners/,60.4,,0,,10,,0,
https://www.creditdoc.co/review/freedom-home-loans/,10.1,,0,,10,,0,
https://www.creditdoc.co/review/hidden-credit-secrets/,3.3,,0,,10,,0,
https://www.creditdoc.co/review/ideal-pawn-and-jewelry/,72.2,,0,,10,,0,
https://www.creditdoc.co/review/indiana-heartland/,61.4,,0,,10,,0,
https://www.creditdoc.co/review/indy-auto-finance/,73,,0,,10,,0,
https://www.creditdoc.co/review/interline-internet/,2,,0,,10,,0,
https://www.creditdoc.co/review/jacksonville-hard-money-lenders/,1.3,,0,,10,,0,
https://www.creditdoc.co/review/justice-finance-dallas/,47.1,,0,,10,,0,
https://www.creditdoc.co/review/kennett-trust-bank/,53.3,,0,,10,,0,
https://www.creditdoc.co/review/larry-minutillo-mortgage-lender-first-american-bank/,13.4,,0,,10,,0,
https://www.creditdoc.co/review/lee-bank/,55.2,,0,,10,,0,
https://www.creditdoc.co/review/liberty-loans/,25,,0,,10,,0,
https://www.creditdoc.co/review/mainstreet/,36,,0,,10,,0,
https://www.creditdoc.co/review/mariner-finance/,43,,0,,10,,0,
https://www.creditdoc.co/review/midland-credit-management-phoenix/,53.7,,0,,10,,0,
https://www.creditdoc.co/review/murfreesboro-fast-cash-payday-loans-title-loans-cash-advances-and-check-advances/,59.6,,0,,10,,0,
https://www.creditdoc.co/review/naca-north-miami/,26.9,,0,,10,,0,
https://www.creditdoc.co/review/neighborworks-great-falls/,51.7,,0,,10,,0,
https://www.creditdoc.co/review/park-place-finance-austin-mortgage-lender/,50,,0,,10,,0,
https://www.creditdoc.co/review/payday-loans-cash-atlanta/,5.1,,0,,10,,0,
https://www.creditdoc.co/review/people-driven/,36.7,,0,,10,,0,
https://www.creditdoc.co/review/quick-lending/,5.9,,0,,10,,0,
https://www.creditdoc.co/review/right-way-financials/,5.8,,0,,10,,0,
https://www.creditdoc.co/review/royal-blue-financial-services/,5.3,,0,,10,,0,
https://www.creditdoc.co/review/salmon-bay-community-lending/,32.2,,0,,10,,0,
https://www.creditdoc.co/review/sam-check-cashing-machine-columbus/,4.7,,0,,10,,0,
https://www.creditdoc.co/review/security-credit-union/,39,,0,,10,,0,
https://www.creditdoc.co/review/smith-financials/,51.2,,0,,10,,0,
https://www.creditdoc.co/review/southwest-title-loans-glendale/,70.1,,0,,10,,0,
https://www.creditdoc.co/review/summit-state-bank/,50.6,,0,,10,,0,
https://www.creditdoc.co/review/tidal-loans/,45.3,,0,,10,,0,
https://www.creditdoc.co/review/titan-bank/,62.1,,0,,10,,0,
https://www.creditdoc.co/review/titan-payday-loans-plano/,40.2,,0,,10,,0,
https://www.creditdoc.co/review/titlemax-title-loans-south-houston/,58.8,,0,,10,,0,
https://www.creditdoc.co/review/tucson/,40.6,,0,,10,,0,
https://www.creditdoc.co/review/university-of-va-community-cu/,71.5,,0,,10,,0,
https://www.creditdoc.co/review/vantage-trust/,57,,0,,10,,0,
https://www.creditdoc.co/review/visions/,53.6,,0,,10,,0,
https://www.creditdoc.co/review/wailuku/,35.3,,0,,10,,0,
https://www.creditdoc.co/review/western-union-money-order-only-san-antonio-tx/,7.1,,0,,10,,0,
https://creditdoc.co/review/arrow-loan/,76.11,,0,,9,,0,
https://creditdoc.co/review/atm-casco-check-cashing/,5.11,,0,,9,,0,
https://creditdoc.co/review/byrider-san-antonio-west/,63.67,,0,,9,,0,
https://creditdoc.co/review/check-n-go-sterling-heights/,5.89,,0,,9,,0,
https://creditdoc.co/review/codigo-postal-envios-de-dinero/,7.22,,0,,9,,0,
https://creditdoc.co/review/community-mortgage/,68.89,,0,,9,,0,
https://creditdoc.co/review/credit-repair-dispute-experts/,2.44,,0,,9,,0,
https://creditdoc.co/review/express-mart-check-cashing/,7.11,,0,,9,,0,
https://creditdoc.co/review/first-community-cu-of-beloit/,75,,0,,9,,0,
https://creditdoc.co/review/genesis-bank/,70.33,,0,,9,,0,
https://creditdoc.co/review/guardian/,67.33,,0,,9,,0,
https://creditdoc.co/review/ih-credit-union-inc/,36.11,,0,,9,,0,
https://creditdoc.co/review/loandepot-new-york/,6.44,,0,,9,,0,
https://creditdoc.co/review/mariner-finance-raleigh/,21.56,,0,,9,,0,
https://creditdoc.co/review/mesquite/,67.56,,0,,9,,0,
https://creditdoc.co/review/midwest-america/,93.78,,0,,9,,0,
https://creditdoc.co/review/montana-capital-car-title-loans-oklahoma-city-ok/,7.44,,0,,9,,0,
https://creditdoc.co/review/my-financing-usa/,42.89,,0,,9,,0,
https://creditdoc.co/review/net-debt/,20.67,,0,,9,,0,
https://creditdoc.co/review/patterson-state-bank/,40.78,,0,,9,,0,
https://creditdoc.co/review/point-breeze/,57.56,,0,,9,,0,
https://creditdoc.co/review/revolution-mortgage/,8.67,,0,,9,,0,
https://creditdoc.co/review/rolls-royce-motor-cars-manhattan/,87.11,,0,,9,,0,
https://creditdoc.co/review/sata-paydaya-fundsa/,1.22,,0,,9,,0,
https://creditdoc.co/review/stewart-title-of-oklahoma-inc-okc-title/,67.67,,0,,9,,0,
https://creditdoc.co/review/union-pacific-employees/,70.67,,0,,9,,0,
https://creditdoc.co/review/us-national-credit-solutions/,7.56,,0,,9,,0,
https://creditdoc.co/review/workers/,64.22,,0,,9,,0,
https://www.creditdoc.co/blog/is-experian-boost-worth-it-real-results-after-6-months/,45,,0,,9,,0,
https://www.creditdoc.co/categories/insurance/,10.22,,0,,9,,0,
https://www.creditdoc.co/city/duncanville-texas/,62.22,,0,,9,,0,
https://www.creditdoc.co/city/seattle-wa/,4.22,,0,,9,,0,
https://www.creditdoc.co/credit-guide/amarillo-tx/credit-monitoring/,4.78,,0,,9,,0,
https://www.creditdoc.co/credit-guide/austin-tx/credit-repair/,36.89,,0,,9,,0,
https://www.creditdoc.co/review/1199-seiu-federal-cu/,84.33,,0,,9,,0,
https://www.creditdoc.co/review/absolute-mortgage-lending/,67.89,,0,,9,,0,
https://www.creditdoc.co/review/accept-credit-cards-and-merchant-accounts-ndms/,6.89,,0,,9,,0,
https://www.creditdoc.co/review/american-consumer-credit-counseling/,58.33,,0,,9,,0,
https://www.creditdoc.co/review/asap-finance/,75.89,,0,,9,,0,
https://www.creditdoc.co/review/atlanta-check-cashing/,7.33,,0,,9,,0,
https://www.creditdoc.co/review/boom-pay/,51.56,,0,,9,,0,
https://www.creditdoc.co/review/capital-educators/,29.33,,0,,9,,0,
https://www.creditdoc.co/review/cash-1-loans-henderson/,48.56,,0,,9,,0,
https://www.creditdoc.co/review/check-into-cash-oklahoma-city/,18.22,,0,,9,,0,
https://www.creditdoc.co/review/checks-cashed-1/,66.89,,0,,9,,0,
https://www.creditdoc.co/review/checksmart-columbus/,57.44,,0,,9,,0,
https://www.creditdoc.co/review/credit-counseling-san-antonio-increase-your-credit-scores/,6.44,,0,,9,,0,
https://www.creditdoc.co/review/fd-community/,42.22,,0,,9,,0,
https://www.creditdoc.co/review/first-convenience-bank-dallas/,3.11,,0,,9,,0,
https://www.creditdoc.co/review/first-sentinel-bank/,52,,0,,9,,0,
https://www.creditdoc.co/review/get-loans-usa/,3,,0,,9,,0,
https://www.creditdoc.co/review/greenfield-banking-company/,68.22,,0,,9,,0,
https://www.creditdoc.co/review/hudson-river-community/,10.89,,0,,9,,0,
https://www.creditdoc.co/review/jsc/,54.78,,0,,9,,0,
https://www.creditdoc.co/review/langley/,54.22,,0,,9,,0,
https://www.creditdoc.co/review/legacy-jewelry-loans/,86.89,,0,,9,,0,
https://www.creditdoc.co/review/lincoln-county/,20,,0,,9,,0,
https://www.creditdoc.co/review/lincoln-maine/,41.56,,0,,9,,0,
https://www.creditdoc.co/review/lm/,52.33,,0,,9,,0,
https://www.creditdoc.co/review/loan-for-any-purpose-mesa/,5.33,,0,,9,,0,
https://www.creditdoc.co/review/maclean-credit-repair/,1.44,,0,,9,,0,
https://www.creditdoc.co/review/maine-family/,46.11,,0,,9,,0,
https://www.creditdoc.co/review/n-c-p-d/,46.44,,0,,9,,0,
https://www.creditdoc.co/review/naca-houses/,32.11,,0,,9,,0,
https://www.creditdoc.co/review/nashville-finance/,58.33,,0,,9,,0,
https://www.creditdoc.co/review/optimal-personal-loans-colorado-springs/,2,,0,,9,,0,
https://www.creditdoc.co/review/pacific-cascade/,53.78,,0,,9,,0,
https://www.creditdoc.co/review/parks-heritage/,5.44,,0,,9,,0,
https://www.creditdoc.co/review/pawn-shop-bronx/,3.78,,0,,9,,0,
https://www.creditdoc.co/review/riverwalk-credit-solutions/,4.56,,0,,9,,0,
https://www.creditdoc.co/review/the-campbell-fetter-bank/,57.11,,0,,9,,0,
https://www.creditdoc.co/review/the-loan-depot/,1.44,,0,,9,,0,
https://www.creditdoc.co/review/the-merchants-citizens-bank/,72.56,,0,,9,,0,
https://www.creditdoc.co/review/washington-financial-bank/,78,,0,,9,,0,
https://www.creditdoc.co/review/western-union-indianapolis-in/,49.11,,0,,9,,0,
https://www.creditdoc.co/review/western-union-portland/,3.89,,0,,9,,0,
https://www.creditdoc.co/review/woodsfield-savings-bank/,40.78,,0,,9,,0,
https://www.creditdoc.co/review/you-need-great-credit/,6.33,,0,,9,,0,
https://creditdoc.co/city/detroit-michigan/,6.25,,0,,8,,0,
https://creditdoc.co/review/5-star-car-title-loans-westfield/,4.75,,0,,8,,0,
https://creditdoc.co/review/a1-gold-run/,7.63,,0,,8,,0,
https://creditdoc.co/review/andrews-federal-credit-union/,55.88,,0,,8,,0,
https://creditdoc.co/review/california-coast-credit-union-university-city-branch/,40.75,,0,,8,,0,
https://creditdoc.co/review/casco/,49.88,,0,,8,,0,
https://creditdoc.co/review/cedar-point/,80.63,,0,,8,,0,
https://creditdoc.co/review/check-into-cash-louisville-ky/,54.5,,0,,8,,0,
https://creditdoc.co/review/chicago-firemans-assoc/,7.75,,0,,8,,0,
https://creditdoc.co/review/credit-haven-loans/,3.25,,0,,8,,0,
https://creditdoc.co/review/cse/,52.5,,0,,8,,0,
https://creditdoc.co/review/direct/,62.88,,0,,8,,0,
https://creditdoc.co/review/first-security-bank-of-deer-lodge/,76.25,,0,,8,,0,
https://creditdoc.co/review/fourleaf/,44.38,,0,,8,,0,
https://creditdoc.co/review/gorascal/,59.63,,0,,8,,0,
https://creditdoc.co/review/horizon-housing-communities-development-for-ohio-hhcdo/,4.88,,0,,8,,0,
https://creditdoc.co/review/jacksonville-title/,83,,0,,8,,0,
https://creditdoc.co/review/kp-check-cashing-aka-v-check-cashing/,11,,0,,8,,0,
https://creditdoc.co/review/larry-h-miller-chrysler-jeep-tucson/,60,,0,,8,,0,
https://creditdoc.co/review/nevada-coin-jewelry-east/,86.63,,0,,8,,0,
https://creditdoc.co/review/new-american-funding-san-diego-ca/,13.38,,0,,8,,0,
https://creditdoc.co/review/ohio-valley/,58.63,,0,,8,,0,
https://creditdoc.co/review/onemain-financial-austin/,29.25,,0,,8,,0,
https://creditdoc.co/review/pawn-max-ii/,53.63,,0,,8,,0,
https://creditdoc.co/review/payday-loans-san-antonio/,1,,0,,8,,0,
https://creditdoc.co/review/phoenix-recovery-group/,79.75,,0,,8,,0,
https://creditdoc.co/review/primo-personal-loans-fris/,3.88,,0,,8,,0,
https://creditdoc.co/review/provident/,50.88,,0,,8,,0,
https://creditdoc.co/review/seven-seventeen/,42.75,,0,,8,,0,
https://creditdoc.co/review/swift-title-loans-miami/,4.13,,0,,8,,0,
https://creditdoc.co/review/the-commercial-bank-mason/,74.88,,0,,8,,0,
https://creditdoc.co/review/the-credit-rabbi/,10.63,,0,,8,,0,
https://creditdoc.co/review/the-loan-depot-oklahoma-city/,8.88,,0,,8,,0,
https://creditdoc.co/review/the-shelby-county-state-bank/,43,,0,,8,,0,
https://www.creditdoc.co/categories/banking/,69.25,,0,,8,,0,
https://www.creditdoc.co/city/albuquerque-new%20mexico/,78.63,,0,,8,,0,
https://www.creditdoc.co/city/los-angeles-ca/,6.13,,0,,8,,0,
https://www.creditdoc.co/city/marietta-ga/,35.38,,0,,8,,0,
https://www.creditdoc.co/city/san-francisco-california/,3.38,,0,,8,,0,
https://www.creditdoc.co/city/tucson-arizona/,2.13,,0,,8,,0,
https://www.creditdoc.co/credit-guide/akron-oh/check-cashing/,12.5,,0,,8,,0,
https://www.creditdoc.co/credit-guide/akron-oh/credit-repair/,3.38,,0,,8,,0,
https://www.creditdoc.co/credit-guide/alexandria-va/banking/,79.38,,0,,8,,0,
https://www.creditdoc.co/credit-guide/arlington-tx/credit-monitoring/,3.38,,0,,8,,0,
https://www.creditdoc.co/credit-guide/austin-tx/debt-relief/,3.5,,0,,8,,0,
https://www.creditdoc.co/financial-wellness/statute-of-limitations-debt/,80.88,,0,,8,,0,
https://www.creditdoc.co/review/ace-check-cashing/,17.5,,0,,8,,0,
https://www.creditdoc.co/review/adams-bank-trust/,10.38,,0,,8,,0,
https://www.creditdoc.co/review/alamo-loan/,74,,0,,8,,0,
https://www.creditdoc.co/review/argent/,35.63,,0,,8,,0,
https://www.creditdoc.co/review/auto-cash-title-loans/,26.63,,0,,8,,0,
https://www.creditdoc.co/review/avadian/,39.38,,0,,8,,0,
https://www.creditdoc.co/review/bay-equity-home-loans/,30.75,,0,,8,,0,
https://www.creditdoc.co/review/bitcoin-atm-by-coinbtm/,2.5,,0,,8,,0,
https://www.creditdoc.co/review/blue-sky-bank/,55.75,,0,,8,,0,
https://www.creditdoc.co/review/bluebird-lending/,53.75,,0,,8,,0,
https://www.creditdoc.co/review/bryte-payment-solutions/,46.38,,0,,8,,0,
https://www.creditdoc.co/review/cal-payday-loans/,4,,0,,8,,0,
https://www.creditdoc.co/review/car-capital/,2.25,,0,,8,,0,
https://www.creditdoc.co/review/cash-in-a-flash-check-advance-memphis/,7.75,,0,,8,,0,
https://www.creditdoc.co/review/citizens-bank-trust-company-of-vivian-louisiana/,78.13,,0,,8,,0,
https://www.creditdoc.co/review/clarifi-consumer-credit-counseling-service-of-delaware-valley-west-chester/,5.38,,0,,8,,0,
https://www.creditdoc.co/review/claritypay/,50.75,,0,,8,,0,
https://www.creditdoc.co/review/community-business-finance/,94.63,,0,,8,,0,
https://www.creditdoc.co/review/credability/,6.13,,0,,8,,0,
https://www.creditdoc.co/review/credit-coach-nicole-scott/,7.25,,0,,8,,0,
https://www.creditdoc.co/review/credit-union-1/,52.13,,0,,8,,0,
https://www.creditdoc.co/review/davis-trust-company/,61.88,,0,,8,,0,
https://www.creditdoc.co/review/delta-community-credit-union-24-hours-atm/,25,,0,,8,,0,
https://www.creditdoc.co/review/desert-financial-credit-union-phoenix-east-bell/,74.25,,0,,8,,0,
https://www.creditdoc.co/review/dollar-loan-center-las-vegas/,18.63,,0,,8,,0,
https://www.creditdoc.co/review/east-cambridge-savings-bank/,45.5,,0,,8,,0,
https://www.creditdoc.co/review/elite-credit-freedom/,3.63,,0,,8,,0,
https://www.creditdoc.co/review/expert-credit-pro/,6,,0,,8,,0,
https://www.creditdoc.co/review/family-credit-management/,58.25,,0,,8,,0,
https://www.creditdoc.co/review/giro-express/,7,,0,,8,,0,
https://www.creditdoc.co/review/gulch-payments/,3,,0,,8,,0,
https://www.creditdoc.co/review/home-town/,54.13,,0,,8,,0,
https://www.creditdoc.co/review/housing-authority-of-the-city-of-greensboro-dba-greensboro-housing-authority/,62.13,,0,,8,,0,
https://www.creditdoc.co/review/infirst/,69.5,,0,,8,,0,
https://www.creditdoc.co/review/kellogg-community/,46.25,,0,,8,,0,
https://www.creditdoc.co/review/lampco/,55.38,,0,,8,,0,
https://www.creditdoc.co/review/liberty-debts/,3.25,,0,,8,,0,
https://www.creditdoc.co/review/loanmax-title-loans-maplewood/,4.38,,0,,8,,0,
https://www.creditdoc.co/review/moneygram-commerce-city/,6.75,,0,,8,,0,
https://www.creditdoc.co/review/moneygram-fort-lauderdale/,21.75,,0,,8,,0,
https://www.creditdoc.co/review/mutual-first/,30.5,,0,,8,,0,
https://www.creditdoc.co/review/my-city-personal-loans/,31.25,,0,,8,,0,
https://www.creditdoc.co/review/naca/,20.75,,0,,8,,0,
https://www.creditdoc.co/review/national-credit-funding/,1.63,,0,,8,,0,
https://www.creditdoc.co/review/onemain-financial-charlotte/,68.13,,0,,8,,0,
https://www.creditdoc.co/review/order-express-kansas-city-southwest-blvd-check-cashing/,10.88,,0,,8,,0,
https://www.creditdoc.co/review/payment-nerds/,37.25,,0,,8,,0,
https://www.creditdoc.co/review/pecu/,48.25,,0,,8,,0,
https://www.creditdoc.co/review/psecu-atm/,45.88,,0,,8,,0,
https://www.creditdoc.co/review/radius/,62.63,,0,,8,,0,
https://www.creditdoc.co/review/ria-money-transfer-kansas-city/,5.75,,0,,8,,0,
https://www.creditdoc.co/review/show-me/,78.25,,0,,8,,0,
https://www.creditdoc.co/review/solid-cash-advance-st-paul/,3.63,,0,,8,,0,
https://www.creditdoc.co/review/spark-cash-advance/,4.88,,0,,8,,0,
https://www.creditdoc.co/review/speedy-cash-los-angeles/,59.5,,0,,8,,0,
https://www.creditdoc.co/review/stepstone-credit/,47.75,,0,,8,,0,
https://www.creditdoc.co/review/stonebridge-financial/,7.25,,0,,8,,0,
https://www.creditdoc.co/review/swift-fund-loans/,2.75,,0,,8,,0,
https://www.creditdoc.co/review/telco/,67.75,,0,,8,,0,
https://www.creditdoc.co/review/the-credit-clinic/,3.75,,0,,8,,0,
https://www.creditdoc.co/review/the-debt-defenders-by-ciment-law-firm-p/,57.25,,0,,8,,0,
https://www.creditdoc.co/review/tpnb-bank/,54.13,,0,,8,,0,
https://www.creditdoc.co/review/tri-valley-bank/,58.88,,0,,8,,0,
https://www.creditdoc.co/review/vista-lending/,70.13,,0,,8,,0,
https://www.creditdoc.co/review/vocal/,60.38,,0,,8,,0,
https://www.creditdoc.co/review/western-union-oklahoma-city-ok/,7.88,,0,,8,,0,
https://www.creditdoc.co/review/team-one/,49.86,,1,,7,,14.29,
https://creditdoc.co/city/union-city-new%20jersey/,3,,0,,7,,0,
https://creditdoc.co/review/advance-america-miami-fl/,52.86,,0,,7,,0,
https://creditdoc.co/review/alamo-envios-de-dinero-y-cambio-de-cheques/,8.43,,0,,7,,0,
https://creditdoc.co/review/alden/,58.86,,0,,7,,0,
https://creditdoc.co/review/amigo-check-cashing/,4.14,,0,,7,,0,
https://creditdoc.co/review/big-shawns-buy-sell/,9.29,,0,,7,,0,
https://creditdoc.co/review/breaking-chains-inc/,5.86,,0,,7,,0,
https://creditdoc.co/review/cenla/,52,,0,,7,,0,
https://creditdoc.co/review/champion-pawn-and-jewelry/,57.86,,0,,7,,0,
https://creditdoc.co/review/cmc-fcpi-employees/,68.29,,0,,7,,0,
https://creditdoc.co/review/dhispanos/,7.86,,0,,7,,0,
https://creditdoc.co/review/drive-casa-harry-hines/,34,,0,,7,,0,
https://creditdoc.co/review/duke-university/,51.14,,0,,7,,0,
https://creditdoc.co/review/evergreen/,57.86,,0,,7,,0,
https://creditdoc.co/review/fall-river-municipal/,42,,0,,7,,0,
https://creditdoc.co/review/fedchoice-federal-credit-union/,48.14,,0,,7,,0,
https://creditdoc.co/review/ferrari-of-austin/,74.43,,0,,7,,0,
https://creditdoc.co/review/four-seasons/,55.43,,0,,7,,0,
https://creditdoc.co/review/heights-finance-louisville/,41.43,,0,,7,,0,
https://creditdoc.co/review/horizons-north/,38.86,,0,,7,,0,
https://creditdoc.co/review/jcb-international-credit-card/,70,,0,,7,,0,
https://creditdoc.co/review/lfg-lending/,88.29,,0,,7,,0,
https://creditdoc.co/review/members-trust-federal-credit-union/,61.43,,0,,7,,0,
https://creditdoc.co/review/mission-fed-credit-union/,63.43,,0,,7,,0,
https://creditdoc.co/review/montana-capital-car-title-loans-louisville/,7.29,,0,,7,,0,
https://creditdoc.co/review/new-castle-bellco/,49.14,,0,,7,,0,
https://creditdoc.co/review/nova/,41.14,,0,,7,,0,
https://creditdoc.co/review/onemain-financial-chicago/,60.57,,0,,7,,0,
https://creditdoc.co/review/onemain-financial-kansas-city/,60.29,,0,,7,,0,
https://creditdoc.co/review/pacific-service/,55.29,,0,,7,,0,
https://creditdoc.co/review/phoenix-auto-stop/,2.57,,0,,7,,0,
https://creditdoc.co/review/pls-check-cashers-mesquite/,51,,0,,7,,0,
https://creditdoc.co/review/pomona-pawn-shop/,63.29,,0,,7,,0,
https://www.creditdoc.co/city/edmond-ok/,24.29,,0,,7,,0,
https://www.creditdoc.co/city/grand-prairie-tx/,3.71,,0,,7,,0,
https://www.creditdoc.co/credit-guide/arlington-tx/emergency-cash/,75.29,,0,,7,,0,
https://www.creditdoc.co/credit-guide/boston-ma/,45.43,,0,,7,,0,
https://www.creditdoc.co/credit-guide/dallas-tx/,2.71,,0,,7,,0,
https://www.creditdoc.co/credit-guide/el-paso-tx/,6,,0,,7,,0,
https://www.creditdoc.co/financial-wellness/credit-score-basics/,83,,0,,7,,0,
https://www.creditdoc.co/review/5-star-car-title-loans-san-antonio/,2.71,,0,,7,,0,
https://www.creditdoc.co/review/a-american-first-financial-auto/,71.57,,0,,7,,0,
https://www.creditdoc.co/review/a-plus-credit-services/,77.43,,0,,7,,0,
https://www.creditdoc.co/review/a1-check-cashing-15/,40.14,,0,,7,,0,
https://www.creditdoc.co/review/ace-cash-express-atlanta-ga/,20.14,,0,,7,,0,
https://www.creditdoc.co/review/ace-cash-express-san-antonio-tx/,54.14,,0,,7,,0,
https://www.creditdoc.co/review/acfcu/,44.29,,0,,7,,0,
https://www.creditdoc.co/review/advancepoint-capital-small-business-loans/,42.86,,0,,7,,0,
https://www.creditdoc.co/review/all-america-bank/,41.71,,0,,7,,0,
https://www.creditdoc.co/review/all-cash-advance/,40.86,,0,,7,,0,
https://www.creditdoc.co/review/avant/,55.71,,0,,7,,0,
https://www.creditdoc.co/review/bees-credit-solutions/,5.57,,0,,7,,0,
https://www.creditdoc.co/review/bfg/,49.71,,0,,7,,0,
https://www.creditdoc.co/review/border/,42.86,,0,,7,,0,
https://www.creditdoc.co/review/burlington-northtown-community/,46.29,,0,,7,,0,
https://www.creditdoc.co/review/cal-com/,66.57,,0,,7,,0,
https://www.creditdoc.co/review/california-check-cashing/,74.29,,0,,7,,0,
https://www.creditdoc.co/review/calvex-credit-repair-chicago/,1.43,,0,,7,,0,
https://www.creditdoc.co/review/cash-nerd/,7,,0,,7,,0,
https://www.creditdoc.co/review/ce-credit-solutions/,14.71,,0,,7,,0,
https://www.creditdoc.co/review/champions-funding/,66.29,,0,,7,,0,
https://www.creditdoc.co/review/checks-cashed/,3.43,,0,,7,,0,
https://www.creditdoc.co/review/chicago-debt-solutions-schaumburg/,7,,0,,7,,0,
https://www.creditdoc.co/review/clarifi-consumer-credit-counseling-service-of-delaware-valley-wilmington/,58.29,,0,,7,,0,
https://www.creditdoc.co/review/commerceone-bank/,46.71,,0,,7,,0,
https://www.creditdoc.co/review/community-loans/,91.43,,0,,7,,0,
https://www.creditdoc.co/review/cooperative-choice-network/,48,,0,,7,,0,
https://www.creditdoc.co/review/debt-consolidation/,8.71,,0,,7,,0,
https://www.creditdoc.co/review/eagleone-debt-solution/,4.71,,0,,7,,0,
https://www.creditdoc.co/review/evabank/,61,,0,,7,,0,
https://www.creditdoc.co/review/extraco-banks/,53.71,,0,,7,,0,
https://www.creditdoc.co/review/ez-money-check-cashing-council-bluffs/,25.57,,0,,7,,0,
https://www.creditdoc.co/review/financial-builders/,29.57,,0,,7,,0,
https://www.creditdoc.co/review/finger-lakes/,41.57,,0,,7,,0,
https://www.creditdoc.co/review/first-american/,56.86,,0,,7,,0,
https://www.creditdoc.co/review/first-federal-savings-bank-of-lincolnton/,76.43,,0,,7,,0,
https://www.creditdoc.co/review/first-national-bank-of-fort-stockton/,69.29,,0,,7,,0,
https://www.creditdoc.co/review/first-texas-national-bank/,8.14,,0,,7,,0,
https://www.creditdoc.co/review/fort-worth-financial/,13.29,,0,,7,,0,
https://www.creditdoc.co/review/founders-federal-credit-union/,56.71,,0,,7,,0,
https://www.creditdoc.co/review/ghs/,2,,0,,7,,0,
https://www.creditdoc.co/review/golden-cash-advance-arlington/,9.71,,0,,7,,0,
https://www.creditdoc.co/review/golden-plains/,46.71,,0,,7,,0,
https://www.creditdoc.co/review/home-federal-savings-and-loan-association-of-niles/,80.29,,0,,7,,0,
https://www.creditdoc.co/review/hughes-finance/,12.86,,0,,7,,0,
https://www.creditdoc.co/review/kaplan-law-firm/,84.71,,0,,7,,0,
https://www.creditdoc.co/review/kirtland/,37.86,,0,,7,,0,
https://www.creditdoc.co/review/la-mexicana-check-cashing/,5.71,,0,,7,,0,
https://www.creditdoc.co/review/legacy-bank-hinton/,68.29,,0,,7,,0,
https://www.creditdoc.co/review/loan-pronto/,22,,0,,7,,0,
https://www.creditdoc.co/review/loancenter/,96.86,,0,,7,,0,
https://www.creditdoc.co/review/loanmax-title-loans-pueblo/,15,,0,,7,,0,
https://www.creditdoc.co/review/magnolia-bank-incorporated/,68.29,,0,,7,,0,
https://www.creditdoc.co/review/membersfirst-ct/,75.57,,0,,7,,0,
https://www.creditdoc.co/review/money-mart-previously-the-check-cashing-store-miami/,5.29,,0,,7,,0,
https://www.creditdoc.co/review/moneygram-omaha/,4,,0,,7,,0,
https://www.creditdoc.co/review/moneygram-seattle/,6.57,,0,,7,,0,
https://www.creditdoc.co/review/montana-capital-car-title-loans-oklahoma-city/,10.29,,0,,7,,0,
https://www.creditdoc.co/review/my-community/,72.43,,0,,7,,0,
https://www.creditdoc.co/review/onemain-financial-raleigh/,49.14,,0,,7,,0,
https://www.creditdoc.co/review/openloans/,6.57,,0,,7,,0,
https://www.creditdoc.co/review/order-express-omaha/,6.43,,0,,7,,0,
https://www.creditdoc.co/review/ozark/,35.86,,0,,7,,0,
https://www.creditdoc.co/review/pacific-cash-advance-carson/,49.43,,0,,7,,0,
https://www.creditdoc.co/review/pacific-debt-relief/,1.29,,0,,7,,0,
https://www.creditdoc.co/review/partners-credit-verification-solutions/,9.29,,0,,7,,0,
https://www.creditdoc.co/review/pathway/,75,,0,,7,,0,
https://www.creditdoc.co/review/peach-state/,47.14,,0,,7,,0,
https://www.creditdoc.co/review/pilgrim-mortgage/,54.71,,0,,7,,0,
https://www.creditdoc.co/review/pioneer-credit-counseling/,39,,0,,7,,0,
https://www.creditdoc.co/review/polam-federal-credit-union/,52,,0,,7,,0,
https://www.creditdoc.co/review/primo-personal-loans-tampa/,9.71,,0,,7,,0,
https://www.creditdoc.co/review/randall-state-bank/,68.57,,0,,7,,0,
https://www.creditdoc.co/review/river-city-finance-san-antonio/,5,,0,,7,,0,
https://www.creditdoc.co/review/rocky-mountain-bank-trust/,41.86,,0,,7,,0,
https://www.creditdoc.co/review/second-chance-loans/,3.57,,0,,7,,0,
https://www.creditdoc.co/review/sesloc/,52.29,,0,,7,,0,
https://www.creditdoc.co/review/simple-cash-title-loans/,7.43,,0,,7,,0,
https://www.creditdoc.co/review/simpsons-pawnbrokers/,8.57,,0,,7,,0,
https://www.creditdoc.co/review/stifel-bank/,72.43,,0,,7,,0,
https://www.creditdoc.co/review/superior-loan/,16.71,,0,,7,,0,
https://www.creditdoc.co/review/swift-title-loans-pasadena/,7.71,,0,,7,,0,
https://www.creditdoc.co/review/td-bank/,44.57,,0,,7,,0,
https://www.creditdoc.co/review/texas-car-title-and-payday-loan-services-pearland/,70.43,,0,,7,,0,
https://www.creditdoc.co/review/the-lending-group/,89.86,,0,,7,,0,
https://www.creditdoc.co/review/tom-thomas-legal-pc-a-texas-debt-defense-law-firm/,59.14,,0,,7,,0,
https://www.creditdoc.co/review/trading-post-northwest/,62.43,,0,,7,,0,
https://www.creditdoc.co/review/unison/,72.57,,0,,7,,0,
https://www.creditdoc.co/review/united-states-senate/,43.43,,0,,7,,0,
https://www.creditdoc.co/review/up-connection/,51.43,,0,,7,,0,
https://www.creditdoc.co/review/upward/,59.14,,0,,7,,0,
https://www.creditdoc.co/review/us-cash-advance-columbus/,7.29,,0,,7,,0,
https://www.creditdoc.co/review/valley-big-rig-loans/,9,,0,,7,,0,
https://www.creditdoc.co/review/weokie/,45.29,,0,,7,,0,
https://www.creditdoc.co/review/western-union-money-order-only-baltimore-md/,6.29,,0,,7,,0,
https://www.creditdoc.co/review/western-union-san-francis/,45.57,,0,,7,,0,
https://www.creditdoc.co/review/working-solutions-cdfi/,15.86,,0,,7,,0,
https://creditdoc.co/city/doraville-georgia/,5.67,,0,,6,,0,
https://creditdoc.co/review/ace-cash-express-orlando/,61.33,,0,,6,,0,
https://creditdoc.co/review/affinity-plus/,50.67,,0,,6,,0,
https://creditdoc.co/review/alexander-coin-pawn/,70,,0,,6,,0,
https://creditdoc.co/review/american-exchange-bank-henryetta/,72.5,,0,,6,,0,
https://creditdoc.co/review/auto-title-loans-more-llc/,81,,0,,6,,0,
https://creditdoc.co/review/bank-of-guam/,37,,0,,6,,0,
https://creditdoc.co/review/bay-to-bay-lending/,28.67,,0,,6,,0,
https://creditdoc.co/review/brazos-national-bank/,70.17,,0,,6,,0,
https://creditdoc.co/review/carhop-auto-sales-and-finance-lakewood/,61.83,,0,,6,,0,
https://creditdoc.co/review/casa-de-cambio-hispana-check-cashing/,6.83,,0,,6,,0,
https://creditdoc.co/review/check-into-cash-west-allis/,64,,0,,6,,0,
https://creditdoc.co/review/chicago-firefighters-credit-union/,64.67,,0,,6,,0,
https://creditdoc.co/review/community-financial-services/,96.33,,0,,6,,0,
https://creditdoc.co/review/consumer-credit-counseling-norristown/,9.33,,0,,6,,0,
https://creditdoc.co/review/cornerstone-financial/,68.5,,0,,6,,0,
https://creditdoc.co/review/credit-karma/,62.5,,0,,6,,0,
https://creditdoc.co/review/dcl-jewelry-loan/,74.67,,0,,6,,0,
https://creditdoc.co/review/deerwood-bank/,50.83,,0,,6,,0,
https://creditdoc.co/review/east-river/,33.67,,0,,6,,0,
https://creditdoc.co/review/envios-de-dinero-cambio-de-cheques-check-cashing-g-t-continental-services-vip-dinero/,2.83,,0,,6,,0,
https://creditdoc.co/review/exotic-car-collection-by-budget/,7.67,,0,,6,,0,
https://creditdoc.co/review/ez-money-check-cashing-omaha/,50.17,,0,,6,,0,
https://creditdoc.co/review/farm-bureau-family/,56.83,,0,,6,,0,
https://creditdoc.co/review/first-state-bank-winchester/,9.5,,0,,6,,0,
https://creditdoc.co/review/forrit/,50.5,,0,,6,,0,
https://creditdoc.co/review/freedom-credit-union/,79.67,,0,,6,,0,
https://creditdoc.co/review/freedom-first/,57.5,,0,,6,,0,
https://creditdoc.co/review/freeman-check-cashing/,2.83,,0,,6,,0,
https://creditdoc.co/review/government-printing-office/,73.33,,0,,6,,0,
https://creditdoc.co/review/home-bank-sb/,57.67,,0,,6,,0,
https://creditdoc.co/review/kb-pawn-loan/,7.67,,0,,6,,0,
https://creditdoc.co/review/lending-capital-group-inc-nmls1680087/,61.83,,0,,6,,0,
https://creditdoc.co/review/loan-for-any-purpose-wichita/,4.5,,0,,6,,0,
https://creditdoc.co/review/loanmax-title-loans-edgewood/,23.17,,0,,6,,0,
https://creditdoc.co/review/loanpeople/,65,,0,,6,,0,
https://creditdoc.co/review/louisville-gas-and-electric-company/,59.67,,0,,6,,0,
https://creditdoc.co/review/luckmore-finance-corporation/,50.67,,0,,6,,0,
https://creditdoc.co/review/montana-capital-car-title-loans-santa-clara/,11.67,,0,,6,,0,
https://creditdoc.co/review/mybridgenow/,8.67,,0,,6,,0,
https://creditdoc.co/review/new-deal-pre-owned-autos/,4.17,,0,,6,,0,
https://creditdoc.co/review/north-coast-credit-union/,65,,0,,6,,0,
https://creditdoc.co/review/preferred-capital-funding/,57.5,,0,,6,,0,
https://creditdoc.co/review/regional-finance-arlington/,57.33,,0,,6,,0,
https://creditdoc.co/review/ria-money-transfer-currency-exchange-lamont/,2.33,,0,,6,,0,
https://creditdoc.co/review/skyline-financial-miami/,60,,0,,6,,0,
https://creditdoc.co/review/southern-loans/,79.67,,0,,6,,0,
https://creditdoc.co/review/swift-title-loans-virginia-beach/,4.5,,0,,6,,0,
https://creditdoc.co/review/the-citizens-national-bank-of-mcconnelsville/,53.33,,0,,6,,0,
https://creditdoc.co/review/the-debt-management-group/,70.5,,0,,6,,0,
https://creditdoc.co/review/the-freedom-bank-of-virginia/,28.5,,0,,6,,0,
https://creditdoc.co/review/the-kings-pawn/,61.17,,0,,6,,0,
https://creditdoc.co/review/titlemax-title-pawns-decatur-ga/,58.5,,0,,6,,0,
https://creditdoc.co/review/ussco-johnstown/,42.33,,0,,6,,0,
https://creditdoc.co/review/vigo-new-york/,3,,0,,6,,0,
https://creditdoc.co/review/walden-mutual-bank/,32,,0,,6,,0,
https://creditdoc.co/review/west-shore-bank/,42.5,,0,,6,,0,
https://creditdoc.co/review/wilmington-police-fire/,76.33,,0,,6,,0,
https://creditdoc.co/review/world-finance-albuquerque/,50.83,,0,,6,,0,
https://www.creditdoc.co/best/best-merchant-cash-advance/,87.5,,0,,6,,0,
https://www.creditdoc.co/city/arlington-tx/,3.33,,0,,6,,0,
https://www.creditdoc.co/city/carrollton-tx/,24.83,,0,,6,,0,
https://www.creditdoc.co/city/knoxville-tn/,4.33,,0,,6,,0,
https://www.creditdoc.co/city/warren-mi/,3.33,,0,,6,,0,
https://www.creditdoc.co/credit-guide/amarillo-tx/credit-repair/,6.33,,0,,6,,0,
https://www.creditdoc.co/credit-guide/arlington-tx/bankruptcy/,62.17,,0,,6,,0,
https://www.creditdoc.co/credit-guide/arlington-tx/pawn-shops/,48.33,,0,,6,,0,
https://www.creditdoc.co/credit-guide/arlington-tx/personal-loans/,58,,0,,6,,0,
https://www.creditdoc.co/credit-guide/atlanta-ga/,2.33,,0,,6,,0,
https://www.creditdoc.co/credit-guide/houston-tx/,6,,0,,6,,0,
https://www.creditdoc.co/review/1st-capital-car-title-loans-clover/,46.83,,0,,6,,0,
https://www.creditdoc.co/review/2nd-chance-bad-credit-loans/,3.33,,0,,6,,0,
https://www.creditdoc.co/review/5-star-car-title-loans-miramar/,5.67,,0,,6,,0,
https://www.creditdoc.co/review/accessity/,31.83,,0,,6,,0,
https://www.creditdoc.co/review/afgm-enterprises/,27.5,,0,,6,,0,
https://www.creditdoc.co/review/all-payday-loans-katy/,4.83,,0,,6,,0,
https://www.creditdoc.co/review/america-debt-resolutions/,68.83,,0,,6,,0,
https://www.creditdoc.co/review/american-capital-financial/,34.17,,0,,6,,0,
https://www.creditdoc.co/review/asap-credit-repair/,44.83,,0,,6,,0,
https://www.creditdoc.co/review/auto-title-loans-more-phoenix/,2.5,,0,,6,,0,
https://www.creditdoc.co/review/azura/,52.83,,0,,6,,0,
https://www.creditdoc.co/review/bancosecha/,8.33,,0,,6,,0,
https://www.creditdoc.co/review/bank-michigan/,77.67,,0,,6,,0,
https://www.creditdoc.co/review/bassey-solutions/,4.17,,0,,6,,0,
https://www.creditdoc.co/review/benjamin-trotter-attorney-at-law-pc/,4,,0,,6,,0,
https://www.creditdoc.co/review/blackstone-river/,14.67,,0,,6,,0,
https://www.creditdoc.co/review/builders-of-hope/,1.67,,0,,6,,0,
https://www.creditdoc.co/review/california-coast-credit-union-hillcrest-branch/,44.67,,0,,6,,0,
https://www.creditdoc.co/review/cash-4-you-check-cashing/,5.33,,0,,6,,0,
https://www.creditdoc.co/review/cash-fast-lending/,1.33,,0,,6,,0,
https://www.creditdoc.co/review/cash-loans-on-car-titles/,4.33,,0,,6,,0,
https://www.creditdoc.co/review/cash-on-the-go/,4.5,,0,,6,,0,
https://www.creditdoc.co/review/cash-paradise-4/,3.33,,0,,6,,0,
https://www.creditdoc.co/review/cashmax-title-loan-arlington/,58.67,,0,,6,,0,
https://www.creditdoc.co/review/check-cashing-plus/,3.5,,0,,6,,0,
https://www.creditdoc.co/review/check-into-cash-columbus/,56.33,,0,,6,,0,
https://www.creditdoc.co/review/chicago-pawners-jewelers/,53.33,,0,,6,,0,
https://www.creditdoc.co/review/coast-tradelines/,41.33,,0,,6,,0,
https://www.creditdoc.co/review/coast2coast-mortgage-lending-jacksonville-florida/,53.17,,0,,6,,0,
https://www.creditdoc.co/review/community-valley-bank/,7.33,,0,,6,,0,
https://www.creditdoc.co/review/core-multiservices-credit-repair/,4.83,,0,,6,,0,
https://www.creditdoc.co/review/debt-consolidation-austin-texas/,11.83,,0,,6,,0,
https://www.creditdoc.co/review/debt-redemption-debt-relief-austin-texas/,4.17,,0,,6,,0,
https://www.creditdoc.co/review/debtoredu-second-bankruptcy-course/,41,,0,,6,,0,
https://www.creditdoc.co/review/delta-community-credit-union/,66.83,,0,,6,,0,
https://www.creditdoc.co/review/desert-financial-credit-union-thunderbird-glendale-atm/,51,,0,,6,,0,
https://www.creditdoc.co/review/duke-payday-loans-rochester/,3.33,,0,,6,,0,
https://www.creditdoc.co/review/emma-butler-group-mortgage-lender-neighborhood-loans/,9,,0,,6,,0,
https://www.creditdoc.co/review/encompass-recovery-group/,60,,0,,6,,0,
https://www.creditdoc.co/review/eweb-employees/,43.33,,0,,6,,0,
https://www.creditdoc.co/review/ficare/,57.5,,0,,6,,0,
https://www.creditdoc.co/review/first-federal-savings-and-loan-association-of-greene-co/,8.83,,0,,6,,0,
https://www.creditdoc.co/review/first-state-bank-buxton/,65.83,,0,,6,,0,
https://www.creditdoc.co/review/fort-smith-teachers/,4.5,,0,,6,,0,
https://www.creditdoc.co/review/frys-money/,22.67,,0,,6,,0,
https://www.creditdoc.co/review/geovista/,41.17,,0,,6,,0,
https://www.creditdoc.co/review/good-credit-4-life/,8,,0,,6,,0,
https://www.creditdoc.co/review/green-belt-bank-trust/,47.83,,0,,6,,0,
https://www.creditdoc.co/review/hapo-community/,52.5,,0,,6,,0,
https://www.creditdoc.co/review/hii-hard-money-loans-los-angeles-ca/,7.83,,0,,6,,0,
https://www.creditdoc.co/review/hilltop-national-bank/,82.33,,0,,6,,0,
https://www.creditdoc.co/review/indy-pawn/,55,,0,,6,,0,
https://www.creditdoc.co/review/jacksonville-title/,65.5,,0,,6,,0,
https://www.creditdoc.co/review/jefferson-parish-employees/,65.67,,0,,6,,0,
https://www.creditdoc.co/review/jp-check-cashing-chicago-kimball-ave/,5.83,,0,,6,,0,
https://www.creditdoc.co/review/kbr-heritage/,18.67,,0,,6,,0,
https://www.creditdoc.co/review/keystone/,75.33,,0,,6,,0,
https://www.creditdoc.co/review/la-nacional-ne0002/,12.5,,0,,6,,0,
https://www.creditdoc.co/review/law-offices-of-sacks-sacks-pa/,58.67,,0,,6,,0,
https://www.creditdoc.co/review/legends-bank-clarksville/,7,,0,,6,,0,
https://www.creditdoc.co/review/loan-for-any-purpose-dallas/,6.5,,0,,6,,0,
https://www.creditdoc.co/review/loanstar-title-loans-manor/,42.67,,0,,6,,0,
https://www.creditdoc.co/review/logan-bank-trust-company/,10,,0,,6,,0,
https://www.creditdoc.co/review/longhorn-investments-hard-money-lender/,45.67,,0,,6,,0,
https://www.creditdoc.co/review/los-angeles-hard-money-loan-city-capital-realty/,8.67,,0,,6,,0,
https://www.creditdoc.co/review/loyal-loans-oklahoma-city/,6.17,,0,,6,,0,
https://www.creditdoc.co/review/mahoning-valley/,84.67,,0,,6,,0,
https://www.creditdoc.co/review/marathon-cash-express/,6.83,,0,,6,,0,
https://www.creditdoc.co/review/mister-loans/,35,,0,,6,,0,
https://www.creditdoc.co/review/money-mart-previously-the-check-cashing-store-miami-fl/,11.33,,0,,6,,0,
https://www.creditdoc.co/review/money-stop/,9.5,,0,,6,,0,
https://www.creditdoc.co/review/moneygram-louisville/,2,,0,,6,,0,
https://www.creditdoc.co/review/netspend-corporation/,37.17,,0,,6,,0,
https://www.creditdoc.co/review/new-world-collections/,30.17,,0,,6,,0,
https://www.creditdoc.co/review/new-york-times-employees-federal-credit-union/,15.33,,0,,6,,0,
https://www.creditdoc.co/review/north-scottsdale-loan-and-gold/,71.67,,0,,6,,0,
https://www.creditdoc.co/review/nw-priority/,48.17,,0,,6,,0,
https://www.creditdoc.co/review/one-world-advisor/,5,,0,,6,,0,
https://www.creditdoc.co/review/oportun-phoenix/,34.83,,0,,6,,0,
https://www.creditdoc.co/review/oshkosh-community/,21.67,,0,,6,,0,
https://www.creditdoc.co/review/pantex/,41,,0,,6,,0,
https://www.creditdoc.co/review/pawn-shop-los-angeles-ca/,10,,0,,6,,0,
https://www.creditdoc.co/review/payday-loans-cash-columbus/,5.83,,0,,6,,0,
https://www.creditdoc.co/review/peaceful-payback/,14,,0,,6,,0,
https://www.creditdoc.co/review/phoenixville-federal-bank-and-trust/,58,,0,,6,,0,
https://www.creditdoc.co/review/prime-credit-advisors/,18,,0,,6,,0,
https://www.creditdoc.co/review/primelending-a-plainscapital-company-charlotte/,5.83,,0,,6,,0,
https://www.creditdoc.co/review/quick-cash-funds/,1.5,,0,,6,,0,
https://www.creditdoc.co/review/quick-personal-loans/,5,,0,,6,,0,
https://www.creditdoc.co/review/regional-members/,72.17,,0,,6,,0,
https://www.creditdoc.co/review/ria-money-transfer-fort-worth/,48.17,,0,,6,,0,
https://www.creditdoc.co/review/river-town/,79,,0,,6,,0,
https://www.creditdoc.co/review/rome-kraft-employees/,58.33,,0,,6,,0,
https://www.creditdoc.co/review/roundleaf-los-angeles/,6.5,,0,,6,,0,
https://www.creditdoc.co/review/san-diego-home-loans/,13.17,,0,,6,,0,
https://www.creditdoc.co/review/sat-payday-loans/,4.17,,0,,6,,0,
https://www.creditdoc.co/review/second-chance-help-center/,4.67,,0,,6,,0,
https://www.creditdoc.co/review/sixup-lending/,5.33,,0,,6,,0,
https://www.creditdoc.co/review/skyone/,51.17,,0,,6,,0,
https://www.creditdoc.co/review/smbc-manubank/,55.17,,0,,6,,0,
https://www.creditdoc.co/review/speedy-cash-memphis-tn/,7.5,,0,,6,,0,
https://www.creditdoc.co/review/star-credit-repair/,4,,0,,6,,0,
https://www.creditdoc.co/review/state-bank-trust-company/,102.83,,0,,6,,0,
https://www.creditdoc.co/review/superb-cash-advance-durham/,5.83,,0,,6,,0,
https://www.creditdoc.co/review/superpawn-mesa-az/,67,,0,,6,,0,
https://www.creditdoc.co/review/swift-title-loans-arlington/,17.83,,0,,6,,0,
https://www.creditdoc.co/review/swift-title-loans-hialeah/,7.33,,0,,6,,0,
https://www.creditdoc.co/review/swift-title-loans-houston/,3.5,,0,,6,,0,
https://www.creditdoc.co/review/take-charge-america/,49.5,,0,,6,,0,
https://www.creditdoc.co/review/tapco/,33.17,,0,,6,,0,
https://www.creditdoc.co/review/the-fahey-banking-company/,50.67,,0,,6,,0,
https://www.creditdoc.co/review/the-sherwood-state-bank/,53.33,,0,,6,,0,
https://www.creditdoc.co/review/top-cash-advance/,7.67,,0,,6,,0,
https://www.creditdoc.co/review/tradebloc/,9,,0,,6,,0,
https://www.creditdoc.co/review/u-1st-community/,22.5,,0,,6,,0,
https://www.creditdoc.co/review/union-bank/,35.5,,0,,6,,0,
https://www.creditdoc.co/review/union-savings-bank/,60,,0,,6,,0,
https://www.creditdoc.co/review/united-loan/,17.67,,0,,6,,0,
https://www.creditdoc.co/review/up/,76.5,,0,,6,,0,
https://www.creditdoc.co/review/wave/,51.17,,0,,6,,0,
https://www.creditdoc.co/review/wely-gra-check-cashing/,7.67,,0,,6,,0,
https://www.creditdoc.co/review/western-union-kansas-city-ks/,46.83,,0,,6,,0,
https://www.creditdoc.co/review/western-union-money-order-only-denver/,4,,0,,6,,0,
https://www.creditdoc.co/review/western-union-money-order-only-jacksonville-fl/,6.17,,0,,6,,0,
https://www.creditdoc.co/review/western-union-money-order-only-kansas-city/,2.5,,0,,6,,0,
https://www.creditdoc.co/review/western-union-money-order-only-minneapolis/,3.33,,0,,6,,0,
https://www.creditdoc.co/review/white-river/,56.67,,0,,6,,0,
https://www.creditdoc.co/review/woodward-check-cashing/,45.67,,0,,6,,0,
https://www.creditdoc.co/review/your-majesty-financial-llc/,3.83,,0,,6,,0,
https://creditdoc.co/review/access-financial-services/,8.4,,1,,5,,20,
https://creditdoc.co/review/access-of-louisiana/,76.8,,0,,5,,0,
https://creditdoc.co/review/ace-cash-express-new-orleans-la/,48,,0,,5,,0,
https://creditdoc.co/review/alpine/,58.6,,0,,5,,0,
https://creditdoc.co/review/avenir-financial/,7,,0,,5,,0,
https://creditdoc.co/review/bank-of-commerce-chanute/,61.8,,0,,5,,0,
https://creditdoc.co/review/big-spring-education-employees/,82.8,,0,,5,,0,
https://creditdoc.co/review/budget-automotive/,2.6,,0,,5,,0,
https://creditdoc.co/review/cash-depot-los-angeles/,2.2,,0,,5,,0,
https://creditdoc.co/review/cash-store-tomball/,45.4,,0,,5,,0,
https://creditdoc.co/review/centris/,34,,0,,5,,0,
https://creditdoc.co/review/century-support/,53.8,,0,,5,,0,
https://creditdoc.co/review/ceo-auto-group/,8.6,,0,,5,,0,
https://creditdoc.co/review/cheating-debt/,10.4,,0,,5,,0,
https://creditdoc.co/review/checksmart-taylor/,49.4,,0,,5,,0,
https://creditdoc.co/review/credit-by-creations-llc-dba-creative-financial-coaching-group/,6.8,,0,,5,,0,
https://creditdoc.co/review/dena-motors/,48.8,,0,,5,,0,
https://creditdoc.co/review/docs-on-demand/,48,,0,,5,,0,
https://creditdoc.co/review/eastern-operating-engineers/,18,,0,,5,,0,
https://creditdoc.co/review/elite-pawn/,67.4,,0,,5,,0,
https://creditdoc.co/review/empower-blue/,58.6,,0,,5,,0,
https://creditdoc.co/review/first-northern/,42.8,,0,,5,,0,
https://creditdoc.co/review/garden-city-pawn/,66.4,,0,,5,,0,
https://creditdoc.co/review/gem-loan-of-beverly-hills/,92.4,,0,,5,,0,
https://creditdoc.co/review/green-bridge-finance/,6.6,,0,,5,,0,
https://creditdoc.co/review/hawthorne-motors-pre-owned/,4.4,,0,,5,,0,
https://creditdoc.co/review/lone-star-financing/,64,,0,,5,,0,
https://creditdoc.co/review/m-j-auto-sales-oklahoma-city/,58.4,,0,,5,,0,
https://creditdoc.co/review/max-credit-repair-aurora/,5.2,,0,,5,,0,
https://creditdoc.co/review/max-payday-loans/,2.4,,0,,5,,0,
https://creditdoc.co/review/medina-county/,42.4,,0,,5,,0,
https://creditdoc.co/review/memorial-employees-financial/,66.8,,0,,5,,0,
https://creditdoc.co/review/mobilebusinessloancom/,6.8,,0,,5,,0,
https://creditdoc.co/review/monte-de-piedad-pawn-shop-san-ysidro-ca/,43.4,,0,,5,,0,
https://creditdoc.co/review/my-education-solutions/,49.6,,0,,5,,0,
https://creditdoc.co/review/new-gen-motorsports/,56.8,,0,,5,,0,
https://creditdoc.co/review/omni-title-agency/,17.8,,0,,5,,0,
https://creditdoc.co/review/peoples-state-bank-of-wells/,67.2,,0,,5,,0,
https://creditdoc.co/review/perfect-credit-consulting/,62.4,,0,,5,,0,
https://creditdoc.co/review/platos-closet-fort-worth-tx/,57.8,,0,,5,,0,
https://creditdoc.co/review/prr-south-fork/,51.2,,0,,5,,0,
https://creditdoc.co/review/red-noland-cadillac/,58.8,,0,,5,,0,
https://creditdoc.co/review/republic-financial/,3.2,,0,,5,,0,
https://creditdoc.co/review/ria-money-transfer-el-girasol-mexican-grocery/,5.6,,0,,5,,0,
https://creditdoc.co/review/right-start-mortgage-inc-dba-gfs-home-loans-jacksonville-kristine-kennedy/,8.6,,0,,5,,0,
https://creditdoc.co/review/rolls-royce-motor-cars-charlotte/,64.6,,0,,5,,0,
https://creditdoc.co/review/sanchez-auto-sales/,49,,0,,5,,0,
https://creditdoc.co/review/self-credit-builder/,74.4,,0,,5,,0,
https://creditdoc.co/review/sun-powersports-colorado-springs/,5,,0,,5,,0,
https://creditdoc.co/review/ten/,33.4,,0,,5,,0,
https://creditdoc.co/review/tennessee-army-national-guard-personal-financial-counselor/,2.4,,0,,5,,0,
https://creditdoc.co/review/texan-sky/,47,,0,,5,,0,
https://creditdoc.co/review/the-credit-gal/,11.4,,0,,5,,0,
https://creditdoc.co/review/transact-bank/,78.2,,0,,5,,0,
https://creditdoc.co/review/u-r-approved-auto-financing/,29.8,,0,,5,,0,
https://creditdoc.co/review/union/,73.6,,0,,5,,0,
https://creditdoc.co/review/university-motorsports/,61,,0,,5,,0,
https://creditdoc.co/review/vendacarusacom-we-buy-cars-we-beat-carmax-carvana/,7.2,,0,,5,,0,
https://creditdoc.co/review/waterbury-connecticut-teachers/,61,,0,,5,,0,
https://creditdoc.co/review/wave/,57.8,,0,,5,,0,
https://creditdoc.co/review/your-legacy/,65.2,,0,,5,,0,
https://www.creditdoc.co/best/best-business-lines-of-credit/,45.2,,0,,5,,0,
https://www.creditdoc.co/browse/pawn-shops/tucson-arizona/,72.4,,0,,5,,0,
https://www.creditdoc.co/categories/personal-loans/,37.2,,0,,5,,0,
https://www.creditdoc.co/city/dallas-tx/,3.4,,0,,5,,0,
https://www.creditdoc.co/city/dearborn-mi/,2.4,,0,,5,,0,
https://www.creditdoc.co/city/marrero-la/,69.6,,0,,5,,0,
https://www.creditdoc.co/city/sandy-springs-ga/,5.2,,0,,5,,0,
https://www.creditdoc.co/credit-guide/anaheim-ca/,32.2,,0,,5,,0,
https://www.creditdoc.co/credit-guide/anaheim-ca/personal-loans/,5.6,,0,,5,,0,
https://www.creditdoc.co/credit-guide/louisville-ky/,5.4,,0,,5,,0,
https://www.creditdoc.co/financial-wellness/student-loan-repayment/,80.2,,0,,5,,0,
https://www.creditdoc.co/methodology/,6.4,,0,,5,,0,
https://www.creditdoc.co/review/300-cash-loans-gilbert/,5.8,,0,,5,,0,
https://www.creditdoc.co/review/300-cash-loans-mesa/,5.4,,0,,5,,0,
https://www.creditdoc.co/review/a-financial-services-inc-01/,17.4,,0,,5,,0,
https://www.creditdoc.co/review/adams-community-bank/,54.8,,0,,5,,0,
https://www.creditdoc.co/review/advance-america-canton/,23.8,,0,,5,,0,
https://www.creditdoc.co/review/advance-america-kissimmee/,4.8,,0,,5,,0,
https://www.creditdoc.co/review/advance-payday-loans/,5.2,,0,,5,,0,
https://www.creditdoc.co/review/allied-cash-advance-tucson/,55.8,,0,,5,,0,
https://www.creditdoc.co/review/ascendusorg/,41.4,,0,,5,,0,
https://www.creditdoc.co/review/associated-school-employees/,58.6,,0,,5,,0,
https://www.creditdoc.co/review/atlanta-cash-it-here/,43.6,,0,,5,,0,
https://www.creditdoc.co/review/atlanta-check-cashers-atlanta/,2.8,,0,,5,,0,
https://www.creditdoc.co/review/auburn-community/,54.2,,0,,5,,0,
https://www.creditdoc.co/review/austin-credit-repair-credit-counseling/,6.4,,0,,5,,0,
https://www.creditdoc.co/review/bangor/,43.4,,0,,5,,0,
https://www.creditdoc.co/review/bayfirst-national-bank/,47.2,,0,,5,,0,
https://www.creditdoc.co/review/beal-bank-usa/,70.4,,0,,5,,0,
https://www.creditdoc.co/review/breco/,44.2,,0,,5,,0,
https://www.creditdoc.co/review/broadway-jewelry-pawn/,52.6,,0,,5,,0,
https://www.creditdoc.co/review/business-loan-provider/,9.6,,0,,5,,0,
https://www.creditdoc.co/review/cacl/,2.8,,0,,5,,0,
https://www.creditdoc.co/review/capacity-capital/,5.6,,0,,5,,0,
https://www.creditdoc.co/review/capital-fund-1/,53,,0,,5,,0,
https://www.creditdoc.co/review/cash-advance-centers-of-ky-louisville/,15.4,,0,,5,,0,
https://www.creditdoc.co/review/cash-advance/,14,,0,,5,,0,
https://www.creditdoc.co/review/cash-store/,34.4,,0,,5,,0,
https://www.creditdoc.co/review/cashville-gold-silver-buyers/,8.2,,0,,5,,0,
https://www.creditdoc.co/review/cfsc-checks-cashed-47th-halsted-currency-exchange-and-auto-license/,65.4,,0,,5,,0,
https://www.creditdoc.co/review/cfsc-checks-cashed-76th-mill-rd/,54.6,,0,,5,,0,
https://www.creditdoc.co/review/checkchangers-currency-exchange-car-title-chicago/,9,,0,,5,,0,
https://www.creditdoc.co/review/chivaho/,30.4,,0,,5,,0,
https://www.creditdoc.co/review/circle/,48.2,,0,,5,,0,
https://www.creditdoc.co/review/citizens-bank-and-trust-of-lebanon-inc/,81.2,,0,,5,,0,
https://www.creditdoc.co/review/citizens-bank-trust-inc/,95,,0,,5,,0,
https://www.creditdoc.co/review/city-cash-pawn/,50.2,,0,,5,,0,
https://www.creditdoc.co/review/coastal-loans/,75,,0,,5,,0,
https://www.creditdoc.co/review/coinflip-bitcoin-atm-columbus-pawn-shop-columbus/,9.4,,0,,5,,0,
https://www.creditdoc.co/review/columbus-urban-league/,75.6,,0,,5,,0,
https://www.creditdoc.co/review/commerce-capital-funding/,32.4,,0,,5,,0,
https://www.creditdoc.co/review/commercial-lending-philadelphia-pa/,36.8,,0,,5,,0,
https://www.creditdoc.co/review/community-connect/,74,,0,,5,,0,
https://www.creditdoc.co/review/community-resource/,78.4,,0,,5,,0,
https://www.creditdoc.co/review/coopers-cave/,17.8,,0,,5,,0,
https://www.creditdoc.co/review/cornerstone-home-lending/,6.8,,0,,5,,0,
https://www.creditdoc.co/review/credit-professional-services-fix-my-credit/,5.8,,0,,5,,0,
https://www.creditdoc.co/review/credit-saint/,4.6,,0,,5,,0,
https://www.creditdoc.co/review/credit-services-of-america/,75,,0,,5,,0,
https://www.creditdoc.co/review/creditors-relief/,4,,0,,5,,0,
https://www.creditdoc.co/review/cs-bank/,70,,0,,5,,0,
https://www.creditdoc.co/review/deepwater-industries/,59.4,,0,,5,,0,
https://www.creditdoc.co/review/deshur-law-firm/,13,,0,,5,,0,
https://www.creditdoc.co/review/dfcu-financial/,24.2,,0,,5,,0,
https://www.creditdoc.co/review/diamond-lakes/,45.2,,0,,5,,0,
https://www.creditdoc.co/review/direct-mortgage-loan/,87.8,,0,,5,,0,
https://www.creditdoc.co/review/directions/,76.8,,0,,5,,0,
https://www.creditdoc.co/review/division-726/,4.4,,0,,5,,0,
https://www.creditdoc.co/review/eaton-community-bank/,57.8,,0,,5,,0,
https://www.creditdoc.co/review/elkhorn-valley-bank-trust/,39.4,,0,,5,,0,
https://www.creditdoc.co/review/envios-y-mas-dallas-tx/,7,,0,,5,,0,
https://www.creditdoc.co/review/erie-neighborhood-house/,32.8,,0,,5,,0,
https://www.creditdoc.co/review/feliciana/,46,,0,,5,,0,
https://www.creditdoc.co/review/financial-health/,58.8,,0,,5,,0,
https://www.creditdoc.co/review/first-bank-kansas/,16.4,,0,,5,,0,
https://www.creditdoc.co/review/first-national-bank-of-oklahoma/,65.8,,0,,5,,0,
https://www.creditdoc.co/review/forge/,79.4,,0,,5,,0,
https://www.creditdoc.co/review/fowler-state-bank/,60,,0,,5,,0,
https://www.creditdoc.co/review/georgias-own-credit-union/,64.6,,0,,5,,0,
https://www.creditdoc.co/review/goodfield-state-bank/,49,,0,,5,,0,
https://www.creditdoc.co/review/har-co/,61.6,,0,,5,,0,
https://www.creditdoc.co/review/houston-highway-credit-union/,25.2,,0,,5,,0,
https://www.creditdoc.co/review/houston-highway/,14,,0,,5,,0,
https://www.creditdoc.co/review/howard-jewelry-loan/,72.6,,0,,5,,0,
https://www.creditdoc.co/review/illinois-currency-exchange-chicago/,8,,0,,5,,0,
https://www.creditdoc.co/review/insta-cash/,7.2,,0,,5,,0,
https://www.creditdoc.co/review/instalend/,4.8,,0,,5,,0,
https://www.creditdoc.co/review/jersey-city-police/,5.4,,0,,5,,0,
https://www.creditdoc.co/review/just-pawn/,80,,0,,5,,0,
https://www.creditdoc.co/review/kasheesh/,33,,0,,5,,0,
https://www.creditdoc.co/review/lakeview/,55.8,,0,,5,,0,
https://www.creditdoc.co/review/larry-the-lender/,63.6,,0,,5,,0,
https://www.creditdoc.co/review/lee-bank-and-trust-company/,57.6,,0,,5,,0,
https://www.creditdoc.co/review/lending-bee-trusted-hard-money-lender-california/,4.6,,0,,5,,0,
https://www.creditdoc.co/review/leo-hamel-jewelry-gold-buyers-old-town/,53.8,,0,,5,,0,
https://www.creditdoc.co/review/lily-advance/,8.2,,0,,5,,0,
https://www.creditdoc.co/review/magnolia-payday-loans-orlando/,10.2,,0,,5,,0,
https://www.creditdoc.co/review/marshall-t-p-employees/,4.2,,0,,5,,0,
https://www.creditdoc.co/review/metro-community/,73,,0,,5,,0,
https://www.creditdoc.co/review/miami-lakes-automall/,43.4,,0,,5,,0,
https://www.creditdoc.co/review/montana-capital-car-title-loans-southfield/,5.2,,0,,5,,0,
https://www.creditdoc.co/review/mt-airy-cdc/,5.2,,0,,5,,0,
https://www.creditdoc.co/review/nashville-money-guys/,20.4,,0,,5,,0,
https://www.creditdoc.co/review/nationwide-credit-clearing/,2,,0,,5,,0,
https://www.creditdoc.co/review/neighborhood-cash-advance-memphis/,43.6,,0,,5,,0,
https://www.creditdoc.co/review/new-american-funding-colorado-springs/,7,,0,,5,,0,
https://www.creditdoc.co/review/new-jersey-community/,68.6,,0,,5,,0,
https://www.creditdoc.co/review/ny-bravest-federal-credit-union/,43,,0,,5,,0,
https://www.creditdoc.co/review/on-call-cash/,32,,0,,5,,0,
https://www.creditdoc.co/review/one-stop-pawn/,17,,0,,5,,0,
https://www.creditdoc.co/review/onemain-financial-miami/,56.2,,0,,5,,0,
https://www.creditdoc.co/review/paul-vincent-at-primelending/,5.6,,0,,5,,0,
https://www.creditdoc.co/review/pawn-phoenix/,66.4,,0,,5,,0,
https://www.creditdoc.co/review/payment-card/,5,,0,,5,,0,
https://www.creditdoc.co/review/pd-cash-advance-loans/,4.6,,0,,5,,0,
https://www.creditdoc.co/review/penn-south-cooperative/,36,,0,,5,,0,
https://www.creditdoc.co/review/peoples/,80.2,,0,,5,,0,
https://www.creditdoc.co/review/pima/,52.6,,0,,5,,0,
https://www.creditdoc.co/review/ponce-bank/,15,,0,,5,,0,
https://www.creditdoc.co/review/portland-gold-buyers/,68.8,,0,,5,,0,
https://www.creditdoc.co/review/portland-precious-metals-coin/,84.2,,0,,5,,0,
https://www.creditdoc.co/review/quick-cash-funds-national-city/,1.6,,0,,5,,0,
https://www.creditdoc.co/review/ria-money-transfer-patron-envios-mas/,17.4,,0,,5,,0,
https://www.creditdoc.co/review/rnc-mortgage-b-lenders-for-construction-land-columbus/,10,,0,,5,,0,
https://www.creditdoc.co/review/sam-check-cashing-machine-harper-woods/,15.2,,0,,5,,0,
https://www.creditdoc.co/review/second-federal-savings-and-loan-association-of-philadelphia/,55.4,,0,,5,,0,
https://www.creditdoc.co/review/simula-financial/,5.4,,0,,5,,0,
https://www.creditdoc.co/review/speedy-cash-advance/,4.8,,0,,5,,0,
https://www.creditdoc.co/review/spoton-financial/,63.4,,0,,5,,0,
https://www.creditdoc.co/review/start-up-business-loans-charlotte/,8.8,,0,,5,,0,
https://www.creditdoc.co/review/state-bank-of-lakota/,44.8,,0,,5,,0,
https://www.creditdoc.co/review/susser-bank/,54,,0,,5,,0,
https://www.creditdoc.co/review/technology-credit-union/,65.4,,0,,5,,0,
https://www.creditdoc.co/review/texell/,57.6,,0,,5,,0,
https://www.creditdoc.co/review/the-check-cashing-store/,6.2,,0,,5,,0,
https://www.creditdoc.co/review/the-mint-national-bank/,45.8,,0,,5,,0,
https://www.creditdoc.co/review/titlemax-title-loans-phoenix-az/,58.2,,0,,5,,0,
https://www.creditdoc.co/review/top-cash-advance-durham/,5.8,,0,,5,,0,
https://www.creditdoc.co/review/tradelines-authorized-user-tradelines-and-credit-repair/,5,,0,,5,,0,
https://www.creditdoc.co/review/unibank/,72.2,,0,,5,,0,
https://www.creditdoc.co/review/union-trades/,67,,0,,5,,0,
https://www.creditdoc.co/review/united-credit-experts/,4.4,,0,,5,,0,
https://www.creditdoc.co/review/us-cash-advance-durham/,6.4,,0,,5,,0,
https://www.creditdoc.co/review/verity-credit-union/,39.8,,0,,5,,0,
https://www.creditdoc.co/review/vigo-moneygram-order-expres/,6,,0,,5,,0,
https://www.creditdoc.co/review/western-union-money-order-only-arlington/,10.8,,0,,5,,0,
https://www.creditdoc.co/review/western-union-money-order-only-mesa-az/,7.6,,0,,5,,0,
https://www.creditdoc.co/review/whitman-check-cashing/,31,,0,,5,,0,
https://www.creditdoc.co/terms/,4.6,,0,,5,,0,
https://creditdoc.co/review/1st-security-bank-of-washington/,46.5,,0,,4,,0,
https://creditdoc.co/review/5-star-car-title-loans-la-mesa/,5.5,,0,,4,,0,
https://creditdoc.co/review/ace-cash-express-garland/,52.25,,0,,4,,0,
https://creditdoc.co/review/ace-cash-express-tampa-fl/,58.75,,0,,4,,0,
https://creditdoc.co/review/acme-continental/,49.75,,0,,4,,0,
https://creditdoc.co/review/advance-america-claymont/,8.5,,0,,4,,0,
https://creditdoc.co/review/advance-america-el-cajon/,64.25,,0,,4,,0,
https://creditdoc.co/review/advance-america-hammond/,51,,0,,4,,0,
https://creditdoc.co/review/advance-financial-madison/,49.75,,0,,4,,0,
https://creditdoc.co/review/advance-loan/,22.75,,0,,4,,0,
https://creditdoc.co/review/advantage-finance-llc-title-loans-channelview/,15,,0,,4,,0,
https://creditdoc.co/review/alco/,86,,0,,4,,0,
https://creditdoc.co/review/aloha-pacific/,45,,0,,4,,0,
https://creditdoc.co/review/americor/,47.75,,0,,4,,0,
https://creditdoc.co/review/audi-pre-owned-department/,4,,0,,4,,0,
https://creditdoc.co/review/banco-popular-de-puerto-rico/,49,,0,,4,,0,
https://creditdoc.co/review/battle-and/,4.25,,0,,4,,0,
https://creditdoc.co/review/boulder-dam/,50,,0,,4,,0,
https://creditdoc.co/review/capital-fundings/,75.75,,0,,4,,0,
https://creditdoc.co/review/cash-america-pawn-haltom-city/,53,,0,,4,,0,
https://creditdoc.co/review/cash-express-memphis/,24,,0,,4,,0,
https://creditdoc.co/review/cash-plus-fullerton/,62.25,,0,,4,,0,
https://creditdoc.co/review/chime/,48.5,,0,,4,,0,
https://creditdoc.co/review/clovis-check-cashing/,65.5,,0,,4,,0,
https://creditdoc.co/review/coca-cola/,72,,0,,4,,0,
https://creditdoc.co/review/commonwealth-one/,47,,0,,4,,0,
https://creditdoc.co/review/credex-auto-title-loans/,41.75,,0,,4,,0,
https://creditdoc.co/review/discovery-auto-sales/,64.25,,0,,4,,0,
https://creditdoc.co/review/dream-first-bank/,42.25,,0,,4,,0,
https://creditdoc.co/review/edwards/,48.75,,0,,4,,0,
https://creditdoc.co/review/elevate/,59.5,,0,,4,,0,
https://creditdoc.co/review/erie/,47.75,,0,,4,,0,
https://creditdoc.co/review/first-choice-credit-union/,88.75,,0,,4,,0,
https://creditdoc.co/review/fox-valley/,62.5,,0,,4,,0,
https://creditdoc.co/review/franks-check-cashing/,8.5,,0,,4,,0,
https://creditdoc.co/review/gateway-bank/,77.25,,0,,4,,0,
https://creditdoc.co/review/goldentree-asset-management/,93.25,,0,,4,,0,
https://creditdoc.co/review/good-credit-america/,4.5,,0,,4,,0,
https://creditdoc.co/review/home-access-financial/,89.75,,0,,4,,0,
https://creditdoc.co/review/hughes-finance/,8,,0,,4,,0,
https://creditdoc.co/review/huntingtonized/,39.25,,0,,4,,0,
https://creditdoc.co/review/in-advance-capital/,50.5,,0,,4,,0,
https://creditdoc.co/review/instaloan-orlando/,67.25,,0,,4,,0,
https://creditdoc.co/review/instant-settle-consultants/,7.25,,0,,4,,0,
https://creditdoc.co/review/jacksonville-chrysler-dodge-jeep-ram-arlington/,6.5,,0,,4,,0,
https://creditdoc.co/review/lendnation-del-city/,12.75,,0,,4,,0,
https://creditdoc.co/review/lendnation-kansas-city-ks/,53,,0,,4,,0,
https://creditdoc.co/review/lidl/,32,,0,,4,,0,
https://creditdoc.co/review/lower-north-philadelphia-community-development-corporation/,8.75,,0,,4,,0,
https://creditdoc.co/review/mariner-finance-tampa/,41,,0,,4,,0,
https://creditdoc.co/review/millard-county/,66.75,,0,,4,,0,
https://creditdoc.co/review/mills42/,8.75,,0,,4,,0,
https://creditdoc.co/review/mobility-credit-union/,47.25,,0,,4,,0,
https://creditdoc.co/review/moneylion/,18.5,,0,,4,,0,
https://creditdoc.co/review/moneytree-aurora-co/,5.75,,0,,4,,0,
https://creditdoc.co/review/netcredit/,44,,0,,4,,0,
https://creditdoc.co/review/niagara-falls-a-f/,74.5,,0,,4,,0,
https://creditdoc.co/review/nomad-credit/,44.5,,0,,4,,0,
https://creditdoc.co/review/northern-valley/,27.75,,0,,4,,0,
https://creditdoc.co/review/northwestern-energy-employees/,48.25,,0,,4,,0,
https://creditdoc.co/review/notre-dame-community/,34.5,,0,,4,,0,
https://creditdoc.co/review/novation/,46.75,,0,,4,,0,
https://creditdoc.co/review/one-american-bank/,80.5,,0,,4,,0,
https://creditdoc.co/review/optimum-credit-solutions-fix-my-credit-scores/,56,,0,,4,,0,
https://creditdoc.co/review/optimum-credit-solutions-fix-your-credit-scores-fast/,3.25,,0,,4,,0,
https://creditdoc.co/review/orlandi-valuta-chicago/,1.75,,0,,4,,0,
https://creditdoc.co/review/palmetto-first/,47.75,,0,,4,,0,
https://creditdoc.co/review/panhandle/,67.5,,0,,4,,0,
https://creditdoc.co/review/pawn-shop-miami/,8.5,,0,,4,,0,
https://creditdoc.co/review/pd-cash-advance-loans/,3.5,,0,,4,,0,
https://creditdoc.co/review/primeline-capital/,9.75,,0,,4,,0,
https://creditdoc.co/review/rapid-cash-las-vegas-nv/,83.75,,0,,4,,0,
https://creditdoc.co/review/sammamish-mortgage/,46.25,,0,,4,,0,
https://creditdoc.co/review/sandgate-credit-repair-miami/,6,,0,,4,,0,
https://creditdoc.co/review/smart-financial/,75.25,,0,,4,,0,
https://creditdoc.co/review/somerville-school-employees/,7,,0,,4,,0,
https://creditdoc.co/review/stonebridge-financial/,4.5,,0,,4,,0,
https://creditdoc.co/review/strategic/,85,,0,,4,,0,
https://creditdoc.co/review/sturgis-bank-trust-company/,7,,0,,4,,0,
https://creditdoc.co/review/superb-cash-advance-lakewood/,6.75,,0,,4,,0,
https://creditdoc.co/review/tavares-family-jewelry-pawn/,65.25,,0,,4,,0,
https://creditdoc.co/review/telco-community-credit-union/,82.5,,0,,4,,0,
https://creditdoc.co/review/the-first-national-bank-of-spearville/,70.75,,0,,4,,0,
https://creditdoc.co/review/total-card-payments/,34.25,,0,,4,,0,
https://creditdoc.co/review/transit-workers/,78.25,,0,,4,,0,
https://creditdoc.co/review/victor-pawn-broker/,9.5,,0,,4,,0,
https://creditdoc.co/review/western-union-money-order-only-fort-worth-tx/,5,,0,,4,,0,
https://creditdoc.co/review/western-union-money-order-only-oklahoma-city-ok/,6.75,,0,,4,,0,
https://creditdoc.co/review/wilmington-trust/,35.25,,0,,4,,0,
https://creditdoc.co/review/wright-patt-credit-union-inc/,55,,0,,4,,0,
https://creditdoc.co/review/wright-special-financing/,5.5,,0,,4,,0,
https://www.creditdoc.co/best/best-debt-relief-companies/,68.25,,0,,4,,0,
https://www.creditdoc.co/categories/credit-cards/,52.25,,0,,4,,0,
https://www.creditdoc.co/city/national-city-ca/,5.25,,0,,4,,0,
https://www.creditdoc.co/city/norfolk-va/,4.75,,0,,4,,0,
https://www.creditdoc.co/city/oklahoma-city-oklahoma/,69,,0,,4,,0,
https://www.creditdoc.co/city/omaha-ne/,4.5,,0,,4,,0,
https://www.creditdoc.co/city/orlando-florida/,8.25,,0,,4,,0,
https://www.creditdoc.co/city/philadelphia-pa/,3.25,,0,,4,,0,
https://www.creditdoc.co/city/round-rock-texas/,74,,0,,4,,0,
https://www.creditdoc.co/compare/the-credit-repairmen-vs-national-credit-care/,77.5,,0,,4,,0,
https://www.creditdoc.co/credit-guide/akron-oh/credit-unions/,78.75,,0,,4,,0,
https://www.creditdoc.co/credit-guide/albuquerque-nm/mortgages/,68,,0,,4,,0,
https://www.creditdoc.co/credit-guide/fort-worth-tx/,4.25,,0,,4,,0,
https://www.creditdoc.co/deals/,7,,0,,4,,0,
https://www.creditdoc.co/review/12m-payday-loans/,13.5,,0,,4,,0,
https://www.creditdoc.co/review/700-plus-credit/,23.25,,0,,4,,0,
https://www.creditdoc.co/review/a-1-loan/,41.75,,0,,4,,0,
https://www.creditdoc.co/review/a1-check-cashing-6/,10,,0,,4,,0,
https://www.creditdoc.co/review/ace-cash-express-indianapolis-in/,16,,0,,4,,0,
https://www.creditdoc.co/review/ace-cash-express-tampa-fl/,56.25,,0,,4,,0,
https://www.creditdoc.co/review/advance-america-plainfield/,3.75,,0,,4,,0,
https://www.creditdoc.co/review/advance-financial-antioch/,25.75,,0,,4,,0,
https://www.creditdoc.co/review/advance-pay/,7,,0,,4,,0,
https://www.creditdoc.co/review/afena/,60.25,,0,,4,,0,
https://www.creditdoc.co/review/affinity-one/,36.75,,0,,4,,0,
https://www.creditdoc.co/review/all-in/,73,,0,,4,,0,
https://www.creditdoc.co/review/alliance/,58.25,,0,,4,,0,
https://www.creditdoc.co/review/american-merchant-capital-group/,10.25,,0,,4,,0,
https://www.creditdoc.co/review/american-pride-bank/,60.5,,0,,4,,0,
https://www.creditdoc.co/review/americas-credit-union/,62.5,,0,,4,,0,
https://www.creditdoc.co/review/americash-loans-kansas-city/,79,,0,,4,,0,
https://www.creditdoc.co/review/arthur-ray-law-offices/,46.5,,0,,4,,0,
https://www.creditdoc.co/review/auburnbank/,67.5,,0,,4,,0,
https://www.creditdoc.co/review/austin-mortgage-lender-joel-richardson/,43,,0,,4,,0,
https://www.creditdoc.co/review/automotive-fresh-start-center/,94.25,,0,,4,,0,
https://www.creditdoc.co/review/benifyt/,2.25,,0,,4,,0,
https://www.creditdoc.co/review/big-k-pawn-shop-midwest-city/,13.5,,0,,4,,0,
https://www.creditdoc.co/review/blink-lending-investments/,39.25,,0,,4,,0,
https://www.creditdoc.co/review/blue-flame-credit-union/,44,,0,,4,,0,
https://www.creditdoc.co/review/bmo-bank/,30.25,,0,,4,,0,
https://www.creditdoc.co/review/bom-bank/,4.75,,0,,4,,0,
https://www.creditdoc.co/review/bronx-pawn-shop/,60.5,,0,,4,,0,
https://www.creditdoc.co/review/buffalo-metropolitan/,71.75,,0,,4,,0,
https://www.creditdoc.co/review/capital-mbs/,52.5,,0,,4,,0,
https://www.creditdoc.co/review/caprock/,12,,0,,4,,0,
https://www.creditdoc.co/review/cash-america-pawn-decatur/,42,,0,,4,,0,
https://www.creditdoc.co/review/cash-out-re-fi-guys/,4.5,,0,,4,,0,
https://www.creditdoc.co/review/catholic-united-financial/,41.25,,0,,4,,0,
https://www.creditdoc.co/review/ccs-title-loan-services-loanmart-mid-city/,3.5,,0,,4,,0,
https://www.creditdoc.co/review/center-national-bank/,68.25,,0,,4,,0,
https://www.creditdoc.co/review/central-bad-credit-loans-pittsburgh/,4.75,,0,,4,,0,
https://www.creditdoc.co/review/central-state-bank-clayton/,58.5,,0,,4,,0,
https://www.creditdoc.co/review/check-into-cash/,29,,0,,4,,0,
https://www.creditdoc.co/review/chicago-super-pawn/,55.75,,0,,4,,0,
https://www.creditdoc.co/review/church-of-the-master/,12,,0,,4,,0,
https://www.creditdoc.co/review/citizens-bank-of-charleston/,43.75,,0,,4,,0,
https://www.creditdoc.co/review/city-finance/,20.5,,0,,4,,0,
https://www.creditdoc.co/review/cliffs-check-cashing-06/,20,,0,,4,,0,
https://www.creditdoc.co/review/colorado-lending-team/,71.5,,0,,4,,0,
https://www.creditdoc.co/review/colston-advisors/,5.25,,0,,4,,0,
https://www.creditdoc.co/review/community-plus/,48.75,,0,,4,,0,
https://www.creditdoc.co/review/complete-controller-philadelphia-pa-bookkeeping/,8.25,,0,,4,,0,
https://www.creditdoc.co/review/consumer-credit-counseling-danville/,98.25,,0,,4,,0,
https://www.creditdoc.co/review/consumer-credit-counseling-service-of-the-black-hills/,10.75,,0,,4,,0,
https://www.creditdoc.co/review/consumer-legal-group/,30.5,,0,,4,,0,
https://www.creditdoc.co/review/corporate-america-family/,69.25,,0,,4,,0,
https://www.creditdoc.co/review/corporate-cash-credit/,4.75,,0,,4,,0,
https://www.creditdoc.co/review/courtesy-loan/,25.25,,0,,4,,0,
https://www.creditdoc.co/review/credit-factory-usa/,6.5,,0,,4,,0,
https://www.creditdoc.co/review/credit-repair-frontliners/,2.25,,0,,4,,0,
https://www.creditdoc.co/review/credit-saint-by-liberty-tax/,5.75,,0,,4,,0,
https://www.creditdoc.co/review/credit-security-group/,17.5,,0,,4,,0,
https://www.creditdoc.co/review/dave-banking/,71.25,,0,,4,,0,
https://www.creditdoc.co/review/debterasers/,49.5,,0,,4,,0,
https://www.creditdoc.co/review/delowe-pawn-shop/,56,,0,,4,,0,
https://www.creditdoc.co/review/desertview/,65.5,,0,,4,,0,
https://www.creditdoc.co/review/don-services/,3,,0,,4,,0,
https://www.creditdoc.co/review/dunlop-employees/,34,,0,,4,,0,
https://www.creditdoc.co/review/eastex/,20,,0,,4,,0,
https://www.creditdoc.co/review/ebony-credit-solutions-credit-repair/,5,,0,,4,,0,
https://www.creditdoc.co/review/education-1st/,81.5,,0,,4,,0,
https://www.creditdoc.co/review/educational-employees/,67,,0,,4,,0,
https://www.creditdoc.co/review/eleven30-financial-group/,4.5,,0,,4,,0,
https://www.creditdoc.co/review/ent-credit-union-colorado-springs/,56.75,,0,,4,,0,
https://www.creditdoc.co/review/erie/,57.25,,0,,4,,0,
https://www.creditdoc.co/review/ernet-env%C3%ACos/,4,,0,,4,,0,
https://www.creditdoc.co/review/exchange-finance/,22.5,,0,,4,,0,
https://www.creditdoc.co/review/ez-money-check-cashing-council-bluffs-ia/,48.75,,0,,4,,0,
https://www.creditdoc.co/review/ez-money-san-antonio/,16.5,,0,,4,,0,
https://www.creditdoc.co/review/family-first/,83,,0,,4,,0,
https://www.creditdoc.co/review/farmers-merchants-bank-trust/,7.5,,0,,4,,0,
https://www.creditdoc.co/review/fidelis-catholic/,46.5,,0,,4,,0,
https://www.creditdoc.co/review/firemans/,14.25,,0,,4,,0,
https://www.creditdoc.co/review/first-southern-bank-marion/,42.75,,0,,4,,0,
https://www.creditdoc.co/review/freedom-debt-resolutions/,42.5,,0,,4,,0,
https://www.creditdoc.co/review/giro-azteca-3/,9.5,,0,,4,,0,
https://www.creditdoc.co/review/global-bankcard-services-best-point-of-sale-systemcredit-card-processor/,66.25,,0,,4,,0,
https://www.creditdoc.co/review/gold-rush-pittsburgh-pittsburgh-pa/,73.75,,0,,4,,0,
https://www.creditdoc.co/review/golden-title-loans/,3.75,,0,,4,,0,
https://www.creditdoc.co/review/grand-ridge-national-bank/,46,,0,,4,,0,
https://www.creditdoc.co/review/guadalupe-parish/,45.5,,0,,4,,0,
https://www.creditdoc.co/review/hampton-roads-educ-credit-union-inc/,59.75,,0,,4,,0,
https://www.creditdoc.co/review/healthnet/,81.75,,0,,4,,0,
https://www.creditdoc.co/review/heartland/,56.75,,0,,4,,0,
https://www.creditdoc.co/review/heritage-financial/,37.25,,0,,4,,0,
https://www.creditdoc.co/review/highmark/,2,,0,,4,,0,
https://www.creditdoc.co/review/home-advantage-lending/,94.75,,0,,4,,0,
https://www.creditdoc.co/review/houston-pawn-sharpstown/,25.75,,0,,4,,0,
https://www.creditdoc.co/review/innovative-mortgage-brokers/,81,,0,,4,,0,
https://www.creditdoc.co/review/instaloan-orlando/,78.5,,0,,4,,0,
https://www.creditdoc.co/review/instant-loan-processing/,25.5,,0,,4,,0,
https://www.creditdoc.co/review/integrity-bank/,43,,0,,4,,0,
https://www.creditdoc.co/review/iowa-state-bank-and-trust-company-of-fairfield-iowa/,68,,0,,4,,0,
https://www.creditdoc.co/review/iron-county-community/,52.5,,0,,4,,0,
https://www.creditdoc.co/review/j-j-check-cashing/,4.5,,0,,4,,0,
https://www.creditdoc.co/review/jj-check-cashing/,2.75,,0,,4,,0,
https://www.creditdoc.co/review/justice-federal-credit-union/,49.75,,0,,4,,0,
https://www.creditdoc.co/review/lake-law-p/,5.5,,0,,4,,0,
https://www.creditdoc.co/review/lehigh-valley-credit-restoration/,4.75,,0,,4,,0,
https://www.creditdoc.co/review/lendnation-gladstone/,51,,0,,4,,0,
https://www.creditdoc.co/review/lendnation-kansas-city-ks/,45.5,,0,,4,,0,
https://www.creditdoc.co/review/lennar-mortgage-llc-se-florida/,31.5,,0,,4,,0,
https://www.creditdoc.co/review/life-of-victory-international-christian-ministries/,3.25,,0,,4,,0,
https://www.creditdoc.co/review/lincone/,41.25,,0,,4,,0,
https://www.creditdoc.co/review/loan/,31.5,,0,,4,,0,
https://www.creditdoc.co/review/local-lending-oklahoma/,94,,0,,4,,0,
https://www.creditdoc.co/review/logan-medical/,56.75,,0,,4,,0,
https://www.creditdoc.co/review/louies-liquor-check-cashing/,8.5,,0,,4,,0,
https://www.creditdoc.co/review/make-credit-great-again/,7.25,,0,,4,,0,
https://www.creditdoc.co/review/merchant-services-club-free-credit-card-terminals/,5.5,,0,,4,,0,
https://www.creditdoc.co/review/mid-missouri-bank/,80.25,,0,,4,,0,
https://www.creditdoc.co/review/minnesota-first-credit-and-savings-incorporated/,40,,0,,4,,0,
https://www.creditdoc.co/review/moneygram-brook-park-oh/,1,,0,,4,,0,
https://www.creditdoc.co/review/mortgage-reel-keith-akada/,16,,0,,4,,0,
https://www.creditdoc.co/review/mutual-savings-and-loan-association/,79.75,,0,,4,,0,
https://www.creditdoc.co/review/nashville-savings-bank/,42.5,,0,,4,,0,
https://www.creditdoc.co/review/navicore-solutions/,5,,0,,4,,0,
https://www.creditdoc.co/review/nfg-2/,43.5,,0,,4,,0,
https://www.creditdoc.co/review/north-alabama-educators/,59,,0,,4,,0,
https://www.creditdoc.co/review/north-philadelphia-financial-partnership/,8.75,,0,,4,,0,
https://www.creditdoc.co/review/northeast-denver-housing-center/,4,,0,,4,,0,
https://www.creditdoc.co/review/nsc-naca-counseling-subsidiary-detroit-mi/,34.75,,0,,4,,0,
https://www.creditdoc.co/review/nsc-naca-counseling-subsidiary-philadelphia-pa/,48,,0,,4,,0,
https://www.creditdoc.co/review/ohio-state-university-extension-lucas-county/,5.5,,0,,4,,0,
https://www.creditdoc.co/review/on-time-finance/,3,,0,,4,,0,
https://www.creditdoc.co/review/pacific-beach-loan-jewelry/,72.5,,0,,4,,0,
https://www.creditdoc.co/review/pagoda/,20.25,,0,,4,,0,
https://www.creditdoc.co/review/panhandle-first-bank/,80.25,,0,,4,,0,
https://www.creditdoc.co/review/penn/,60.5,,0,,4,,0,
https://www.creditdoc.co/review/peoplefirst-bank/,62.75,,0,,4,,0,
https://www.creditdoc.co/review/pick-n-save-money-west-allis/,4.5,,0,,4,,0,
https://www.creditdoc.co/review/pinnacle-bank-jasper/,8.25,,0,,4,,0,
https://www.creditdoc.co/review/pls-check-cashers-louisville-ky/,35,,0,,4,,0,
https://www.creditdoc.co/review/primesource/,61.5,,0,,4,,0,
https://www.creditdoc.co/review/primo-personal-loans-colorado-springs/,4.75,,0,,4,,0,
https://www.creditdoc.co/review/princess-anne-pawn-jewelers/,12.75,,0,,4,,0,
https://www.creditdoc.co/review/private-lending-group/,9.75,,0,,4,,0,
https://www.creditdoc.co/review/propell-credit-union/,51.25,,0,,4,,0,
https://www.creditdoc.co/review/qc-lending/,82,,0,,4,,0,
https://www.creditdoc.co/review/red-river-credit-corporation-oklahoma-city/,9.25,,0,,4,,0,
https://www.creditdoc.co/review/retail-funding/,2.25,,0,,4,,0,
https://www.creditdoc.co/review/revity/,59,,0,,4,,0,
https://www.creditdoc.co/review/ria-money-transfer/,11.75,,0,,4,,0,
https://www.creditdoc.co/review/royal-pawn-shop-new-york/,3.5,,0,,4,,0,
https://www.creditdoc.co/review/rsnb-bank/,44,,0,,4,,0,
https://www.creditdoc.co/review/sam-check-cashing-machine-verona/,4.75,,0,,4,,0,
https://www.creditdoc.co/review/san-diego-jewelry-buyers/,10.5,,0,,4,,0,
https://www.creditdoc.co/review/senor-check-cashing-17/,5.75,,0,,4,,0,
https://www.creditdoc.co/review/south-texas/,60.25,,0,,4,,0,
https://www.creditdoc.co/review/southwest-financial-albuquerque/,73.25,,0,,4,,0,
https://www.creditdoc.co/review/st-james-parish/,49,,0,,4,,0,
https://www.creditdoc.co/review/start-up-business-loans-pittsburgh/,5.25,,0,,4,,0,
https://www.creditdoc.co/review/sun-east/,46.25,,0,,4,,0,
https://www.creditdoc.co/review/sunnyhill-financial/,55,,0,,4,,0,
https://www.creditdoc.co/review/superb-cash-advance-mesquite/,5,,0,,4,,0,
https://www.creditdoc.co/review/superior-national-bank/,63.5,,0,,4,,0,
https://www.creditdoc.co/review/tangipahoa-parish-teachers/,41,,0,,4,,0,
https://www.creditdoc.co/review/texas-car-title-and-payday-loan-services-arlington/,42.25,,0,,4,,0,
https://www.creditdoc.co/review/texas-loan-star/,59.75,,0,,4,,0,
https://www.creditdoc.co/review/texaslendingcom/,81,,0,,4,,0,
https://www.creditdoc.co/review/the-clay-city-banking-co/,10.5,,0,,4,,0,
https://www.creditdoc.co/review/the-credit-bureau/,24,,0,,4,,0,
https://www.creditdoc.co/review/the-first-state-bank/,3.25,,0,,4,,0,
https://www.creditdoc.co/review/the-money-vault-jewelry-loan-cincinnati/,60,,0,,4,,0,
https://www.creditdoc.co/review/the-peoples/,69.25,,0,,4,,0,
https://www.creditdoc.co/review/the-student-loan-doctor/,4,,0,,4,,0,
https://www.creditdoc.co/review/thompson-law/,7,,0,,4,,0,
https://www.creditdoc.co/review/titan-payday-loans/,4,,0,,4,,0,
https://www.creditdoc.co/review/titlemax-title-loans-dillon/,62.25,,0,,4,,0,
https://www.creditdoc.co/review/titlemax-title-loans-irving-tx/,79.25,,0,,4,,0,
https://www.creditdoc.co/review/tmmt-jewelry-pawn/,9.25,,0,,4,,0,
https://www.creditdoc.co/review/trinity-valley-teachers/,51.75,,0,,4,,0,
https://www.creditdoc.co/review/true-north/,49.75,,0,,4,,0,
https://www.creditdoc.co/review/unbank-check-cashing-open-24-hours/,49.5,,0,,4,,0,
https://www.creditdoc.co/review/union-home-mortgage-las-vegas/,2.75,,0,,4,,0,
https://www.creditdoc.co/review/upgrade/,75.75,,0,,4,,0,
https://www.creditdoc.co/review/urban-upbound-tax-prep-center/,4,,0,,4,,0,
https://www.creditdoc.co/review/us-cash-advance-long-beach/,2.25,,0,,4,,0,
https://www.creditdoc.co/review/us-money-express/,4.75,,0,,4,,0,
https://www.creditdoc.co/review/us-trust-business-loans-and-alternative-capital-funding/,5.25,,0,,4,,0,
https://www.creditdoc.co/review/usa-check-center-formerly-check-center-vista/,46.75,,0,,4,,0,
https://www.creditdoc.co/review/utica-district-telephone-employees/,47.25,,0,,4,,0,
https://www.creditdoc.co/review/vigo-chicago-il/,5.5,,0,,4,,0,
https://www.creditdoc.co/review/wallkill-valley-federal-savings-and-loan-association/,44,,0,,4,,0,
https://www.creditdoc.co/review/west-miami-jewelry-pawn/,89.5,,0,,4,,0,
https://www.creditdoc.co/review/western-union-money-order-only-bakersfield/,8.25,,0,,4,,0,
https://www.creditdoc.co/review/western-union-omaha/,6.5,,0,,4,,0,
https://www.creditdoc.co/review/westside-loan-office/,61.5,,0,,4,,0,
https://www.creditdoc.co/review/white-sands/,39.5,,0,,4,,0,
https://www.creditdoc.co/review/whitefish-credit-union-association/,35,,0,,4,,0,
https://www.creditdoc.co/review/boardwalk-funding/,4.33,,1,,3,,33.33,
https://creditdoc.co/review/1-cambiamos-cheques-houston/,6.67,,0,,3,,0,
https://creditdoc.co/review/aaa-residential-resources-inc/,4,,0,,3,,0,
https://creditdoc.co/review/abc-title-of-uptown/,60.33,,0,,3,,0,
https://creditdoc.co/review/ace-cash-express-bakersfield/,68,,0,,3,,0,
https://creditdoc.co/review/ace-cash-express-federal-heights/,12,,0,,3,,0,
https://creditdoc.co/review/ace-cash-express-san-antonio/,61,,0,,3,,0,
https://creditdoc.co/review/ace-check-cashing/,29.67,,0,,3,,0,
https://creditdoc.co/review/advance-america-southeast/,56,,0,,3,,0,
https://creditdoc.co/review/allied/,71.33,,0,,3,,0,
https://creditdoc.co/review/amerasia-bank/,46.67,,0,,3,,0,
https://creditdoc.co/review/american-bank-national-association-le-mars/,66,,0,,3,,0,
https://creditdoc.co/review/amko-lending/,4.67,,0,,3,,0,
https://creditdoc.co/review/aneca/,39,,0,,3,,0,
https://creditdoc.co/review/arizona-signature-motorsports/,70.67,,0,,3,,0,
https://creditdoc.co/review/atlantic-home-loans/,25.67,,0,,3,,0,
https://creditdoc.co/review/auto-bank-of-kansas-city-kansas-city/,79.33,,0,,3,,0,
https://creditdoc.co/review/auto-direct-buy/,52,,0,,3,,0,
https://creditdoc.co/review/bankers-bank-of-kansas/,59.33,,0,,3,,0,
https://creditdoc.co/review/baptist/,59,,0,,3,,0,
https://creditdoc.co/review/barri-office-arlington/,4,,0,,3,,0,
https://creditdoc.co/review/bee/,42,,0,,3,,0,
https://creditdoc.co/review/bridge-city-auto-sales-luxury-used-cars-portland/,6.33,,0,,3,,0,
https://creditdoc.co/review/c-l-exchange/,2.67,,0,,3,,0,
https://creditdoc.co/review/car-time-used-cars/,68,,0,,3,,0,
https://creditdoc.co/review/cash-america-pawn-jacksonville/,3,,0,,3,,0,
https://creditdoc.co/review/cash-cow-gretna/,35.33,,0,,3,,0,
https://creditdoc.co/review/cash-world/,3.33,,0,,3,,0,
https://creditdoc.co/review/cefs-christian-county-outreach-office/,2.67,,0,,3,,0,
https://creditdoc.co/review/centro-envios-downtown-agencia-envios-de-dinero-y-carga/,7,,0,,3,,0,
https://creditdoc.co/review/check-cashing-etc/,42.67,,0,,3,,0,
https://creditdoc.co/review/checkmate-lending-solutions-kansas-city/,4,,0,,3,,0,
https://creditdoc.co/review/checksmart-willoughby/,60.33,,0,,3,,0,
https://creditdoc.co/review/cincinnati-cadillac/,75.33,,0,,3,,0,
https://creditdoc.co/review/cochise/,58,,0,,3,,0,
https://creditdoc.co/review/combined/,56.67,,0,,3,,0,
https://creditdoc.co/review/compass/,66.67,,0,,3,,0,
https://creditdoc.co/review/contact-usa-brooklyn/,6.33,,0,,3,,0,
https://creditdoc.co/review/coulter-credit-repair/,9.33,,0,,3,,0,
https://creditdoc.co/review/crystal-pawn-shop/,62.33,,0,,3,,0,
https://creditdoc.co/review/dade-county-federal-credit-union/,71.67,,0,,3,,0,
https://creditdoc.co/review/desert-valleys/,51,,0,,3,,0,
https://creditdoc.co/review/detroit-auto/,83.33,,0,,3,,0,
https://creditdoc.co/review/dfcu-tulsa/,45,,0,,3,,0,
https://creditdoc.co/review/dolex-dollar-express-fort-worth/,2.67,,0,,3,,0,
https://creditdoc.co/review/dollar-loan-center-las-vegas/,59.67,,0,,3,,0,
https://creditdoc.co/review/electrical-workers-local-58/,72.33,,0,,3,,0,
https://creditdoc.co/review/financial-resources-federal-credit-union/,72.67,,0,,3,,0,
https://creditdoc.co/review/finova-financial-clackamas/,1.33,,0,,3,,0,
https://creditdoc.co/review/first-community-bank-batesville/,57,,0,,3,,0,
https://creditdoc.co/review/first-florida-credit-union/,77,,0,,3,,0,
https://creditdoc.co/review/florida-check-cashing-miami-fl/,9.33,,0,,3,,0,
https://creditdoc.co/review/front-royal/,44,,0,,3,,0,
https://creditdoc.co/review/fusion-cash-advance-clovis/,2.33,,0,,3,,0,
https://creditdoc.co/review/ganas-ya-cf-hawn/,56.67,,0,,3,,0,
https://creditdoc.co/review/georgia-power-valdosta/,54.33,,0,,3,,0,
https://creditdoc.co/review/geovista/,55.33,,0,,3,,0,
https://creditdoc.co/review/hard-money-global/,28.67,,0,,3,,0,
https://creditdoc.co/review/hard-money-loans-brooklyn/,48.33,,0,,3,,0,
https://creditdoc.co/review/health-alliance/,84,,0,,3,,0,
https://creditdoc.co/review/housing-opportunities-of-beaver-county-incor/,8,,0,,3,,0,
https://creditdoc.co/review/i-b-e-w-local-56/,71.67,,0,,3,,0,
https://creditdoc.co/review/instaloan-brandon/,25,,0,,3,,0,
https://creditdoc.co/review/jp-check-cashing-chicago-archer-ave/,4.67,,0,,3,,0,
https://creditdoc.co/review/kafene/,38.33,,0,,3,,0,
https://creditdoc.co/review/kansas-state-university/,61,,0,,3,,0,
https://creditdoc.co/review/kar-town/,67.67,,0,,3,,0,
https://creditdoc.co/review/loan-for-any-purpose-santa-ana/,7,,0,,3,,0,
https://creditdoc.co/review/loandepot-colorado-springs/,4.33,,0,,3,,0,
https://creditdoc.co/review/loanmax-title-loans-grand-junction/,5.67,,0,,3,,0,
https://creditdoc.co/review/loma-pawn-brokers/,18.33,,0,,3,,0,
https://creditdoc.co/review/long-island-alliance/,60,,0,,3,,0,
https://creditdoc.co/review/loreal-usa/,64,,0,,3,,0,
https://creditdoc.co/review/lufthansa-emp/,33,,0,,3,,0,
https://creditdoc.co/review/max-cash-advance/,63.33,,0,,3,,0,
https://creditdoc.co/review/mcdonald-community/,6.33,,0,,3,,0,
https://creditdoc.co/review/midwest-members/,34.67,,0,,3,,0,
https://creditdoc.co/review/money-mart-previously-the-check-cashing-store-miami-fl/,1.33,,0,,3,,0,
https://creditdoc.co/review/montana-capital-car-title-loans-fresno/,2,,0,,3,,0,
https://creditdoc.co/review/mountain-america/,68.33,,0,,3,,0,
https://creditdoc.co/review/national-police-federal-credit-union-chicago/,33.67,,0,,3,,0,
https://creditdoc.co/review/nave-bank/,50,,0,,3,,0,
https://creditdoc.co/review/new-alliance/,57,,0,,3,,0,
https://creditdoc.co/review/new-american-funding-alexander-mignone/,5,,0,,3,,0,
https://creditdoc.co/review/one-stop-multi-services-transfersenvios-bill-paypagos-money-orders-copy-print-fax-hablamos-espa%C3%B1ol/,7,,0,,3,,0,
https://creditdoc.co/review/onemain-financial-colorado-springs/,59,,0,,3,,0,
https://creditdoc.co/review/operation-hope-tampa/,9,,0,,3,,0,
https://creditdoc.co/review/order-express-kansas-city-southwest-blvd-check-cashing/,9.67,,0,,3,,0,
https://creditdoc.co/review/order-express/,6.33,,0,,3,,0,
https://creditdoc.co/review/orlandi-valuta-long-beach/,3.33,,0,,3,,0,
https://creditdoc.co/review/paydayallday-fresno/,11,,0,,3,,0,
https://creditdoc.co/review/picasso-pawn-raleigh/,73.67,,0,,3,,0,
https://creditdoc.co/review/public-service/,78,,0,,3,,0,
https://creditdoc.co/review/quick-fix-credit-solutions/,6.33,,0,,3,,0,
https://creditdoc.co/review/revolution-debt-relief/,5,,0,,3,,0,
https://creditdoc.co/review/riverfall/,47.67,,0,,3,,0,
https://creditdoc.co/review/rocket-financial/,79.33,,0,,3,,0,
https://creditdoc.co/review/royal-pawn/,77.67,,0,,3,,0,
https://creditdoc.co/review/sage-credit-and-consulting/,4.33,,0,,3,,0,
https://creditdoc.co/review/security-bank-tulsa/,68.33,,0,,3,,0,
https://creditdoc.co/review/shore-to-shore-community/,53.67,,0,,3,,0,
https://creditdoc.co/review/simon-simon-jewelry-loan/,18.33,,0,,3,,0,
https://creditdoc.co/review/sno-falls/,49,,0,,3,,0,
https://creditdoc.co/review/so-cal-loans/,56.67,,0,,3,,0,
https://creditdoc.co/review/southwest-financial-of-phoenix/,46,,0,,3,,0,
https://creditdoc.co/review/super-star-check-cashing/,9.33,,0,,3,,0,
https://creditdoc.co/review/superb-cash-advance-warren/,4.33,,0,,3,,0,
https://creditdoc.co/review/tc-cash/,31.33,,0,,3,,0,
https://creditdoc.co/review/the-adirondack-trust-company/,49.33,,0,,3,,0,
https://creditdoc.co/review/the-gold-rush-store-1-gold-jewelry-buyer-in-nashville-tn/,82,,0,,3,,0,
https://creditdoc.co/review/the-pawn-man/,74,,0,,3,,0,
https://creditdoc.co/review/the-precious-metals-group/,90,,0,,3,,0,
https://creditdoc.co/review/thinkwise/,58,,0,,3,,0,
https://creditdoc.co/review/titlemax-title-loans-georgetown/,74,,0,,3,,0,
https://creditdoc.co/review/titlemax-title-loans-kansas-city/,60,,0,,3,,0,
https://creditdoc.co/review/titlemax-title-pawns-morrow-ga/,64.33,,0,,3,,0,
https://creditdoc.co/review/top-tier/,61.33,,0,,3,,0,
https://creditdoc.co/review/trupoint-bank/,39.67,,0,,3,,0,
https://creditdoc.co/review/university/,40.33,,0,,3,,0,
https://creditdoc.co/review/us-trust-credit-repair-llc/,9.33,,0,,3,,0,
https://creditdoc.co/review/visionbank/,79.33,,0,,3,,0,
https://creditdoc.co/review/western-commerce-bank/,54,,0,,3,,0,
https://creditdoc.co/review/western-union-money-order-only-louisville/,5.33,,0,,3,,0,
https://creditdoc.co/review/western-union-sacramento/,3,,0,,3,,0,
https://creditdoc.co/review/yonkers-pawnbrokers/,68.33,,0,,3,,0,
https://www.creditdoc.co/city/chula-vista-ca/,8,,0,,3,,0,
https://www.creditdoc.co/city/commerce-city-co/,65.67,,0,,3,,0,
https://www.creditdoc.co/city/east-los-angeles-california/,3.33,,0,,3,,0,
https://www.creditdoc.co/city/goodlettsville-tn/,6.33,,0,,3,,0,
https://www.creditdoc.co/city/highland-park-mi/,1,,0,,3,,0,
https://www.creditdoc.co/city/jefferson-la/,24.67,,0,,3,,0,
https://www.creditdoc.co/city/kissimmee-florida/,5.67,,0,,3,,0,
https://www.creditdoc.co/city/memphis-tennessee/,2.33,,0,,3,,0,
https://www.creditdoc.co/city/metairie-louisiana/,65.67,,0,,3,,0,
https://www.creditdoc.co/city/miami-fl/,5.67,,0,,3,,0,
https://www.creditdoc.co/city/oakland-ca/,4.33,,0,,3,,0,
https://www.creditdoc.co/city/opa-locka-fl/,8,,0,,3,,0,
https://www.creditdoc.co/city/orange-park-florida/,74,,0,,3,,0,
https://www.creditdoc.co/city/riverdale-ga/,63.33,,0,,3,,0,
https://www.creditdoc.co/city/san-ysidro-ca/,8,,0,,3,,0,
https://www.creditdoc.co/city/st-paul-minnesota/,4.67,,0,,3,,0,
https://www.creditdoc.co/city/sugar-land-texas/,95,,0,,3,,0,
https://www.creditdoc.co/city/van-nuys-ca/,87,,0,,3,,0,
https://www.creditdoc.co/city/virginia-beach-virginia/,10,,0,,3,,0,
https://www.creditdoc.co/credit-guide/anaheim-ca/mortgages/,76.33,,0,,3,,0,
https://www.creditdoc.co/credit-guide/aurora-co/bankruptcy/,96.67,,0,,3,,0,
https://www.creditdoc.co/credit-guide/austin-tx/bankruptcy/,58.33,,0,,3,,0,
https://www.creditdoc.co/credit-guide/indianapolis-in/,94,,0,,3,,0,
https://www.creditdoc.co/credit-guide/omaha-ne/,1.67,,0,,3,,0,
https://www.creditdoc.co/credit-guide/virginia-beach-va/personal-loans/,6.33,,0,,3,,0,
https://www.creditdoc.co/disclaimer/,10,,0,,3,,0,
https://www.creditdoc.co/financial-wellness/how-interest-rates-work/,8.33,,0,,3,,0,
https://www.creditdoc.co/financial-wellness/remove-collections-from-credit/,25.33,,0,,3,,0,
https://www.creditdoc.co/review/1st-financial-bank-usa/,58,,0,,3,,0,
https://www.creditdoc.co/review/1st-security-financial-corporation/,3.67,,0,,3,,0,
https://www.creditdoc.co/review/5-star-car-title-loans-north-highlands/,7,,0,,3,,0,
https://www.creditdoc.co/review/a-1-cash-advance-shelbyville/,46.33,,0,,3,,0,
https://www.creditdoc.co/review/a-m-a-check-cashing/,8,,0,,3,,0,
https://www.creditdoc.co/review/a1-credit-repair/,6.33,,0,,3,,0,
https://www.creditdoc.co/review/ace-cash-express-jacksonville-fl/,42.33,,0,,3,,0,
https://www.creditdoc.co/review/ace-cash-express-memphis/,7.33,,0,,3,,0,
https://www.creditdoc.co/review/ace-cash-express-tempe/,3.33,,0,,3,,0,
https://www.creditdoc.co/review/adam-kracht-at-crosscountry-mortgage-nmls-1218552/,10,,0,,3,,0,
https://www.creditdoc.co/review/adr-financial-group/,11,,0,,3,,0,
https://www.creditdoc.co/review/advance-america-bowling-green/,8.33,,0,,3,,0,
https://www.creditdoc.co/review/advance-america-escondido/,2.33,,0,,3,,0,
https://www.creditdoc.co/review/affiliated-trades/,31.67,,0,,3,,0,
https://www.creditdoc.co/review/affinity-first/,58.33,,0,,3,,0,
https://www.creditdoc.co/review/agent-sf-mortgage-loans-luxury-real-estate-agents/,7.67,,0,,3,,0,
https://www.creditdoc.co/review/akron/,9.33,,0,,3,,0,
https://www.creditdoc.co/review/alhambra/,46.33,,0,,3,,0,
https://www.creditdoc.co/review/alliance-credit-union/,54.67,,0,,3,,0,
https://www.creditdoc.co/review/alliance-settlement/,51,,0,,3,,0,
https://www.creditdoc.co/review/allied-cash-advance-chino-valley/,51.67,,0,,3,,0,
https://www.creditdoc.co/review/allied-cash-advance/,64.67,,0,,3,,0,
https://www.creditdoc.co/review/als-check-cashing/,45,,0,,3,,0,
https://www.creditdoc.co/review/amalgamated-bank/,56.67,,0,,3,,0,
https://www.creditdoc.co/review/american-cash-advance-and-title-loan/,10,,0,,3,,0,
https://www.creditdoc.co/review/american-consumer-credit-counseling-newton/,46.33,,0,,3,,0,
https://www.creditdoc.co/review/american-heritage/,58.33,,0,,3,,0,
https://www.creditdoc.co/review/american-national-bank-of-minnesota/,6.33,,0,,3,,0,
https://www.creditdoc.co/review/american-trading-cincinnati/,59,,0,,3,,0,
https://www.creditdoc.co/review/amscot-the-money-superstore-jacksonville/,59.67,,0,,3,,0,
https://www.creditdoc.co/review/amscot-the-money-superstore-orlando/,53,,0,,3,,0,
https://www.creditdoc.co/review/arizona-jewelry-pawnbrokers/,76.67,,0,,3,,0,
https://www.creditdoc.co/review/assurance-financial-austin/,34.67,,0,,3,,0,
https://www.creditdoc.co/review/auto-title-loans-more-llc/,2.33,,0,,3,,0,
https://www.creditdoc.co/review/autopilot-leasing/,4,,0,,3,,0,
https://www.creditdoc.co/review/availa-bank/,60.67,,0,,3,,0,
https://www.creditdoc.co/review/bank-of-wiggins/,46.67,,0,,3,,0,
https://www.creditdoc.co/review/bank19/,11.67,,0,,3,,0,
https://www.creditdoc.co/review/barri-office-fort-worth/,1.67,,0,,3,,0,
https://www.creditdoc.co/review/bayou-city-federal-credit-union/,9.33,,0,,3,,0,
https://www.creditdoc.co/review/bessemer-trust-company-national-association-new-york/,7.67,,0,,3,,0,
https://www.creditdoc.co/review/broward-healthcare/,1.67,,0,,3,,0,
https://www.creditdoc.co/review/bustamante-pawnshop-and-jewelry/,10.33,,0,,3,,0,
https://www.creditdoc.co/review/buyers-of-nyc-gold-selling-of-midtown-nyc/,7.33,,0,,3,,0,
https://www.creditdoc.co/review/c-r-check-cashing/,2.67,,0,,3,,0,
https://www.creditdoc.co/review/california-coast-credit-union-mira-mesa-branch/,63.67,,0,,3,,0,
https://www.creditdoc.co/review/capital-one-platinum-secured/,6,,0,,3,,0,
https://www.creditdoc.co/review/carolina-trust/,40.67,,0,,3,,0,
https://www.creditdoc.co/review/casco/,48.67,,0,,3,,0,
https://www.creditdoc.co/review/cash-advance-council-bluffs/,30,,0,,3,,0,
https://www.creditdoc.co/review/cash-connection/,54.33,,0,,3,,0,
https://www.creditdoc.co/review/cash-cow/,7,,0,,3,,0,
https://www.creditdoc.co/review/cfsc-checks-cashed-flatbush/,22.33,,0,,3,,0,
https://www.creditdoc.co/review/check-cashing-etc/,70.33,,0,,3,,0,
https://www.creditdoc.co/review/check-cashing-services/,8.33,,0,,3,,0,
https://www.creditdoc.co/review/check-cashing-usa-miami-fl/,11,,0,,3,,0,
https://www.creditdoc.co/review/check-cashing-usa-miami-gardens/,5,,0,,3,,0,
https://www.creditdoc.co/review/check-into-cash-cleveland-tn/,65,,0,,3,,0,
https://www.creditdoc.co/review/check-into-cash-lenexa/,19.33,,0,,3,,0,
https://www.creditdoc.co/review/checks-cashing/,1.67,,0,,3,,0,
https://www.creditdoc.co/review/checksmart-plainfield/,9,,0,,3,,0,
https://www.creditdoc.co/review/chemco/,3,,0,,3,,0,
https://www.creditdoc.co/review/chicago-hard-money-and-bridge-loans/,4,,0,,3,,0,
https://www.creditdoc.co/review/cibc-national-trust-company/,1,,0,,3,,0,
https://www.creditdoc.co/review/citizens-buffalo/,40.67,,0,,3,,0,
https://www.creditdoc.co/review/city-of-firsts-community/,57,,0,,3,,0,
https://www.creditdoc.co/review/city-pawn-title-loans/,10,,0,,3,,0,
https://www.creditdoc.co/review/cme-federal-credit-union/,6.33,,0,,3,,0,
https://www.creditdoc.co/review/coinflip-bitcoin-atm-check-cashing-usa-miami/,9.33,,0,,3,,0,
https://www.creditdoc.co/review/colorado-enterprise-fund/,71,,0,,3,,0,
https://www.creditdoc.co/review/columbia-cascade-housing-corporations-housing-resource-center/,9.33,,0,,3,,0,
https://www.creditdoc.co/review/community-bank-and-trust-west-georgia/,5.33,,0,,3,,0,
https://www.creditdoc.co/review/community-focus/,48.33,,0,,3,,0,
https://www.creditdoc.co/review/coosa-pines/,74,,0,,3,,0,
https://www.creditdoc.co/review/covenant-community-capital/,7.33,,0,,3,,0,
https://www.creditdoc.co/review/credex-auto-title-loans-tampa/,7.67,,0,,3,,0,
https://www.creditdoc.co/review/credit-absolute/,95.67,,0,,3,,0,
https://www.creditdoc.co/review/credit-counseling-center-levittown/,10,,0,,3,,0,
https://www.creditdoc.co/review/credit-repair-consultants/,41,,0,,3,,0,
https://www.creditdoc.co/review/credlocity/,3.67,,0,,3,,0,
https://www.creditdoc.co/review/dannemora/,7.67,,0,,3,,0,
https://www.creditdoc.co/review/denver-housing-authority/,5,,0,,3,,0,
https://www.creditdoc.co/review/dhlc-investments/,50,,0,,3,,0,
https://www.creditdoc.co/review/directions-home-loan/,10,,0,,3,,0,
https://www.creditdoc.co/review/eastmill/,67.33,,0,,3,,0,
https://www.creditdoc.co/review/edinburg-teachers/,39.33,,0,,3,,0,
https://www.creditdoc.co/review/el-charro-cambio-de-cheques/,5,,0,,3,,0,
https://www.creditdoc.co/review/expert-collection-agency-seattle-olympic-collection/,31.67,,0,,3,,0,
https://www.creditdoc.co/review/faa-federal-credit-union-center-not-open-to-public/,11,,0,,3,,0,
https://www.creditdoc.co/review/faith-connection/,66.33,,0,,3,,0,
https://www.creditdoc.co/review/family-tree-inc/,5.67,,0,,3,,0,
https://www.creditdoc.co/review/fesenmyer-law-offices/,5,,0,,3,,0,
https://www.creditdoc.co/review/financial-educators/,83,,0,,3,,0,
https://www.creditdoc.co/review/first-american-title-insurance-las-vegas/,26,,0,,3,,0,
https://www.creditdoc.co/review/first-bank-ketchikan/,30.33,,0,,3,,0,
https://www.creditdoc.co/review/first-point/,5.33,,0,,3,,0,
https://www.creditdoc.co/review/first-street/,64.67,,0,,3,,0,
https://www.creditdoc.co/review/first-western/,59.67,,0,,3,,0,
https://www.creditdoc.co/review/fontana/,60.67,,0,,3,,0,
https://www.creditdoc.co/review/freeman-check-cashing/,2,,0,,3,,0,
https://www.creditdoc.co/review/funding-zone/,6,,0,,3,,0,
https://www.creditdoc.co/review/fusion-cash-advance/,6.33,,0,,3,,0,
https://www.creditdoc.co/review/gateway-to-housing/,36,,0,,3,,0,
https://www.creditdoc.co/review/georgia-united/,41,,0,,3,,0,
https://www.creditdoc.co/review/gesa-credit-union/,16.67,,0,,3,,0,
https://www.creditdoc.co/review/get-auto-title-loans-fresno-ca/,7.33,,0,,3,,0,
https://www.creditdoc.co/review/gold-coin-jax/,96.33,,0,,3,,0,
https://www.creditdoc.co/review/golden-oak-lending/,56.67,,0,,3,,0,
https://www.creditdoc.co/review/good-rate-loans/,4,,0,,3,,0,
https://www.creditdoc.co/review/grand-missouri-bank/,10,,0,,3,,0,
https://www.creditdoc.co/review/great-lakes-credit-union/,37.33,,0,,3,,0,
https://www.creditdoc.co/review/green-river-area/,60,,0,,3,,0,
https://www.creditdoc.co/review/hebrew-free-loan-of-san-francis/,47.33,,0,,3,,0,
https://www.creditdoc.co/review/hj-pawn-exchange/,6.67,,0,,3,,0,
https://www.creditdoc.co/review/home-loans-by-paige-paige-martinez-mortgage-broker/,3,,0,,3,,0,
https://www.creditdoc.co/review/home-national-bank/,5,,0,,3,,0,
https://www.creditdoc.co/review/homewise-inc/,82,,0,,3,,0,
https://www.creditdoc.co/review/homewood/,47,,0,,3,,0,
https://www.creditdoc.co/review/houston-area-urban-league/,7.33,,0,,3,,0,
https://www.creditdoc.co/review/houston-credit-repair-fix-your-credit-scores/,8.33,,0,,3,,0,
https://www.creditdoc.co/review/huron-community-bank/,68.33,,0,,3,,0,
https://www.creditdoc.co/review/hyperion-bank/,64,,0,,3,,0,
https://www.creditdoc.co/review/i3-bank/,86.33,,0,,3,,0,
https://www.creditdoc.co/review/ih-credit-union-inc/,81.67,,0,,3,,0,
https://www.creditdoc.co/review/illinois-currency-exchange-chicago-il/,8.33,,0,,3,,0,
https://www.creditdoc.co/review/increditable-advisors/,10,,0,,3,,0,
https://www.creditdoc.co/review/increditble-way/,23.67,,0,,3,,0,
https://www.creditdoc.co/review/instep/,10,,0,,3,,0,
https://www.creditdoc.co/review/interbank/,73.67,,0,,3,,0,
https://www.creditdoc.co/review/internal-revenue/,9.67,,0,,3,,0,
https://www.creditdoc.co/review/intesa-sanpaolo-spa-new-york-branch/,35.33,,0,,3,,0,
https://www.creditdoc.co/review/italo-american/,9.33,,0,,3,,0,
https://www.creditdoc.co/review/j-david-tax-law-philadelphia/,1,,0,,3,,0,
https://www.creditdoc.co/review/jackson-county/,77.33,,0,,3,,0,
https://www.creditdoc.co/review/jadams-financial/,7.67,,0,,3,,0,
https://www.creditdoc.co/review/jp-check-cashing-chicago-north-clark-1/,4.33,,0,,3,,0,
https://www.creditdoc.co/review/kedzie-chicago-currency-exchange/,1,,0,,3,,0,
https://www.creditdoc.co/review/klarna/,96.67,,0,,3,,0,
https://www.creditdoc.co/review/kwik-stop-check-cashing/,7,,0,,3,,0,
https://www.creditdoc.co/review/la-mesa-ca-top-auto-car-lender/,10,,0,,3,,0,
https://www.creditdoc.co/review/lendnation-moore/,25,,0,,3,,0,
https://www.creditdoc.co/review/lendtek/,30.67,,0,,3,,0,
https://www.creditdoc.co/review/liberty-debt-relief/,8.33,,0,,3,,0,
https://www.creditdoc.co/review/limitless-credit-consulting/,4,,0,,3,,0,
https://www.creditdoc.co/review/limpia-deudas/,51.33,,0,,3,,0,
https://www.creditdoc.co/review/lk-we-buy-gold-jewelry-loans/,10.33,,0,,3,,0,
https://www.creditdoc.co/review/loanstar-title-loans-houston-tx/,31,,0,,3,,0,
https://www.creditdoc.co/review/loyal-loans-edmond/,2.33,,0,,3,,0,
https://www.creditdoc.co/review/luxury-jewelry-loan/,8.67,,0,,3,,0,
https://www.creditdoc.co/review/magazine-pawn/,2.67,,0,,3,,0,
https://www.creditdoc.co/review/max-cash-title-loans-tucson/,6.67,,0,,3,,0,
https://www.creditdoc.co/review/max-leaman-austin-mortgage/,47,,0,,3,,0,
https://www.creditdoc.co/review/micro-loans-nw/,2.33,,0,,3,,0,
https://www.creditdoc.co/review/mid-carolina/,62.67,,0,,3,,0,
https://www.creditdoc.co/review/mid-cities/,11.33,,0,,3,,0,
https://www.creditdoc.co/review/mid-hudson-valley/,63.33,,0,,3,,0,
https://www.creditdoc.co/review/military-home-loans/,10.67,,0,,3,,0,
https://www.creditdoc.co/review/mohawk-valley/,70.67,,0,,3,,0,
https://www.creditdoc.co/review/moneygram-albuquerque-nm/,38.67,,0,,3,,0,
https://www.creditdoc.co/review/moneygram-catonsville/,9,,0,,3,,0,
https://www.creditdoc.co/review/moneygram-cincinnati-oh/,52.67,,0,,3,,0,
https://www.creditdoc.co/review/moneygram-memphis/,3,,0,,3,,0,
https://www.creditdoc.co/review/moneygram-virginia-beach/,9.67,,0,,3,,0,
https://www.creditdoc.co/review/moneysharp-credit-counseling/,8.67,,0,,3,,0,
https://www.creditdoc.co/review/montana-capital-car-title-loans-new-orleans/,7,,0,,3,,0,
https://www.creditdoc.co/review/my-credit-repair-in-columbus-oh/,4,,0,,3,,0,
https://www.creditdoc.co/review/navicore-solutions-roseville-mn/,9.67,,0,,3,,0,
https://www.creditdoc.co/review/nccl-no-credit-check-loans-cleveland/,58,,0,,3,,0,
https://www.creditdoc.co/review/need-cash-now/,3.33,,0,,3,,0,
https://www.creditdoc.co/review/new-american-funding-claudia-dominguez/,7.67,,0,,3,,0,
https://www.creditdoc.co/review/niceloans-memphis/,10,,0,,3,,0,
https://www.creditdoc.co/review/northern-hills/,33.67,,0,,3,,0,
https://www.creditdoc.co/review/northern-kentucky/,36.33,,0,,3,,0,
https://www.creditdoc.co/review/northern-skies/,45,,0,,3,,0,
https://www.creditdoc.co/review/northfield-bank/,3,,0,,3,,0,
https://www.creditdoc.co/review/olympus-financial/,7,,0,,3,,0,
https://www.creditdoc.co/review/omb-bank/,61,,0,,3,,0,
https://www.creditdoc.co/review/omni-military-loans/,48.33,,0,,3,,0,
https://www.creditdoc.co/review/on-point-home-loans/,84,,0,,3,,0,
https://www.creditdoc.co/review/one-credit-union-of-ny/,88.33,,0,,3,,0,
https://www.creditdoc.co/review/onelocal-bank/,63.67,,0,,3,,0,
https://www.creditdoc.co/review/oportun/,38.33,,0,,3,,0,
https://www.creditdoc.co/review/orange-county-fair-housing-council-inc/,8.67,,0,,3,,0,
https://www.creditdoc.co/review/orlandi-valuta-fresno/,3,,0,,3,,0,
https://www.creditdoc.co/review/osb-community-bank/,7.33,,0,,3,,0,
https://www.creditdoc.co/review/pacific-horizon/,68,,0,,3,,0,
https://www.creditdoc.co/review/pawn-jewelry-atlanta-ga/,6.67,,0,,3,,0,
https://www.creditdoc.co/review/payday-advance-reseda/,5,,0,,3,,0,
https://www.creditdoc.co/review/payomatic-new-york/,7.33,,0,,3,,0,
https://www.creditdoc.co/review/pcl-group-luxury-pawn-jewelry/,16.33,,0,,3,,0,
https://www.creditdoc.co/review/penn-south-federal-credit-union/,2,,0,,3,,0,
https://www.creditdoc.co/review/petefish-skiles-co/,4.33,,0,,3,,0,
https://www.creditdoc.co/review/pitney-bowes-employees/,7,,0,,3,,0,
https://www.creditdoc.co/review/platinum-credit-solutions/,10,,0,,3,,0,
https://www.creditdoc.co/review/pls-check-cashers-los-angeles-ca/,8,,0,,3,,0,
https://www.creditdoc.co/review/port-of-houston-warehouse/,55.67,,0,,3,,0,
https://www.creditdoc.co/review/portside-finance/,7.33,,0,,3,,0,
https://www.creditdoc.co/review/prime-meridian-bank/,12,,0,,3,,0,
https://www.creditdoc.co/review/primo-personal-loans-houston/,4,,0,,3,,0,
https://www.creditdoc.co/review/quick-check-cashing/,2.33,,0,,3,,0,
https://www.creditdoc.co/review/rapid-cash-advance-hampton/,7.33,,0,,3,,0,
https://www.creditdoc.co/review/rapid-finance/,7,,0,,3,,0,
https://www.creditdoc.co/review/regional-finance-raleigh/,34.33,,0,,3,,0,
https://www.creditdoc.co/review/richie-lending/,9.33,,0,,3,,0,
https://www.creditdoc.co/review/rocky-mountain-micro-finance/,6.33,,0,,3,,0,
https://www.creditdoc.co/review/rosewood-credit-services/,7.33,,0,,3,,0,
https://www.creditdoc.co/review/ryan-nash-mortgage-broker-nmls-1493480/,10.67,,0,,3,,0,
https://www.creditdoc.co/review/salina-interparochial/,28.33,,0,,3,,0,
https://www.creditdoc.co/review/san-diego-loan-company-san-diego-reverse-mortgage-specialists/,8,,0,,3,,0,
https://www.creditdoc.co/review/santander-bank-atm/,6.33,,0,,3,,0,
https://www.creditdoc.co/review/scale-bank/,8.67,,0,,3,,0,
https://www.creditdoc.co/review/schoolsfirst-federal-credit-union-san-diego-mission-valley/,22.67,,0,,3,,0,
https://www.creditdoc.co/review/shop-n-go-first-kiosk-loan-location/,3.67,,0,,3,,0,
https://www.creditdoc.co/review/silver-state-credit/,4.33,,0,,3,,0,
https://www.creditdoc.co/review/skyla-headquarters/,74,,0,,3,,0,
https://www.creditdoc.co/review/skyward/,39.67,,0,,3,,0,
https://www.creditdoc.co/review/small-business-loan-source/,4,,0,,3,,0,
https://www.creditdoc.co/review/south-story-bank-trust/,48.67,,0,,3,,0,
https://www.creditdoc.co/review/southwest-airlines-federal-credit-union/,81.33,,0,,3,,0,
https://www.creditdoc.co/review/southwest-improvement-council/,3,,0,,3,,0,
https://www.creditdoc.co/review/speedy-cash-austin/,70.33,,0,,3,,0,
https://www.creditdoc.co/review/speedy-cash-san-antonio/,5.33,,0,,3,,0,
https://www.creditdoc.co/review/spencer-county-bank/,31,,0,,3,,0,
https://www.creditdoc.co/review/st-petersburg-neighborhood-housing-services-incdba-neighborhood-home-solutions/,74,,0,,3,,0,
https://www.creditdoc.co/review/steer-financial-small-business-loans/,10.33,,0,,3,,0,
https://www.creditdoc.co/review/step-by-step-financial-wellness/,6.33,,0,,3,,0,
https://www.creditdoc.co/review/sullivan-home-loans/,3.67,,0,,3,,0,
https://www.creditdoc.co/review/superb-cash-advance-colorado-springs/,2.33,,0,,3,,0,
https://www.creditdoc.co/review/superior-credit-repair/,7.67,,0,,3,,0,
https://www.creditdoc.co/review/supreme-credit/,9.33,,0,,3,,0,
https://www.creditdoc.co/review/tampa-jewelry-loan/,1,,0,,3,,0,
https://www.creditdoc.co/review/taylor/,48.33,,0,,3,,0,
https://www.creditdoc.co/review/tee-pak/,62.67,,0,,3,,0,
https://www.creditdoc.co/review/ten/,48,,0,,3,,0,
https://www.creditdoc.co/review/tennessee-title-loan/,79,,0,,3,,0,
https://www.creditdoc.co/review/texan-credit-corporation-irving/,49,,0,,3,,0,
https://www.creditdoc.co/review/the-bank-and-trust-ssb/,88.33,,0,,3,,0,
https://www.creditdoc.co/review/the-callaway-bank/,31.33,,0,,3,,0,
https://www.creditdoc.co/review/the-debt-survivor/,4.67,,0,,3,,0,
https://www.creditdoc.co/review/the-farmers-merchants-bank/,4.33,,0,,3,,0,
https://www.creditdoc.co/review/the-first-national-bank-of-assumption/,62.33,,0,,3,,0,
https://www.creditdoc.co/review/the-first-national-bank-of-trinity/,8.33,,0,,3,,0,
https://www.creditdoc.co/review/the-first-national-bank-of-wakefield/,7,,0,,3,,0,
https://www.creditdoc.co/review/the-first-national-bank-trust/,9,,0,,3,,0,
https://www.creditdoc.co/review/the-jefferson-bank/,45.67,,0,,3,,0,
https://www.creditdoc.co/review/the-north-salem-state-bank/,5.67,,0,,3,,0,
https://www.creditdoc.co/review/the-rgv-credit-repair-specialists/,6,,0,,3,,0,
https://www.creditdoc.co/review/the-savings-bank-wakefield/,85.67,,0,,3,,0,
https://www.creditdoc.co/review/tiempo-loans/,29,,0,,3,,0,
https://www.creditdoc.co/review/timeshare-help-center/,9.67,,0,,3,,0,
https://www.creditdoc.co/review/tip-top-scores/,9,,0,,3,,0,
https://www.creditdoc.co/review/titlemax-title-loans-mckinney/,8,,0,,3,,0,
https://www.creditdoc.co/review/titlemax-title-loans-tucson/,78.67,,0,,3,,0,
https://www.creditdoc.co/review/tn-quick-cash-inglewood/,54.33,,0,,3,,0,
https://www.creditdoc.co/review/together/,61,,0,,3,,0,
https://www.creditdoc.co/review/toledo-finance/,41.33,,0,,3,,0,
https://www.creditdoc.co/review/tonawanda-valley/,39,,0,,3,,0,
https://www.creditdoc.co/review/torrington-municipal-and-teachers/,68,,0,,3,,0,
https://www.creditdoc.co/review/treelife-financial-solution/,69,,0,,3,,0,
https://www.creditdoc.co/review/tri-county-trust-company/,71.67,,0,,3,,0,
https://www.creditdoc.co/review/united-same-day-business-loans/,24.67,,0,,3,,0,
https://www.creditdoc.co/review/university-of-toledo/,45.67,,0,,3,,0,
https://www.creditdoc.co/review/urban-payday-loans-arlington/,3.67,,0,,3,,0,
https://www.creditdoc.co/review/usa-pawn-jewelry-tucson/,71.33,,0,,3,,0,
https://www.creditdoc.co/review/usa-pawn-jewelry/,68.33,,0,,3,,0,
https://www.creditdoc.co/review/usa-payday-cash-loans-memphis/,54.67,,0,,3,,0,
https://www.creditdoc.co/review/usavsdebt-holdings-llc-debt-relief/,6,,0,,3,,0,
https://www.creditdoc.co/review/usc-credit-union/,10.67,,0,,3,,0,
https://www.creditdoc.co/review/versailles-savings-and-loan-company/,8.67,,0,,3,,0,
https://www.creditdoc.co/review/vista-national-bank-trust/,7.33,,0,,3,,0,
https://www.creditdoc.co/review/w-t-n-m-atlantic/,3.33,,0,,3,,0,
https://www.creditdoc.co/review/wages-benham-attorneys/,9.67,,0,,3,,0,
https://www.creditdoc.co/review/waikiki-gold-and-silver/,7.67,,0,,3,,0,
https://www.creditdoc.co/review/washington-county-teachers/,11.67,,0,,3,,0,
https://www.creditdoc.co/review/wellspring/,67,,0,,3,,0,
https://www.creditdoc.co/review/westedge/,9.67,,0,,3,,0,
https://www.creditdoc.co/review/western-finance/,68.67,,0,,3,,0,
https://www.creditdoc.co/review/western-union-cleveland/,5.67,,0,,3,,0,
https://www.creditdoc.co/review/western-union-everman/,10.33,,0,,3,,0,
https://www.creditdoc.co/review/western-union-jersey-city/,1.33,,0,,3,,0,
https://www.creditdoc.co/review/western-union-money-order-only-las-vegas/,5.33,,0,,3,,0,
https://www.creditdoc.co/review/world-credit-union/,1,,0,,3,,0,
https://www.creditdoc.co/review/worthington-bank/,83,,0,,3,,0,
https://creditdoc.co/city/dearborn-michigan/,5,,0,,2,,0,
https://creditdoc.co/city/plano-texas/,6,,0,,2,,0,
https://creditdoc.co/review/1st-security-financial-corporation/,3.5,,0,,2,,0,
https://creditdoc.co/review/600-atlantic/,36.5,,0,,2,,0,
https://creditdoc.co/review/a1-check-cashing-detroit/,61.5,,0,,2,,0,
https://creditdoc.co/review/ace-cash-express-miami/,51,,0,,2,,0,
https://creditdoc.co/review/advance-america-milwaukee-wi/,41.5,,0,,2,,0,
https://creditdoc.co/review/advance-america-oklahoma-city/,61.5,,0,,2,,0,
https://creditdoc.co/review/advanced-financial/,85,,0,,2,,0,
https://creditdoc.co/review/alexandria-municipal-employees/,33,,0,,2,,0,
https://creditdoc.co/review/allied-loan-universal-city/,1,,0,,2,,0,
https://creditdoc.co/review/altana/,38,,0,,2,,0,
https://creditdoc.co/review/amarillo-national-bank/,40.5,,0,,2,,0,
https://creditdoc.co/review/americas-loan/,49.5,,0,,2,,0,
https://creditdoc.co/review/argo-check-cashing-corporation/,7,,0,,2,,0,
https://creditdoc.co/review/atm-la-police-credit-union/,3.5,,0,,2,,0,
https://creditdoc.co/review/atomic/,27,,0,,2,,0,
https://creditdoc.co/review/auto-mart-used-cars-in-jacksonville-nc/,4,,0,,2,,0,
https://creditdoc.co/review/auto-point-pre-owned/,73.5,,0,,2,,0,
https://creditdoc.co/review/autotrend-virginia/,41,,0,,2,,0,
https://creditdoc.co/review/babas-motorsports/,20,,0,,2,,0,
https://creditdoc.co/review/big-c-jewelry-loan/,44.5,,0,,2,,0,
https://creditdoc.co/review/blue-foundry-bank/,47,,0,,2,,0,
https://creditdoc.co/review/brazos-star/,36,,0,,2,,0,
https://creditdoc.co/review/bronx-pawn-shop/,54,,0,,2,,0,
https://creditdoc.co/review/brooklyn-bridge-capital-brooklyn/,86,,0,,2,,0,
https://creditdoc.co/review/brotherhood/,53,,0,,2,,0,
https://creditdoc.co/review/buy-one-auto/,7.5,,0,,2,,0,
https://creditdoc.co/review/c-b-w-schools/,49,,0,,2,,0,
https://creditdoc.co/review/calcasieu-teachers-and-employees/,45.5,,0,,2,,0,
https://creditdoc.co/review/car-finders/,72.5,,0,,2,,0,
https://creditdoc.co/review/cash-advance-jacksonville-fl/,2.5,,0,,2,,0,
https://creditdoc.co/review/cash-city-pawn/,65,,0,,2,,0,
https://creditdoc.co/review/cash-in-a-flash-pawn-aurora/,8.5,,0,,2,,0,
https://creditdoc.co/review/cash-oasis/,38,,0,,2,,0,
https://creditdoc.co/review/cashmax-sacramento/,57,,0,,2,,0,
https://creditdoc.co/review/cashmax/,8,,0,,2,,0,
https://creditdoc.co/review/check-n-title-loans-irving/,57.5,,0,,2,,0,
https://creditdoc.co/review/chicagos-bravest/,48,,0,,2,,0,
https://creditdoc.co/review/christian-credit-counselors/,23.5,,0,,2,,0,
https://creditdoc.co/review/citizens-buffalo/,26,,0,,2,,0,
https://creditdoc.co/review/citizens-community-federal/,70,,0,,2,,0,
https://creditdoc.co/review/coburn/,49.5,,0,,2,,0,
https://creditdoc.co/review/coles-holton-llp/,9,,0,,2,,0,
https://creditdoc.co/review/colquitt-county-teacher/,77.5,,0,,2,,0,
https://creditdoc.co/review/columbus-check-cashers/,5.5,,0,,2,,0,
https://creditdoc.co/review/community-state-bank-bradley/,70.5,,0,,2,,0,
https://creditdoc.co/review/credit-pro-repair-nyc/,63,,0,,2,,0,
https://creditdoc.co/review/credit-strong/,8.5,,0,,2,,0,
https://creditdoc.co/review/cvph-employees/,43,,0,,2,,0,
https://creditdoc.co/review/dc/,83,,0,,2,,0,
https://creditdoc.co/review/division-6-highway/,32.5,,0,,2,,0,
https://creditdoc.co/review/el-charro-cambio-de-cheques-albuquerque/,5.5,,0,,2,,0,
https://creditdoc.co/review/entrust-cash-advance/,56,,0,,2,,0,
https://creditdoc.co/review/envios-de-dinero-money-orders-pago-de-billes/,8.5,,0,,2,,0,
https://creditdoc.co/review/express-loan/,27.5,,0,,2,,0,
https://creditdoc.co/review/extraco-banks/,54.5,,0,,2,,0,
https://creditdoc.co/review/family-car-title-loans-carlsbad/,4,,0,,2,,0,
https://creditdoc.co/review/fidelity-investments/,81,,0,,2,,0,
https://creditdoc.co/review/first-baptist-church-stratford/,9.5,,0,,2,,0,
https://creditdoc.co/review/first-national-bank-in-philip/,54,,0,,2,,0,
https://creditdoc.co/review/first-state-bank-of-san-diego/,11,,0,,2,,0,
https://creditdoc.co/review/flamingo-jones-plaza/,73.5,,0,,2,,0,
https://creditdoc.co/review/fox-imes-crosby/,10,,0,,2,,0,
https://creditdoc.co/review/frost-law/,9,,0,,2,,0,
https://creditdoc.co/review/funding-credit/,9,,0,,2,,0,
https://creditdoc.co/review/gallatin-steam-plant/,39.5,,0,,2,,0,
https://creditdoc.co/review/golden-jewelers/,49.5,,0,,2,,0,
https://creditdoc.co/review/good-loans/,81.5,,0,,2,,0,
https://creditdoc.co/review/greater-kentucky-cu-inc/,54.5,,0,,2,,0,
https://creditdoc.co/review/greater-waterbury-healthcare/,1,,0,,2,,0,
https://creditdoc.co/review/hamilton-horizons/,32,,0,,2,,0,
https://creditdoc.co/review/handy-stop-check-cashing/,11,,0,,2,,0,
https://creditdoc.co/review/haverhill-fire-department/,51,,0,,2,,0,
https://creditdoc.co/review/homesfund/,36.5,,0,,2,,0,
https://creditdoc.co/review/honda-of-seattle/,41,,0,,2,,0,
https://creditdoc.co/review/house-of-cars-louisville/,71,,0,,2,,0,
https://creditdoc.co/review/houston-pawn/,58.5,,0,,2,,0,
https://creditdoc.co/review/illinois-state-police/,57.5,,0,,2,,0,
https://creditdoc.co/review/improvedcreditscore-llc/,4.5,,0,,2,,0,
https://creditdoc.co/review/isuroon/,11.5,,0,,2,,0,
https://creditdoc.co/review/jack-miller-auto-plaza/,18.5,,0,,2,,0,
https://creditdoc.co/review/jp-dollars-store-plus-check-cashing/,7,,0,,2,,0,
https://creditdoc.co/review/julie-johnson-johnson-team-crosscountry-mortgage-seattle/,47.5,,0,,2,,0,
https://creditdoc.co/review/kearny-municipal-employees/,49,,0,,2,,0,
https://creditdoc.co/review/kemba-louisville/,66.5,,0,,2,,0,
https://creditdoc.co/review/kimberly-clark/,39.5,,0,,2,,0,
https://creditdoc.co/review/kings-food-markets/,50.5,,0,,2,,0,
https://creditdoc.co/review/leading-edge/,44.5,,0,,2,,0,
https://creditdoc.co/review/libertyone-credit-union/,59,,0,,2,,0,
https://creditdoc.co/review/lincoln-sda/,50.5,,0,,2,,0,
https://creditdoc.co/review/loan-for-any-purpose-long-beach/,7,,0,,2,,0,
https://creditdoc.co/review/loan-till-payday/,11,,0,,2,,0,
https://creditdoc.co/review/loanstar-title-loans-pasadena-tx/,37.5,,0,,2,,0,
https://creditdoc.co/review/lokahi/,41,,0,,2,,0,
https://creditdoc.co/review/madison-fire-department/,33.5,,0,,2,,0,
https://creditdoc.co/review/mahoning-valley/,94,,0,,2,,0,
https://creditdoc.co/review/marks-jewelry/,57.5,,0,,2,,0,
https://creditdoc.co/review/masters-group-auto-center/,49.5,,0,,2,,0,
https://creditdoc.co/review/max-cash-title-loans-tucson/,35.5,,0,,2,,0,
https://creditdoc.co/review/merrimack-valley-housing-partnership/,50,,0,,2,,0,
https://creditdoc.co/review/methodist-hospital-employees/,52.5,,0,,2,,0,
https://creditdoc.co/review/mike-del-preto/,16.5,,0,,2,,0,
https://creditdoc.co/review/mission-pawn/,55.5,,0,,2,,0,
https://creditdoc.co/review/moneytree-aurora/,43.5,,0,,2,,0,
https://creditdoc.co/review/mostar-motors/,53.5,,0,,2,,0,
https://creditdoc.co/review/netspend-corporation/,67.5,,0,,2,,0,
https://creditdoc.co/review/new-castle-county-delaware-em/,71,,0,,2,,0,
https://creditdoc.co/review/niagara-falls-teachers/,47.5,,0,,2,,0,
https://creditdoc.co/review/nordstrom-fcu/,45.5,,0,,2,,0,
https://creditdoc.co/review/northwoods-bank-of-minnesota/,43.5,,0,,2,,0,
https://creditdoc.co/review/oceanair/,70,,0,,2,,0,
https://creditdoc.co/review/orange-countys/,61,,0,,2,,0,
https://creditdoc.co/review/paps-auto-sales/,18.5,,0,,2,,0,
https://creditdoc.co/review/paragon-mills-loan/,82,,0,,2,,0,
https://creditdoc.co/review/partners-1st/,57,,0,,2,,0,
https://creditdoc.co/review/path-loans/,61.5,,0,,2,,0,
https://creditdoc.co/review/payday-champion/,43,,0,,2,,0,
https://creditdoc.co/review/payment-1-loans-midwest-city/,31.5,,0,,2,,0,
https://creditdoc.co/review/pontiac-dwight-prison-employs/,8,,0,,2,,0,
https://creditdoc.co/review/power-motors-nyc-queens-used-car-dealership-new-york/,22.5,,0,,2,,0,
https://creditdoc.co/review/purdue/,57,,0,,2,,0,
https://creditdoc.co/review/quick-loans/,64.5,,0,,2,,0,
https://creditdoc.co/review/rapid-cash-north-las-vegas-nv/,88,,0,,2,,0,
https://creditdoc.co/review/ravenswood/,8.5,,0,,2,,0,
https://creditdoc.co/review/red-noland-ineos-grenadier/,61.5,,0,,2,,0,
https://creditdoc.co/review/resource/,47.5,,0,,2,,0,
https://creditdoc.co/review/ria-money-transfer-envios-el-papi/,11,,0,,2,,0,
https://creditdoc.co/review/rise-up-financial-freedom-solutions/,3,,0,,2,,0,
https://creditdoc.co/review/rnc-mortgage-b-lenders-for-construction-land-columbus/,2,,0,,2,,0,
https://creditdoc.co/review/rome/,58.5,,0,,2,,0,
https://creditdoc.co/review/rose-financial-solutions/,4,,0,,2,,0,
https://creditdoc.co/review/saddleback-loan/,25.5,,0,,2,,0,
https://creditdoc.co/review/sagesure/,57,,0,,2,,0,
https://creditdoc.co/review/shelter-insurance/,50.5,,0,,2,,0,
https://creditdoc.co/review/sherman-diamonds/,48,,0,,2,,0,
https://creditdoc.co/review/silver-dollar-financial/,10,,0,,2,,0,
https://creditdoc.co/review/sir-finance-corporation/,31.5,,0,,2,,0,
https://creditdoc.co/review/smart-pawn-jewelry/,11,,0,,2,,0,
https://creditdoc.co/review/southern-gas/,53,,0,,2,,0,
https://creditdoc.co/review/sunnyhill-financial/,36,,0,,2,,0,
https://creditdoc.co/review/superb-cash-advance-indianapolis-in/,8,,0,,2,,0,
https://creditdoc.co/review/symple-lending/,78,,0,,2,,0,
https://creditdoc.co/review/tacoma-pierce-county-habitat-for-humanity/,3,,0,,2,,0,
https://creditdoc.co/review/texas-equity-lending/,1.5,,0,,2,,0,
https://creditdoc.co/review/the-american-national-bank-of-mount-pleasant/,58.5,,0,,2,,0,
https://creditdoc.co/review/the-central-trust-bank/,80.5,,0,,2,,0,
https://creditdoc.co/review/the-health-education/,67,,0,,2,,0,
https://creditdoc.co/review/the-law-office-of-m-sean-cydrus/,37,,0,,2,,0,
https://creditdoc.co/review/titlemax-san-antonio-tx/,6,,0,,2,,0,
https://creditdoc.co/review/titlemax-title-loans-gallatin/,63.5,,0,,2,,0,
https://creditdoc.co/review/titlemax-title-pawns-kingsland/,53,,0,,2,,0,
https://creditdoc.co/review/troys-towing/,58,,0,,2,,0,
https://creditdoc.co/review/union-bank-and-trust-company-minneapolis/,2,,0,,2,,0,
https://creditdoc.co/review/united-state-bank/,68,,0,,2,,0,
https://creditdoc.co/review/us-cash-advance-minneapolis/,5,,0,,2,,0,
https://creditdoc.co/review/vantage-point/,49.5,,0,,2,,0,
https://creditdoc.co/review/vermont/,74.5,,0,,2,,0,
https://creditdoc.co/review/warren-municipal/,28.5,,0,,2,,0,
https://creditdoc.co/review/west-texas/,64,,0,,2,,0,
https://creditdoc.co/review/winin-pawnbroker-winin-pawn-shop/,10.5,,0,,2,,0,
https://creditdoc.co/review/world-check-casher-charlotte/,43,,0,,2,,0,
https://www.creditdoc.co/answers/business-loan-rates-fees-explained/,44.5,,0,,2,,0,
https://www.creditdoc.co/answers/can-i-do-debt-consolidation-myself/,7,,0,,2,,0,
https://www.creditdoc.co/answers/how-to-build-credit-score-fast/,6.5,,0,,2,,0,
https://www.creditdoc.co/best/best-credit-repair-companies/,58.5,,0,,2,,0,
https://www.creditdoc.co/best/best-secured-credit-cards/,28,,0,,2,,0,
https://www.creditdoc.co/blog/emergency-loans-for-bad-credit-7-options-in-24-hours/,25.5,,0,,2,,0,
https://www.creditdoc.co/browse/payday-alternatives/denver-co/,79.5,,0,,2,,0,
https://www.creditdoc.co/city/baltimore-maryland/,3,,0,,2,,0,
https://www.creditdoc.co/city/bartlett-tn/,10,,0,,2,,0,
https://www.creditdoc.co/city/brandon-fl/,45.5,,0,,2,,0,
https://www.creditdoc.co/city/hollywood-fl/,3.5,,0,,2,,0,
https://www.creditdoc.co/city/irvine-ca/,80,,0,,2,,0,
https://www.creditdoc.co/city/irving-tx/,4,,0,,2,,0,
https://www.creditdoc.co/city/new-braunfels-texas/,28,,0,,2,,0,
https://www.creditdoc.co/city/new-york-ny/,6,,0,,2,,0,
https://www.creditdoc.co/city/raleigh-north%20carolina/,16.5,,0,,2,,0,
https://www.creditdoc.co/city/sacramento-ca/,6.5,,0,,2,,0,
https://www.creditdoc.co/city/saginaw-texas/,67.5,,0,,2,,0,
https://www.creditdoc.co/city/san-antonio-texas/,7,,0,,2,,0,
https://www.creditdoc.co/city/tempe-arizona/,70.5,,0,,2,,0,
https://www.creditdoc.co/city/tempe-az/,12,,0,,2,,0,
https://www.creditdoc.co/credit-guide/akron-oh/bankruptcy/,2.5,,0,,2,,0,
https://www.creditdoc.co/credit-guide/akron-oh/personal-loans/,5,,0,,2,,0,
https://www.creditdoc.co/credit-guide/albuquerque-nm/emergency-cash/,19.5,,0,,2,,0,
https://www.creditdoc.co/credit-guide/amarillo-tx/bankruptcy/,19,,0,,2,,0,
https://www.creditdoc.co/credit-guide/arlington-tx/credit-unions/,42,,0,,2,,0,
https://www.creditdoc.co/credit-guide/aurora-co/atm/,87,,0,,2,,0,
https://www.creditdoc.co/credit-guide/aurora-co/banking/,59,,0,,2,,0,
https://www.creditdoc.co/credit-guide/aurora-co/business-loans/,6,,0,,2,,0,
https://www.creditdoc.co/credit-guide/austin-tx/emergency-cash/,79.5,,0,,2,,0,
https://www.creditdoc.co/credit-guide/austin-tx/mortgages/,8,,0,,2,,0,
https://www.creditdoc.co/credit-guide/las-vegas-nv/,42,,0,,2,,0,
https://www.creditdoc.co/financial-wellness/,29.5,,0,,2,,0,
https://www.creditdoc.co/financial-wellness/auto-loans-bad-credit/,10,,0,,2,,0,
https://www.creditdoc.co/financial-wellness/credit-repair-scams/,82,,0,,2,,0,
https://www.creditdoc.co/privacy/,5.5,,0,,2,,0,
https://www.creditdoc.co/resources/debt-credit-letter-templates/,87.5,,0,,2,,0,
https://www.creditdoc.co/review/1-check-cashing/,1,,0,,2,,0,
https://www.creditdoc.co/review/30-day-credit-repair/,4,,0,,2,,0,
https://www.creditdoc.co/review/360/,21,,0,,2,,0,
https://www.creditdoc.co/review/5-star-car-title-loans/,4,,0,,2,,0,
https://www.creditdoc.co/review/77th-street-depot/,74.5,,0,,2,,0,
https://www.creditdoc.co/review/abc-title-of-mid-city/,61,,0,,2,,0,
https://www.creditdoc.co/review/academy-bank/,72,,0,,2,,0,
https://www.creditdoc.co/review/access-cdfi/,7,,0,,2,,0,
https://www.creditdoc.co/review/access-of-louisiana/,96,,0,,2,,0,
https://www.creditdoc.co/review/ace-cash-express-leon-valley/,9,,0,,2,,0,
https://www.creditdoc.co/review/advance-america-kansas-city-ks/,40.5,,0,,2,,0,
https://www.creditdoc.co/review/advance-america-plymouth/,4.5,,0,,2,,0,
https://www.creditdoc.co/review/ajs-swap-shop/,10,,0,,2,,0,
https://www.creditdoc.co/review/all-payday-loans-oshkosh/,4.5,,0,,2,,0,
https://www.creditdoc.co/review/american-auto-title-loan/,4,,0,,2,,0,
https://www.creditdoc.co/review/american-credit-credit-repair-centers/,7,,0,,2,,0,
https://www.creditdoc.co/review/american-debt-resources/,2,,0,,2,,0,
https://www.creditdoc.co/review/andys-don-cash/,5,,0,,2,,0,
https://www.creditdoc.co/review/angel-solutions-atl/,8.5,,0,,2,,0,
https://www.creditdoc.co/review/approved-cash/,89,,0,,2,,0,
https://www.creditdoc.co/review/arizona-valley-lending/,69,,0,,2,,0,
https://www.creditdoc.co/review/armstrong-county-building-and-loan-association/,36,,0,,2,,0,
https://www.creditdoc.co/review/atlanta-check-cashers/,7.5,,0,,2,,0,
https://www.creditdoc.co/review/bank-of-america-financial-center-new-york-ny/,8,,0,,2,,0,
https://www.creditdoc.co/review/bank-of-commerce-rawlins/,70.5,,0,,2,,0,
https://www.creditdoc.co/review/bank-of-labor/,6,,0,,2,,0,
https://www.creditdoc.co/review/bank-of-springfield/,58.5,,0,,2,,0,
https://www.creditdoc.co/review/bank419/,4,,0,,2,,0,
https://www.creditdoc.co/review/banner-bank/,89,,0,,2,,0,
https://www.creditdoc.co/review/beach-blvd-pawn-shop/,2,,0,,2,,0,
https://www.creditdoc.co/review/bee/,45.5,,0,,2,,0,
https://www.creditdoc.co/review/bell-road-credit-center/,39,,0,,2,,0,
https://www.creditdoc.co/review/belong-lending/,80,,0,,2,,0,
https://www.creditdoc.co/review/belt-valley-bank/,50.5,,0,,2,,0,
https://www.creditdoc.co/review/berkeley-community/,2.5,,0,,2,,0,
https://www.creditdoc.co/review/better-life-credit-repair-and-education-services/,16.5,,0,,2,,0,
https://www.creditdoc.co/review/beverly-kenmore-check-cashing/,7,,0,,2,,0,
https://www.creditdoc.co/review/beyond-finance/,21.5,,0,,2,,0,
https://www.creditdoc.co/review/big-apple-luxury-pawn/,4,,0,,2,,0,
https://www.creditdoc.co/review/braswellson-hermitage/,75.5,,0,,2,,0,
https://www.creditdoc.co/review/bright-path-financial/,6.5,,0,,2,,0,
https://www.creditdoc.co/review/bucks-county-employees/,90.5,,0,,2,,0,
https://www.creditdoc.co/review/c-b-w-schools/,9.5,,0,,2,,0,
https://www.creditdoc.co/review/california-cash-advance-bellflower/,5.5,,0,,2,,0,
https://www.creditdoc.co/review/california-check-cashing-stores-los-angeles/,3,,0,,2,,0,
https://www.creditdoc.co/review/california-check-cashing-stores-oakland/,2.5,,0,,2,,0,
https://www.creditdoc.co/review/california-loan-co/,4.5,,0,,2,,0,
https://www.creditdoc.co/review/cambio-de-cheques/,2,,0,,2,,0,
https://www.creditdoc.co/review/canoga-park-los-angeles-check-cashing/,2,,0,,2,,0,
https://www.creditdoc.co/review/capital-bank-national-association-rockville/,79,,0,,2,,0,
https://www.creditdoc.co/review/capra-bank/,47,,0,,2,,0,
https://www.creditdoc.co/review/caribe/,26,,0,,2,,0,
https://www.creditdoc.co/review/carter/,50,,0,,2,,0,
https://www.creditdoc.co/review/cash-america-pawn-apopka/,10,,0,,2,,0,
https://www.creditdoc.co/review/cash-giant-of-southfield/,3,,0,,2,,0,
https://www.creditdoc.co/review/cash-loans-experts-san-ysidro/,10,,0,,2,,0,
https://www.creditdoc.co/review/cash-loans-spartanburg/,5,,0,,2,,0,
https://www.creditdoc.co/review/cashco-pawn-shop-san-diego-gold-diamond-buyers/,14,,0,,2,,0,
https://www.creditdoc.co/review/centreville-bank/,40,,0,,2,,0,
https://www.creditdoc.co/review/centris/,41,,0,,2,,0,
https://www.creditdoc.co/review/change-inc/,8.5,,0,,2,,0,
https://www.creditdoc.co/review/chapter-13-trustee/,14.5,,0,,2,,0,
https://www.creditdoc.co/review/checkchangers-18th-blue-island-currency-exchange/,9,,0,,2,,0,
https://www.creditdoc.co/review/checkchangers-madison-pulaski-currency-exchange/,9,,0,,2,,0,
https://www.creditdoc.co/review/checkmate-lending-solutions-milwaukee/,6.5,,0,,2,,0,
https://www.creditdoc.co/review/checks-cashed-loans-pay-bills/,7,,0,,2,,0,
https://www.creditdoc.co/review/chime/,85.5,,0,,2,,0,
https://www.creditdoc.co/review/chocolate-bayou-community/,52.5,,0,,2,,0,
https://www.creditdoc.co/review/christopher-todd-morrison-pc/,5.5,,0,,2,,0,
https://www.creditdoc.co/review/citibank/,50.5,,0,,2,,0,
https://www.creditdoc.co/review/citizens-bank-trust/,4,,0,,2,,0,
https://www.creditdoc.co/review/city-of-fairmont/,29,,0,,2,,0,
https://www.creditdoc.co/review/city-public-serviceibew-federal-credit-union/,32.5,,0,,2,,0,
https://www.creditdoc.co/review/cliffs-check-cashing-28/,49,,0,,2,,0,
https://www.creditdoc.co/review/cnic-employees-credit-union/,8,,0,,2,,0,
https://www.creditdoc.co/review/coastal-bend-p-o/,6.5,,0,,2,,0,
https://www.creditdoc.co/review/cobblestone-country/,10.5,,0,,2,,0,
https://www.creditdoc.co/review/cogent-bank/,6,,0,,2,,0,
https://www.creditdoc.co/review/coinflip-bitcoin-atm-cfsc-currency-exchange-wilson-broadway-check-cashing-and-auto-license-chicago/,66,,0,,2,,0,
https://www.creditdoc.co/review/comenity-capital-bank/,47,,0,,2,,0,
https://www.creditdoc.co/review/common-trust/,62,,0,,2,,0,
https://www.creditdoc.co/review/community-bank-lexington/,73.5,,0,,2,,0,
https://www.creditdoc.co/review/community-bank-of-el-dorado-springs/,60.5,,0,,2,,0,
https://www.creditdoc.co/review/community-partners/,69.5,,0,,2,,0,
https://www.creditdoc.co/review/community-service/,4,,0,,2,,0,
https://www.creditdoc.co/review/complete-controller/,51.5,,0,,2,,0,
https://www.creditdoc.co/review/connect-bank/,85,,0,,2,,0,
https://www.creditdoc.co/review/connection/,75.5,,0,,2,,0,
https://www.creditdoc.co/review/consumer-advocacy-center-pc/,16,,0,,2,,0,
https://www.creditdoc.co/review/consumer-credit-counseling-service-of-wnc-inc-dba-ontrack-financial-education-co/,47.5,,0,,2,,0,
https://www.creditdoc.co/review/consumer-credit-services/,79,,0,,2,,0,
https://www.creditdoc.co/review/core-credit-solutions/,7.5,,0,,2,,0,
https://www.creditdoc.co/review/corpus-christi-sp/,79,,0,,2,,0,
https://www.creditdoc.co/review/cottonwood-valley-bank/,46,,0,,2,,0,
https://www.creditdoc.co/review/country-trust-bank/,63,,0,,2,,0,
https://www.creditdoc.co/review/credit-fix-total/,4,,0,,2,,0,
https://www.creditdoc.co/review/credit-repair-blue-water-credit/,6,,0,,2,,0,
https://www.creditdoc.co/review/credit-repair-lawyers-of-america/,48.5,,0,,2,,0,
https://www.creditdoc.co/review/credit-repair-today/,3,,0,,2,,0,
https://www.creditdoc.co/review/credit-union-of-richmond-incorporat/,67,,0,,2,,0,
https://www.creditdoc.co/review/creditfy/,19.5,,0,,2,,0,
https://www.creditdoc.co/review/crouse-hinds-employees/,43.5,,0,,2,,0,
https://www.creditdoc.co/review/dalton-whitfield-community-dev-corp/,6.5,,0,,2,,0,
https://www.creditdoc.co/review/davison-employees/,9,,0,,2,,0,
https://www.creditdoc.co/review/debt-consolidation-and-credit-counseling-brownsville-texas/,2.5,,0,,2,,0,
https://www.creditdoc.co/review/debt-consolidation-credit-counseling-houston-texas/,10.5,,0,,2,,0,
https://www.creditdoc.co/review/deca/,5,,0,,2,,0,
https://www.creditdoc.co/review/detroit-fast-loans/,5,,0,,2,,0,
https://www.creditdoc.co/review/detroit-land-bank-authority/,7,,0,,2,,0,
https://www.creditdoc.co/review/detroit-wealth-club/,7,,0,,2,,0,
https://www.creditdoc.co/review/diamond-banc/,63.5,,0,,2,,0,
https://www.creditdoc.co/review/diamond-debt-relief/,6,,0,,2,,0,
https://www.creditdoc.co/review/diversified-members-credit-union/,34.5,,0,,2,,0,
https://www.creditdoc.co/review/dupage-county-employees/,55.5,,0,,2,,0,
https://www.creditdoc.co/review/duval-federal-credit-union/,8,,0,,2,,0,
https://www.creditdoc.co/review/dynamic-funding-solutions/,40.5,,0,,2,,0,
https://www.creditdoc.co/review/e-central/,72,,0,,2,,0,
https://www.creditdoc.co/review/eagle-loan/,2,,0,,2,,0,
https://www.creditdoc.co/review/eastern-operating-engineers/,30.5,,0,,2,,0,
https://www.creditdoc.co/review/emergency-credit-solutions/,4.5,,0,,2,,0,
https://www.creditdoc.co/review/energy-capital-credit-union-cc/,11,,0,,2,,0,
https://www.creditdoc.co/review/enterprise-bank-allison-park/,45,,0,,2,,0,
https://www.creditdoc.co/review/epicenter-foundation/,7,,0,,2,,0,
https://www.creditdoc.co/review/everglades/,83,,0,,2,,0,
https://www.creditdoc.co/review/exchange-bank-and-trust-company-natchitoches-louisiana/,75.5,,0,,2,,0,
https://www.creditdoc.co/review/express-cash-advance-sandy-springs/,1,,0,,2,,0,
https://www.creditdoc.co/review/ez-cash/,8.5,,0,,2,,0,
https://www.creditdoc.co/review/ezpawn-calumet-city/,1,,0,,2,,0,
https://www.creditdoc.co/review/fair-finance-loans/,27.5,,0,,2,,0,
https://www.creditdoc.co/review/fairmax-law-a-debt-relief-law-firm/,19.5,,0,,2,,0,
https://www.creditdoc.co/review/farmers-savings-bank-fostoria/,78.5,,0,,2,,0,
https://www.creditdoc.co/review/fast-cash-funding/,10.5,,0,,2,,0,
https://www.creditdoc.co/review/fast-cash/,60.5,,0,,2,,0,
https://www.creditdoc.co/review/fast-payday-loans-cash-cleveland/,2,,0,,2,,0,
https://www.creditdoc.co/review/fast-payday-loans-cash-houston/,8.5,,0,,2,,0,
https://www.creditdoc.co/review/fidelity-bank/,16.5,,0,,2,,0,
https://www.creditdoc.co/review/financial-rescue/,47,,0,,2,,0,
https://www.creditdoc.co/review/firmus/,7,,0,,2,,0,
https://www.creditdoc.co/review/first-electronic-bank/,10,,0,,2,,0,
https://www.creditdoc.co/review/first-fidelity-bank-oklahoma-city/,68,,0,,2,,0,
https://www.creditdoc.co/review/first-national-bank-alaska/,58,,0,,2,,0,
https://www.creditdoc.co/review/first-national-bank-damariscotta/,82.5,,0,,2,,0,
https://www.creditdoc.co/review/first-union-lending/,50,,0,,2,,0,
https://www.creditdoc.co/review/formula-funding/,83.5,,0,,2,,0,
https://www.creditdoc.co/review/fort-financial/,41,,0,,2,,0,
https://www.creditdoc.co/review/fortis-bank/,42.5,,0,,2,,0,
https://www.creditdoc.co/review/founders-bank/,7,,0,,2,,0,
https://www.creditdoc.co/review/fresh-lending-group/,5,,0,,2,,0,
https://www.creditdoc.co/review/galleria-credit-repair/,10,,0,,2,,0,
https://www.creditdoc.co/review/garden-savings/,47,,0,,2,,0,
https://www.creditdoc.co/review/gateway-bank-rison/,4,,0,,2,,0,
https://www.creditdoc.co/review/genisys/,51.5,,0,,2,,0,
https://www.creditdoc.co/review/global-bank/,5.5,,0,,2,,0,
https://www.creditdoc.co/review/gnb-bank/,73,,0,,2,,0,
https://www.creditdoc.co/review/go-magnum-loans/,40.5,,0,,2,,0,
https://www.creditdoc.co/review/gold-rush-cash-for-gold-pawn-shop/,9,,0,,2,,0,
https://www.creditdoc.co/review/gold-silver-pawn-shop-north-hills/,11,,0,,2,,0,
https://www.creditdoc.co/review/golden-state-bank/,5,,0,,2,,0,
https://www.creditdoc.co/review/good-rate-loans-los-angeles/,4,,0,,2,,0,
https://www.creditdoc.co/review/grand-river-check-cashing/,68,,0,,2,,0,
https://www.creditdoc.co/review/great-lakes/,43,,0,,2,,0,
https://www.creditdoc.co/review/great-oaks-bank/,6,,0,,2,,0,
https://www.creditdoc.co/review/gundersen/,33.5,,0,,2,,0,
https://www.creditdoc.co/review/habitat-for-humanity-st-tammany-west/,93.5,,0,,2,,0,
https://www.creditdoc.co/review/harborstone-law-llp/,2,,0,,2,,0,
https://www.creditdoc.co/review/harleysville-bank/,25.5,,0,,2,,0,
https://www.creditdoc.co/review/haskell-national-bank/,69.5,,0,,2,,0,
https://www.creditdoc.co/review/healthcare-first-credit-union/,1.5,,0,,2,,0,
https://www.creditdoc.co/review/heights-finance-oklahoma-city/,42,,0,,2,,0,
https://www.creditdoc.co/review/helco/,26,,0,,2,,0,
https://www.creditdoc.co/review/hertford-savings-bank-ssb/,1,,0,,2,,0,
https://www.creditdoc.co/review/hiwassee-river/,5.5,,0,,2,,0,
https://www.creditdoc.co/review/home-loan-advantage/,8.5,,0,,2,,0,
https://www.creditdoc.co/review/home-run-home-loans/,1,,0,,2,,0,
https://www.creditdoc.co/review/home-savings-and-loan-association-of-carroll-county-fa/,43.5,,0,,2,,0,
https://www.creditdoc.co/review/houston-antique-pawn-shop/,3,,0,,2,,0,
https://www.creditdoc.co/review/houston-loan-and-jewelry/,57,,0,,2,,0,
https://www.creditdoc.co/review/hunter-lending/,3,,0,,2,,0,
https://www.creditdoc.co/review/hyden-citizens-bank/,3,,0,,2,,0,
https://www.creditdoc.co/review/improvedcreditscore-llc/,5,,0,,2,,0,
https://www.creditdoc.co/review/independent-credit-repair-notary-solutions/,3,,0,,2,,0,
https://www.creditdoc.co/review/indianapolis-neighborhood-housing-partnership-homeownership-center-at-glendale/,60.5,,0,,2,,0,
https://www.creditdoc.co/review/inland-fair-housing-and-mediation-board/,5,,0,,2,,0,
https://www.creditdoc.co/review/instant-cash-title-loans/,90.5,,0,,2,,0,
https://www.creditdoc.co/review/integrated-loan-assistance/,50.5,,0,,2,,0,
https://www.creditdoc.co/review/inwood-national-bank/,52,,0,,2,,0,
https://www.creditdoc.co/review/jp-check-cashing-chicago-fullerton-ave/,2,,0,,2,,0,
https://www.creditdoc.co/review/jp-check-cashing-chicago-la-villita-3404-w/,5,,0,,2,,0,
https://www.creditdoc.co/review/jp-check-cashing-chicago-south-kedzie-ave/,2.5,,0,,2,,0,
https://www.creditdoc.co/review/kaleida-health/,43.5,,0,,2,,0,
https://www.creditdoc.co/review/kemba-charleston/,33,,0,,2,,0,
https://www.creditdoc.co/review/keypoint/,5.5,,0,,2,,0,
https://www.creditdoc.co/review/kikoff/,37.5,,0,,2,,0,
https://www.creditdoc.co/review/king-pay-day-loans/,10.5,,0,,2,,0,
https://www.creditdoc.co/review/kings-jewelry-and-loan/,61,,0,,2,,0,
https://www.creditdoc.co/review/kora/,35.5,,0,,2,,0,
https://www.creditdoc.co/review/la-familia-pawn-and-jewelry-tampa/,47.5,,0,,2,,0,
https://www.creditdoc.co/review/lake-country-community-bank/,68.5,,0,,2,,0,
https://www.creditdoc.co/review/landmark-credit-repair/,1,,0,,2,,0,
https://www.creditdoc.co/review/law-office-of-jose-soria-pc/,7.5,,0,,2,,0,
https://www.creditdoc.co/review/le-roy/,10.5,,0,,2,,0,
https://www.creditdoc.co/review/leaf-commercial-capital/,88.5,,0,,2,,0,
https://www.creditdoc.co/review/len-larson-jewelry/,72.5,,0,,2,,0,
https://www.creditdoc.co/review/lending-bear-kingsland/,12.5,,0,,2,,0,
https://www.creditdoc.co/review/lending-capital-group-inc-nmls1680087/,87.5,,0,,2,,0,
https://www.creditdoc.co/review/lendingclub-bank/,62.5,,0,,2,,0,
https://www.creditdoc.co/review/lendnation-bartlett/,6,,0,,2,,0,
https://www.creditdoc.co/review/leverage-lending-group/,43,,0,,2,,0,
https://www.creditdoc.co/review/liberty-commercial-capital/,3.5,,0,,2,,0,
https://www.creditdoc.co/review/loandepot/,66.5,,0,,2,,0,
https://www.creditdoc.co/review/loanmax-title-loans-louisville-ky/,46.5,,0,,2,,0,
https://www.creditdoc.co/review/loanstar-title-loans-euless/,4,,0,,2,,0,
https://www.creditdoc.co/review/local-697/,71,,0,,2,,0,
https://www.creditdoc.co/review/local-federal-credit-union/,86.5,,0,,2,,0,
https://www.creditdoc.co/review/long-island-housing-partnership-inc/,5.5,,0,,2,,0,
https://www.creditdoc.co/review/marshall-community/,30.5,,0,,2,,0,
https://www.creditdoc.co/review/marys-check-cashing/,48.5,,0,,2,,0,
https://www.creditdoc.co/review/mccarthy-law-plc/,5,,0,,2,,0,
https://www.creditdoc.co/review/mcs-bank/,52.5,,0,,2,,0,
https://www.creditdoc.co/review/members-choice-of-central-texas/,71,,0,,2,,0,
https://www.creditdoc.co/review/merchants-and-planters-bank/,10.5,,0,,2,,0,
https://www.creditdoc.co/review/meridian-diamond-buyers/,1,,0,,2,,0,
https://www.creditdoc.co/review/mesquite/,67.5,,0,,2,,0,
https://www.creditdoc.co/review/metropolitan/,42.5,,0,,2,,0,
https://www.creditdoc.co/review/michigan-first-credit-union-inside-meijer/,11.5,,0,,2,,0,
https://www.creditdoc.co/review/mid-american-title-loans/,61,,0,,2,,0,
https://www.creditdoc.co/review/mike-del-preto/,9,,0,,2,,0,
https://www.creditdoc.co/review/mon-valley-community/,89,,0,,2,,0,
https://www.creditdoc.co/review/money-management-international-honolulu/,75.5,,0,,2,,0,
https://www.creditdoc.co/review/moneygram-bellevue/,4,,0,,2,,0,
https://www.creditdoc.co/review/moneygram-columbus-oh/,1.5,,0,,2,,0,
https://www.creditdoc.co/review/moneygram-denver/,2,,0,,2,,0,
https://www.creditdoc.co/review/moneygram-milwaukee/,4,,0,,2,,0,
https://www.creditdoc.co/review/moneygram-sacramento/,7,,0,,2,,0,
https://www.creditdoc.co/review/moneygram/,4,,0,,2,,0,
https://www.creditdoc.co/review/monson-savings-bank/,44.5,,0,,2,,0,
https://www.creditdoc.co/review/montana-capital-car-title-loans-norman/,4,,0,,2,,0,
https://www.creditdoc.co/review/montana-capital-car-title-loans-santee/,10,,0,,2,,0,
https://www.creditdoc.co/review/mt-rainier/,73,,0,,2,,0,
https://www.creditdoc.co/review/mvp-payday-loans-kansas-city/,7,,0,,2,,0,
https://www.creditdoc.co/review/mypoint-credit-union-kearny-mesa/,53.5,,0,,2,,0,
https://www.creditdoc.co/review/nations-lending-columbus-oh-branch-nmls-1272338/,43,,0,,2,,0,
https://www.creditdoc.co/review/nbh-bank/,8.5,,0,,2,,0,
https://www.creditdoc.co/review/nebraska-state-bank/,8.5,,0,,2,,0,
https://www.creditdoc.co/review/neighborhood-cash-advance/,70,,0,,2,,0,
https://www.creditdoc.co/review/new-america-corporation/,5.5,,0,,2,,0,
https://www.creditdoc.co/review/nikkis-check-cashing-philadelphia/,35,,0,,2,,0,
https://www.creditdoc.co/review/north-bay/,48,,0,,2,,0,
https://www.creditdoc.co/review/north-dallas-bank-trust-co/,42.5,,0,,2,,0,
https://www.creditdoc.co/review/north-scottsdale-pawn-shop/,8.5,,0,,2,,0,
https://www.creditdoc.co/review/northbrook-bank-and-trust-company/,41,,0,,2,,0,
https://www.creditdoc.co/review/northern-redwood/,6,,0,,2,,0,
https://www.creditdoc.co/review/nsc-naca-counseling-subsidiary-raleigh-nc/,75,,0,,2,,0,
https://www.creditdoc.co/review/nym-federal-credit-union/,2,,0,,2,,0,
https://www.creditdoc.co/review/oceanair/,66,,0,,2,,0,
https://www.creditdoc.co/review/old-kentucky-home/,65.5,,0,,2,,0,
https://www.creditdoc.co/review/olean-teachers-and-postal/,9.5,,0,,2,,0,
https://www.creditdoc.co/review/one-american-bank/,57.5,,0,,2,,0,
https://www.creditdoc.co/review/operating-in-the-black/,34.5,,0,,2,,0,
https://www.creditdoc.co/review/oportun-miami/,24,,0,,2,,0,
https://www.creditdoc.co/review/oportun-tucson/,8.5,,0,,2,,0,
https://www.creditdoc.co/review/orsa-credit-union/,3,,0,,2,,0,
https://www.creditdoc.co/review/payday-loans-cash-las-vegas/,6.5,,0,,2,,0,
https://www.creditdoc.co/review/peoples-bank-clive/,9,,0,,2,,0,
https://www.creditdoc.co/review/peoples-savings-and-loan-company/,8.5,,0,,2,,0,
https://www.creditdoc.co/review/personal-finance/,48.5,,0,,2,,0,
https://www.creditdoc.co/review/phelps-county-bank/,3,,0,,2,,0,
https://www.creditdoc.co/review/phoenix-loans/,99.5,,0,,2,,0,
https://www.creditdoc.co/review/pinnacle-bank-nashville/,9,,0,,2,,0,
https://www.creditdoc.co/review/power-co-op-employees/,8,,0,,2,,0,
https://www.creditdoc.co/review/premier-america/,67,,0,,2,,0,
https://www.creditdoc.co/review/public-service-3/,54.5,,0,,2,,0,
https://www.creditdoc.co/review/quoin-financial-bank/,2,,0,,2,,0,
https://www.creditdoc.co/review/quontic-bank/,49,,0,,2,,0,
https://www.creditdoc.co/review/rah/,87,,0,,2,,0,
https://www.creditdoc.co/review/red-river-bank/,69,,0,,2,,0,
https://www.creditdoc.co/review/rehan-n-khawaja-attorney-at-law/,2,,0,,2,,0,
https://www.creditdoc.co/review/resound-credit-union/,9,,0,,2,,0,
https://www.creditdoc.co/review/right-credit-scores/,2.5,,0,,2,,0,
https://www.creditdoc.co/review/rocket-loans/,44.5,,0,,2,,0,
https://www.creditdoc.co/review/rockland-trust-company/,33.5,,0,,2,,0,
https://www.creditdoc.co/review/roundleaf-san-jose/,44,,0,,2,,0,
https://www.creditdoc.co/review/salisbury-neighborhood-housing-service-inc/,4,,0,,2,,0,
https://www.creditdoc.co/review/salrefi/,10.5,,0,,2,,0,
https://www.creditdoc.co/review/sam-buchanan-regional-manager-buchanan-group-coast2coast-mortgage-lending-zillow-mortgage-partner-us-veteran/,8,,0,,2,,0,
https://www.creditdoc.co/review/sam-check-cashing-machine-charlotte/,4,,0,,2,,0,
https://www.creditdoc.co/review/sams-grocery-check-cashing/,10,,0,,2,,0,
https://www.creditdoc.co/review/san-diego-purchase-loans/,11,,0,,2,,0,
https://www.creditdoc.co/review/san-francisco-credit-repair/,5,,0,,2,,0,
https://www.creditdoc.co/review/sbg-funding/,32.5,,0,,2,,0,
https://www.creditdoc.co/review/scranton-downtown/,81,,0,,2,,0,
https://www.creditdoc.co/review/sdccu-sports-arena-branch/,30,,0,,2,,0,
https://www.creditdoc.co/review/seattle-bank/,88.5,,0,,2,,0,
https://www.creditdoc.co/review/securcommunity-federal-credit-union/,11,,0,,2,,0,
https://www.creditdoc.co/review/serve/,30,,0,,2,,0,
https://www.creditdoc.co/review/sezzle/,57.5,,0,,2,,0,
https://www.creditdoc.co/review/sffcu-a-division-of-guardians-credit-union/,10,,0,,2,,0,
https://www.creditdoc.co/review/simplending-financial/,87,,0,,2,,0,
https://www.creditdoc.co/review/sky-blue-credit/,4.5,,0,,2,,0,
https://www.creditdoc.co/review/sky-business-loans-cash-advance-of-dallas/,5.5,,0,,2,,0,
https://www.creditdoc.co/review/smart-credit-solutions/,3.5,,0,,2,,0,
https://www.creditdoc.co/review/solid-cash-advance/,5,,0,,2,,0,
https://www.creditdoc.co/review/sound-advice/,8.5,,0,,2,,0,
https://www.creditdoc.co/review/south-dakota-housing-development-authority/,56.5,,0,,2,,0,
https://www.creditdoc.co/review/southbridge/,32.5,,0,,2,,0,
https://www.creditdoc.co/review/southwest-66/,46.5,,0,,2,,0,
https://www.creditdoc.co/review/speed-cash-advance/,4,,0,,2,,0,
https://www.creditdoc.co/review/speedy-cash-converse/,63.5,,0,,2,,0,
https://www.creditdoc.co/review/sphinx-trading/,4.5,,0,,2,,0,
https://www.creditdoc.co/review/st-cloud-financial/,4,,0,,2,,0,
https://www.creditdoc.co/review/sun-loan-midwest-city/,56.5,,0,,2,,0,
https://www.creditdoc.co/review/super-pawn-express-cash-for-gold/,11.5,,0,,2,,0,
https://www.creditdoc.co/review/supreme-credit-solution/,85,,0,,2,,0,
https://www.creditdoc.co/review/supreme-lending-dallas/,72.5,,0,,2,,0,
https://www.creditdoc.co/review/swift-bad-credit-loans/,2.5,,0,,2,,0,
https://www.creditdoc.co/review/swift-title-loans-sacramento/,31,,0,,2,,0,
https://www.creditdoc.co/review/swift-title-loans-temple-terrace/,6,,0,,2,,0,
https://www.creditdoc.co/review/tejas-pawn/,10.5,,0,,2,,0,
https://www.creditdoc.co/review/tewksbury/,61,,0,,2,,0,
https://www.creditdoc.co/review/texas-dps-credit-union/,46.5,,0,,2,,0,
https://www.creditdoc.co/review/texas-equity-lending/,6.5,,0,,2,,0,
https://www.creditdoc.co/review/the-bronx-neighborhood-housing-services-cdc-inc/,10,,0,,2,,0,
https://www.creditdoc.co/review/the-canandaigua-national-bank-and-trust-company/,10,,0,,2,,0,
https://www.creditdoc.co/review/the-credit-people/,4,,0,,2,,0,
https://www.creditdoc.co/review/the-credit-union-for-all/,56,,0,,2,,0,
https://www.creditdoc.co/review/the-croghan-colonial-bank/,6,,0,,2,,0,
https://www.creditdoc.co/review/the-deliberty-law-firm-the-credit-lawyer-daniel-a-deliberty-esq/,6,,0,,2,,0,
https://www.creditdoc.co/review/the-farmers-state-bank-new-madison/,4,,0,,2,,0,
https://www.creditdoc.co/review/the-financial-paramedic/,7,,0,,2,,0,
https://www.creditdoc.co/review/the-hocking-valley-bank/,46,,0,,2,,0,
https://www.creditdoc.co/review/the-honesdale-national-bank/,4,,0,,2,,0,
https://www.creditdoc.co/review/the-lane-law-firm-san-antonio-tx/,76.5,,0,,2,,0,
https://www.creditdoc.co/review/the-loan/,49,,0,,2,,0,
https://www.creditdoc.co/review/the-new-orleans-firemens/,64,,0,,2,,0,
https://www.creditdoc.co/review/the-pineries-bank/,58,,0,,2,,0,
https://www.creditdoc.co/review/the-provident-loan-society-lenox-hill/,66.5,,0,,2,,0,
https://www.creditdoc.co/review/the-st-henry-bank/,25,,0,,2,,0,
https://www.creditdoc.co/review/the-stephenson-national-bank-and-trust/,30.5,,0,,2,,0,
https://www.creditdoc.co/review/the-tipton-latham-bank/,60,,0,,2,,0,
https://www.creditdoc.co/review/the-trust-bank/,80.5,,0,,2,,0,
https://www.creditdoc.co/review/titlebucks-title-loans-riverdale/,3.5,,0,,2,,0,
https://www.creditdoc.co/review/titlemax-title-loans-desoto/,46,,0,,2,,0,
https://www.creditdoc.co/review/titlemax-title-loans-tempe/,75.5,,0,,2,,0,
https://www.creditdoc.co/review/total-community/,57,,0,,2,,0,
https://www.creditdoc.co/review/tower-loan/,44.5,,0,,2,,0,
https://www.creditdoc.co/review/tunica-co-community-dev-coalition/,3,,0,,2,,0,
https://www.creditdoc.co/review/txn-bank/,69.5,,0,,2,,0,
https://www.creditdoc.co/review/ufcu/,6.5,,0,,2,,0,
https://www.creditdoc.co/review/ultra-credit-solutions-credit-repair-and-debt-settlement/,3,,0,,2,,0,
https://www.creditdoc.co/review/union-county-employees/,43,,0,,2,,0,
https://www.creditdoc.co/review/united-check-cashing-colorado-springs/,53.5,,0,,2,,0,
https://www.creditdoc.co/review/united-check-cashing-philadelphia/,75,,0,,2,,0,
https://www.creditdoc.co/review/united-settlement/,7,,0,,2,,0,
https://www.creditdoc.co/review/universal-check-cashing/,6.5,,0,,2,,0,
https://www.creditdoc.co/review/us-cash-advance-kansas-city/,2.5,,0,,2,,0,
https://www.creditdoc.co/review/us-eagle/,75.5,,0,,2,,0,
https://www.creditdoc.co/review/usem-mena/,4,,0,,2,,0,
https://www.creditdoc.co/review/va-desert-pacific/,60.5,,0,,2,,0,
https://www.creditdoc.co/review/value-pawn-jewelry-jacksonville/,52.5,,0,,2,,0,
https://www.creditdoc.co/review/vedu-plc-law-firm-and-tax-consulting/,32.5,,0,,2,,0,
https://www.creditdoc.co/review/verity/,52,,0,,2,,0,
https://www.creditdoc.co/review/victoria-city-county-employees/,60,,0,,2,,0,
https://www.creditdoc.co/review/we-buy-everything-pawn-shop-city-ave/,8.5,,0,,2,,0,
https://www.creditdoc.co/review/west-branch-valley/,65,,0,,2,,0,
https://www.creditdoc.co/review/west-hudson-teachers/,6,,0,,2,,0,
https://www.creditdoc.co/review/west-town-jewelry-loan/,83.5,,0,,2,,0,
https://www.creditdoc.co/review/western-union-catonsville/,3.5,,0,,2,,0,
https://www.creditdoc.co/review/western-union-kansas-city/,28.5,,0,,2,,0,
https://www.creditdoc.co/review/western-union-millvale/,2,,0,,2,,0,
https://www.creditdoc.co/review/western-union-money-order-only-bridgeville/,26.5,,0,,2,,0,
https://www.creditdoc.co/review/western-union-money-order-only-jacksonville/,3,,0,,2,,0,
https://www.creditdoc.co/review/western-union-money-order-only-kansas-city-mo/,4.5,,0,,2,,0,
https://www.creditdoc.co/review/western-union-money-order-only-pittsburgh/,2,,0,,2,,0,
https://www.creditdoc.co/review/wex-bank/,33.5,,0,,2,,0,
https://www.creditdoc.co/review/woodland-money-loan/,55,,0,,2,,0,
https://www.creditdoc.co/review/world-wide-land-transfer/,55.5,,0,,2,,0,
https://www.creditdoc.co/review/xperia-credit-solutions/,34,,0,,2,,0,
https://www.creditdoc.co/review/yes-cash-miami/,45,,0,,2,,0,
https://www.creditdoc.co/review/zaks-pawn-shop/,5,,0,,2,,0,
https://www.creditdoc.co/search/,9.5,,0,,2,,0,
https://www.creditdoc.co/review/cheswick-atomic-division/,12,,1,,1,,100,
https://www.creditdoc.co/review/emberron-cred-it-consultant/,2,,1,,1,,100,
https://creditdoc.co/categories/mortgages/,5,,0,,1,,0,
https://creditdoc.co/city/whitehall-ohio/,5,,0,,1,,0,
https://creditdoc.co/review/27th-avenue-pawn-shop/,47,,0,,1,,0,
https://creditdoc.co/review/a-american-debt-consolidation-hallandale-beach/,68,,0,,1,,0,
https://creditdoc.co/review/a-federal-credit-union-austin/,6,,0,,1,,0,
https://creditdoc.co/review/a-t-t-employees-pittsburgh/,96,,0,,1,,0,
https://creditdoc.co/review/ace-cash-express-mesquite/,7,,0,,1,,0,
https://creditdoc.co/review/achieve/,81,,0,,1,,0,
https://creditdoc.co/review/action-loan/,43,,0,,1,,0,
https://creditdoc.co/review/advance-america-brandon/,40,,0,,1,,0,
https://creditdoc.co/review/advance-america-logansport/,46,,0,,1,,0,
https://creditdoc.co/review/advance-america-new-orleans/,55,,0,,1,,0,
https://creditdoc.co/review/advance-america-orlando/,39,,0,,1,,0,
https://creditdoc.co/review/advance-america-phenix-city/,34,,0,,1,,0,
https://creditdoc.co/review/advance-america-plainfield/,80,,0,,1,,0,
https://creditdoc.co/review/advance-america-port-charlotte/,28,,0,,1,,0,
https://creditdoc.co/review/alcoa-community/,65,,0,,1,,0,
https://creditdoc.co/review/all-payday-loans-katy/,3,,0,,1,,0,
https://creditdoc.co/review/altonized-community/,57,,0,,1,,0,
https://creditdoc.co/review/american-consumer-credit-counseling-raleigh/,50,,0,,1,,0,
https://creditdoc.co/review/american-consumer-credit-counseling-tulsa/,11,,0,,1,,0,
https://creditdoc.co/review/american-jewelry-loan-southgate/,12,,0,,1,,0,
https://creditdoc.co/review/andela-financial/,3,,0,,1,,0,
https://creditdoc.co/review/anna-state-bank/,44,,0,,1,,0,
https://creditdoc.co/review/aod/,18,,0,,1,,0,
https://creditdoc.co/review/arlington-financial-center/,94,,0,,1,,0,
https://creditdoc.co/review/att-wyo-correctional-employees/,8,,0,,1,,0,
https://creditdoc.co/review/auto-plus-orlando/,85,,0,,1,,0,
https://creditdoc.co/review/baker-hughes/,67,,0,,1,,0,
https://creditdoc.co/review/banco-cooperativo-de-puerto-rico/,81,,0,,1,,0,
https://creditdoc.co/review/bank-fund-staff/,38,,0,,1,,0,
https://creditdoc.co/review/bank-of-1889/,8,,0,,1,,0,
https://creditdoc.co/review/bank-of-america-atm/,12,,0,,1,,0,
https://creditdoc.co/review/bankruptcy-law-firm-of-jasmine-firooz/,32,,0,,1,,0,
https://creditdoc.co/review/baseline-pawn-we-do-not-sell-firearms/,6,,0,,1,,0,
https://creditdoc.co/review/bennett-capital-partners-mortgage-brokers/,4,,0,,1,,0,
https://creditdoc.co/review/berkeley-county-public-schools/,83,,0,,1,,0,
https://creditdoc.co/review/big-bills/,45,,0,,1,,0,
https://creditdoc.co/review/birchwood-hard-money-tampa-fl/,4,,0,,1,,0,
https://creditdoc.co/review/blue-diamond-jewelry-coins-designer-handbags-more/,4,,0,,1,,0,
https://creditdoc.co/review/blue-ridge-sports-cars/,62,,0,,1,,0,
https://creditdoc.co/review/blueknight-financial/,24,,0,,1,,0,
https://creditdoc.co/review/broadview/,6,,0,,1,,0,
https://creditdoc.co/review/bull-dog/,9,,0,,1,,0,
https://creditdoc.co/review/buy-new-car-nyc/,5,,0,,1,,0,
https://creditdoc.co/review/cal-payday-loans-thousand-oaks/,7,,0,,1,,0,
https://creditdoc.co/review/california-auto-sales-auto-pawn/,11,,0,,1,,0,
https://creditdoc.co/review/camden-firemens/,60,,0,,1,,0,
https://creditdoc.co/review/capital-mbs/,32,,0,,1,,0,
https://creditdoc.co/review/cars-konnect/,57,,0,,1,,0,
https://creditdoc.co/review/casa-de-la-moneda-envios-de-dinero-y-cambio-de-cheques/,7,,0,,1,,0,
https://creditdoc.co/review/cash-express-of-south/,46,,0,,1,,0,
https://creditdoc.co/review/catholic-family/,80,,0,,1,,0,
https://creditdoc.co/review/cfsc-checks-cashed-fond-du-lac-center/,42,,0,,1,,0,
https://creditdoc.co/review/cfsc-checks-cashed-tompkins/,35,,0,,1,,0,
https://creditdoc.co/review/check-cashing-austin/,61,,0,,1,,0,
https://creditdoc.co/review/check-into-cash-maricopa/,55,,0,,1,,0,
https://creditdoc.co/review/check-into-cash-nashville/,49,,0,,1,,0,
https://creditdoc.co/review/check-n-go-houston/,41,,0,,1,,0,
https://creditdoc.co/review/checkchangers-currency-exchange-car-title/,10,,0,,1,,0,
https://creditdoc.co/review/checks-cashed-1/,82,,0,,1,,0,
https://creditdoc.co/review/checks-cashed-etc/,39,,0,,1,,0,
https://creditdoc.co/review/checks-cashed-payday-advance/,73,,0,,1,,0,
https://creditdoc.co/review/chesapeake-finance/,96,,0,,1,,0,
https://creditdoc.co/review/cisep/,5,,0,,1,,0,
https://creditdoc.co/review/cliffs-check-cashing-27/,10,,0,,1,,0,
https://creditdoc.co/review/columbus-auto-group-west/,73,,0,,1,,0,
https://creditdoc.co/review/combined-employees/,63,,0,,1,,0,
https://creditdoc.co/review/commercial-lenders-of-america/,83,,0,,1,,0,
https://creditdoc.co/review/conservation-first-bank/,10,,0,,1,,0,
https://creditdoc.co/review/consumer-credit-services/,87,,0,,1,,0,
https://creditdoc.co/review/corporate-america-family/,68,,0,,1,,0,
https://creditdoc.co/review/credex-auto-title-loans-orlando-orlando/,2,,0,,1,,0,
https://creditdoc.co/review/credit-card-mgmt-svcs-inc-dba-reversemortgagehelperorg-and-debthelpercom/,88,,0,,1,,0,
https://creditdoc.co/review/credit-saint/,7,,0,,1,,0,
https://creditdoc.co/review/cumberland-law-group/,6,,0,,1,,0,
https://creditdoc.co/review/cyprus/,67,,0,,1,,0,
https://creditdoc.co/review/davids-check-cashing-brooklyn/,4,,0,,1,,0,
https://creditdoc.co/review/deh-consulting-services/,10,,0,,1,,0,
https://creditdoc.co/review/destinations-credit-union/,53,,0,,1,,0,
https://creditdoc.co/review/diamond-banc-windermere/,64,,0,,1,,0,
https://creditdoc.co/review/dominion-energy-credit-union/,31,,0,,1,,0,
https://creditdoc.co/review/don-diaz-motors/,38,,0,,1,,0,
https://creditdoc.co/review/dsrm-national-bank/,87,,0,,1,,0,
https://creditdoc.co/review/duke-payday-loans/,9,,0,,1,,0,
https://creditdoc.co/review/dunlop-employees/,92,,0,,1,,0,
https://creditdoc.co/review/eagle-loan-fairview-park/,33,,0,,1,,0,
https://creditdoc.co/review/education-first-credit-union-inc/,33,,0,,1,,0,
https://creditdoc.co/review/elite-community/,60,,0,,1,,0,
https://creditdoc.co/review/energy-one/,92,,0,,1,,0,
https://creditdoc.co/review/episcopal-community/,6,,0,,1,,0,
https://creditdoc.co/review/essential-lending/,81,,0,,1,,0,
https://creditdoc.co/review/explorers/,12,,0,,1,,0,
https://creditdoc.co/review/express/,55,,0,,1,,0,
https://creditdoc.co/review/ez-money-payday/,38,,0,,1,,0,
https://creditdoc.co/review/ezpawn/,7,,0,,1,,0,
https://creditdoc.co/review/factual-data/,8,,0,,1,,0,
https://creditdoc.co/review/faith-community-united/,53,,0,,1,,0,
https://creditdoc.co/review/falls-catholic/,94,,0,,1,,0,
https://creditdoc.co/review/family-horizons/,51,,0,,1,,0,
https://creditdoc.co/review/farmers-state-bank-of-trimont/,29,,0,,1,,0,
https://creditdoc.co/review/fidelis/,60,,0,,1,,0,
https://creditdoc.co/review/final-verdict-solutions/,7,,0,,1,,0,
https://creditdoc.co/review/financial-one-mortgage-corporation/,88,,0,,1,,0,
https://creditdoc.co/review/financial-security/,47,,0,,1,,0,
https://creditdoc.co/review/first-commerce-bank/,90,,0,,1,,0,
https://creditdoc.co/review/first-federal-savings-and-loan-association-of-van-wert/,12,,0,,1,,0,
https://creditdoc.co/review/first-westroads-bank-inc/,9,,0,,1,,0,
https://creditdoc.co/review/flexible-finance/,75,,0,,1,,0,
https://creditdoc.co/review/force-cash-advance/,5,,0,,1,,0,
https://creditdoc.co/review/ford-1-used-previously-phil-long-valucar/,1,,0,,1,,0,
https://creditdoc.co/review/franklin-mint-federal-credit-union/,63,,0,,1,,0,
https://creditdoc.co/review/future-payday-loans/,4,,0,,1,,0,
https://creditdoc.co/review/futures-financing/,9,,0,,1,,0,
https://creditdoc.co/review/giggle-finance/,8,,0,,1,,0,
https://creditdoc.co/review/gold-and-silver-traders/,9,,0,,1,,0,
https://creditdoc.co/review/gold-rush/,56,,0,,1,,0,
https://creditdoc.co/review/great-lakes-credit-union/,48,,0,,1,,0,
https://creditdoc.co/review/greater-pittsburgh/,58,,0,,1,,0,
https://creditdoc.co/review/green-river-area/,55,,0,,1,,0,
https://creditdoc.co/review/grimal-jewelers-miami/,2,,0,,1,,0,
https://creditdoc.co/review/hard-money-lender-new-york-1-nyc-manhattan-bridge-capital-inc-fix-flip-loans-real-estate-loans-bridge-loans/,76,,0,,1,,0,
https://creditdoc.co/review/hawaii-law-enforcement/,79,,0,,1,,0,
https://creditdoc.co/review/hermes-roadside-assistance/,58,,0,,1,,0,
https://creditdoc.co/review/highway/,90,,0,,1,,0,
https://creditdoc.co/review/hj-pawn-exchange/,13,,0,,1,,0,
https://creditdoc.co/review/hometown-community-bank/,4,,0,,1,,0,
https://creditdoc.co/review/houston-finance/,98,,0,,1,,0,
https://creditdoc.co/review/houston-used-cars/,6,,0,,1,,0,
https://creditdoc.co/review/hurd-employees/,68,,0,,1,,0,
https://creditdoc.co/review/i-am/,50,,0,,1,,0,
https://creditdoc.co/review/identityforce/,71,,0,,1,,0,
https://creditdoc.co/review/indy-gold-silver-buyer/,76,,0,,1,,0,
https://creditdoc.co/review/interline-internet/,2,,0,,1,,0,
https://creditdoc.co/review/internationalites/,18,,0,,1,,0,
https://creditdoc.co/review/interstate/,64,,0,,1,,0,
https://creditdoc.co/review/ipic-theaters/,49,,0,,1,,0,
https://creditdoc.co/review/jacksonville-regional-shopping-center/,70,,0,,1,,0,
https://creditdoc.co/review/jafari-no-interest/,16,,0,,1,,0,
https://creditdoc.co/review/jns-check-cashing/,12,,0,,1,,0,
https://creditdoc.co/review/justice-finance/,39,,0,,1,,0,
https://creditdoc.co/review/kc-investor-funding-hard-money-lenders-of-kansas-city/,50,,0,,1,,0,
https://creditdoc.co/review/kenosha-police-and-firemens/,2,,0,,1,,0,
https://creditdoc.co/review/lake-trust-credit-union/,8,,0,,1,,0,
https://creditdoc.co/review/lamborghini-austin/,25,,0,,1,,0,
https://creditdoc.co/review/launch-credit-union/,47,,0,,1,,0,
https://creditdoc.co/review/lendnation-cedar-park/,35,,0,,1,,0,
https://creditdoc.co/review/lendnation-oak-creek/,39,,0,,1,,0,
https://creditdoc.co/review/lendtek/,37,,0,,1,,0,
https://creditdoc.co/review/leominster-employees/,64,,0,,1,,0,
https://creditdoc.co/review/loanstar-title-loans-houston-tx/,9,,0,,1,,0,
https://creditdoc.co/review/local-initiatives-support-corporation-lisc/,43,,0,,1,,0,
https://creditdoc.co/review/lombard-mutual/,77,,0,,1,,0,
https://creditdoc.co/review/louisiana-catholic/,48,,0,,1,,0,
https://creditdoc.co/review/low-cost-mortgage/,10,,0,,1,,0,
https://creditdoc.co/review/lucky-lady-auto-sales/,11,,0,,1,,0,
https://creditdoc.co/review/madison-monroe-and-associates/,3,,0,,1,,0,
https://creditdoc.co/review/maggio-capital/,83,,0,,1,,0,
https://creditdoc.co/review/manchester/,52,,0,,1,,0,
https://creditdoc.co/review/martinsburg-va-center/,70,,0,,1,,0,
https://creditdoc.co/review/mason-bank/,55,,0,,1,,0,
https://creditdoc.co/review/matagorda-county/,49,,0,,1,,0,
https://creditdoc.co/review/mazuma/,82,,0,,1,,0,
https://creditdoc.co/review/membersfirst-ct/,56,,0,,1,,0,
https://creditdoc.co/review/memphis-city-employees-credit-union-stage/,53,,0,,1,,0,
https://creditdoc.co/review/mercantile-credit/,48,,0,,1,,0,
https://creditdoc.co/review/metro-auto-pawn-sales/,62,,0,,1,,0,
https://creditdoc.co/review/mi-trading/,1,,0,,1,,0,
https://creditdoc.co/review/michael-j-adams-pc/,41,,0,,1,,0,
https://creditdoc.co/review/michele-perez-capilato-law/,9,,0,,1,,0,
https://creditdoc.co/review/michigan-state-university-extension-grand-rapids-kent-county/,10,,0,,1,,0,
https://creditdoc.co/review/microsoft-experience-center/,2,,0,,1,,0,
https://creditdoc.co/review/middletown-trading/,43,,0,,1,,0,
https://creditdoc.co/review/money-line/,33,,0,,1,,0,
https://creditdoc.co/review/money-mizer-pawns-and-jewelers-of-jacksonville-fl-blanding-blvd/,5,,0,,1,,0,
https://creditdoc.co/review/money-talks/,74,,0,,1,,0,
https://creditdoc.co/review/moneygram-denver/,41,,0,,1,,0,
https://creditdoc.co/review/moneygram-inside-prospect-xpress-mart/,2,,0,,1,,0,
https://creditdoc.co/review/moneytree-north-las-vegas/,52,,0,,1,,0,
https://creditdoc.co/review/moog-employees/,44,,0,,1,,0,
https://creditdoc.co/review/mountain-river/,80,,0,,1,,0,
https://creditdoc.co/review/napletons-aston-martin-chicago/,90,,0,,1,,0,
https://creditdoc.co/review/nccl-no-credit-check-loans-tampa/,1,,0,,1,,0,
https://creditdoc.co/review/neighborhood-loans-old-irving-nmls-222982/,43,,0,,1,,0,
https://creditdoc.co/review/new-york-merchant-cash-advance/,93,,0,,1,,0,
https://creditdoc.co/review/niagara-wheatfield/,94,,0,,1,,0,
https://creditdoc.co/review/nola-motorcars/,69,,0,,1,,0,
https://creditdoc.co/review/northrop-grumman/,71,,0,,1,,0,
https://creditdoc.co/review/norwin-teachers/,7,,0,,1,,0,
https://creditdoc.co/review/nsb-bank/,60,,0,,1,,0,
https://creditdoc.co/review/old-hickory-credit-union-donelson-branch/,36,,0,,1,,0,
https://creditdoc.co/review/old-second-national-bank/,6,,0,,1,,0,
https://creditdoc.co/review/olympic-motors/,52,,0,,1,,0,
https://creditdoc.co/review/one-stop-auto-mall-and/,97,,0,,1,,0,
https://creditdoc.co/review/paper-converters-local-2861034/,42,,0,,1,,0,
https://creditdoc.co/review/parks-heritage/,49,,0,,1,,0,
https://creditdoc.co/review/parlin-dupont-employees/,78,,0,,1,,0,
https://creditdoc.co/review/partners-bank/,2,,0,,1,,0,
https://creditdoc.co/review/pawn-shop-san-diego/,1,,0,,1,,0,
https://creditdoc.co/review/payday-loans-cash/,4,,0,,1,,0,
https://creditdoc.co/review/peoplefirst-bank/,10,,0,,1,,0,
https://creditdoc.co/review/precious-metals-fine-motor-cars-of-san-diego/,65,,0,,1,,0,
https://creditdoc.co/review/preferred-bank-los-angeles/,57,,0,,1,,0,
https://creditdoc.co/review/professional-police-officers/,87,,0,,1,,0,
https://creditdoc.co/review/quick-loans-direct/,39,,0,,1,,0,
https://creditdoc.co/review/range-bank/,53,,0,,1,,0,
https://creditdoc.co/review/rapid-cash/,60,,0,,1,,0,
https://creditdoc.co/review/reaves-lee-attorneys-at-law/,57,,0,,1,,0,
https://creditdoc.co/review/rhj-credit-consultants/,6,,0,,1,,0,
https://creditdoc.co/review/ria-money-transfer-esmeraldas-jewerly/,6,,0,,1,,0,
https://creditdoc.co/review/ria-money-transfer-latino-express-el-eden/,7,,0,,1,,0,
https://creditdoc.co/review/riverbank-spokane/,24,,0,,1,,0,
https://creditdoc.co/review/robertos-jewelry-and-pawn/,9,,0,,1,,0,
https://creditdoc.co/review/rocky-mountain/,76,,0,,1,,0,
https://creditdoc.co/review/roebling-check-cashing/,9,,0,,1,,0,
https://creditdoc.co/review/royce-chocolate-bryant-park/,50,,0,,1,,0,
https://creditdoc.co/review/rt/,29,,0,,1,,0,
https://creditdoc.co/review/rva-financial/,58,,0,,1,,0,
https://creditdoc.co/review/sams-auto-sales-chicago/,66,,0,,1,,0,
https://creditdoc.co/review/san-diego-loan-company-san-diego-reverse-mortgage-specialists/,10,,0,,1,,0,
https://creditdoc.co/review/santa-barbara-teachers/,54,,0,,1,,0,
https://creditdoc.co/review/santander-bank-atm/,2,,0,,1,,0,
https://creditdoc.co/review/schertz-bank-trust/,92,,0,,1,,0,
https://creditdoc.co/review/selfreliance/,70,,0,,1,,0,
https://creditdoc.co/review/senor-check-cashing-02/,7,,0,,1,,0,
https://creditdoc.co/review/senor-check-cashing-12/,35,,0,,1,,0,
https://creditdoc.co/review/sharepoint/,59,,0,,1,,0,
https://creditdoc.co/review/sharlene-ruiz-cmps-cdlp-new-american-funding/,8,,0,,1,,0,
https://creditdoc.co/review/shawn-maxwell-homepoint-lending/,74,,0,,1,,0,
https://creditdoc.co/review/shelby-county/,65,,0,,1,,0,
https://creditdoc.co/review/shop-n-go-first-kiosk-loan-location/,32,,0,,1,,0,
https://creditdoc.co/review/shreveport-police/,81,,0,,1,,0,
https://creditdoc.co/review/signature-loan-oklahoma-city/,12,,0,,1,,0,
https://creditdoc.co/review/sigue-envios-de-dinero-san-francis/,3,,0,,1,,0,
https://creditdoc.co/review/simplifast-lending/,12,,0,,1,,0,
https://creditdoc.co/review/smw-104/,47,,0,,1,,0,
https://creditdoc.co/review/solid-cash-advance-edmond/,87,,0,,1,,0,
https://creditdoc.co/review/south-coast-bank-trust/,2,,0,,1,,0,
https://creditdoc.co/review/south-side-community/,95,,0,,1,,0,
https://creditdoc.co/review/southern-security/,52,,0,,1,,0,
https://creditdoc.co/review/spirit-financial/,70,,0,,1,,0,
https://creditdoc.co/review/spring-bank/,76,,0,,1,,0,
https://creditdoc.co/review/springboard-home-loans-san-diego-branch-office/,9,,0,,1,,0,
https://creditdoc.co/review/starr-county-teachers/,60,,0,,1,,0,
https://creditdoc.co/review/state-surplus-store/,61,,0,,1,,0,
https://creditdoc.co/review/su-casa-de-cambio-los-angeles-ca/,4,,0,,1,,0,
https://creditdoc.co/review/summit-hampton-roads/,49,,0,,1,,0,
https://creditdoc.co/review/superb-cash-advance-cleveland-oh/,9,,0,,1,,0,
https://creditdoc.co/review/superb-cash-advance-garland/,12,,0,,1,,0,
https://creditdoc.co/review/superb-cash-advance-indianapolis/,6,,0,,1,,0,
https://creditdoc.co/review/swift-bad-credit-loans/,7,,0,,1,,0,
https://creditdoc.co/review/telamon-corporation-danville-branch/,29,,0,,1,,0,
https://creditdoc.co/review/the-armories-oviedo/,64,,0,,1,,0,
https://creditdoc.co/review/the-bank-of-east-asia-ltd/,93,,0,,1,,0,
https://creditdoc.co/review/the-castle-jewelry-and-pawn-of-cincinnati-cincinnati/,61,,0,,1,,0,
https://creditdoc.co/review/the-chesapeake-bank-trust-co/,6,,0,,1,,0,
https://creditdoc.co/review/the-citizens-bank-farmington/,8,,0,,1,,0,
https://creditdoc.co/review/the-cortese-law-offices-pc/,5,,0,,1,,0,
https://creditdoc.co/review/the-credit-world/,50,,0,,1,,0,
https://creditdoc.co/review/the-fort-jennings-state-bank/,12,,0,,1,,0,
https://creditdoc.co/review/the-heart-center/,10,,0,,1,,0,
https://creditdoc.co/review/the-in-house-finance/,8,,0,,1,,0,
https://creditdoc.co/review/the-local/,53,,0,,1,,0,
https://creditdoc.co/review/the-lyndon-state-bank/,16,,0,,1,,0,
https://creditdoc.co/review/the-peoples-savings-and-loan-company/,4,,0,,1,,0,
https://creditdoc.co/review/the-student-loan-doctor/,64,,0,,1,,0,
https://creditdoc.co/review/the-summit/,70,,0,,1,,0,
https://creditdoc.co/review/the-twin-valley-bank/,10,,0,,1,,0,
https://creditdoc.co/review/the-united/,42,,0,,1,,0,
https://creditdoc.co/review/titlebucks-title-pawns-doraville/,9,,0,,1,,0,
https://creditdoc.co/review/titlemax-title-loans-mesa/,81,,0,,1,,0,
https://creditdoc.co/review/titlemax-title-loans-missouri-city/,5,,0,,1,,0,
https://creditdoc.co/review/tom-gray-motorsports/,53,,0,,1,,0,
https://creditdoc.co/review/tri-boro/,72,,0,,1,,0,
https://creditdoc.co/review/twins-auto-of-dublin/,50,,0,,1,,0,
https://creditdoc.co/review/u-s-employees/,80,,0,,1,,0,
https://creditdoc.co/review/ulster-savings-bank/,43,,0,,1,,0,
https://creditdoc.co/review/uncle-dans-pawn-shop-east-dallas/,83,,0,,1,,0,
https://creditdoc.co/review/union-fidelity/,29,,0,,1,,0,
https://creditdoc.co/review/united-association/,8,,0,,1,,0,
https://creditdoc.co/review/united-community-bank-raceland/,98,,0,,1,,0,
https://creditdoc.co/review/united-neighborhood/,38,,0,,1,,0,
https://creditdoc.co/review/university-of-floridaflorida-cooperative-extension-citrus-county-cooperative-ext/,11,,0,,1,,0,
https://creditdoc.co/review/us-cash-advance-cleveland/,6,,0,,1,,0,
https://creditdoc.co/review/us-cash-advance-fresno/,3,,0,,1,,0,
https://creditdoc.co/review/usa-homeownership-foundation-dba-veterans-association-of-real-estate-professiona/,63,,0,,1,,0,
https://creditdoc.co/review/usb-employees/,9,,0,,1,,0,
https://creditdoc.co/review/vah-lyons-employees/,10,,0,,1,,0,
https://creditdoc.co/review/valley-isle-community/,60,,0,,1,,0,
https://creditdoc.co/review/vantage/,56,,0,,1,,0,
https://creditdoc.co/review/varex/,70,,0,,1,,0,
https://creditdoc.co/review/vasco/,78,,0,,1,,0,
https://creditdoc.co/review/victory-lane-car-and-truck/,91,,0,,1,,0,
https://creditdoc.co/review/vigo-chicago-il/,6,,0,,1,,0,
https://creditdoc.co/review/village-bank-and-trust/,44,,0,,1,,0,
https://creditdoc.co/review/waldo-financial/,20,,0,,1,,0,
https://creditdoc.co/review/walmart-money-center-la-mesa/,36,,0,,1,,0,
https://creditdoc.co/review/walton-county-teachers/,100,,0,,1,,0,
https://creditdoc.co/review/wfg-national-title-insurance/,6,,0,,1,,0,
https://creditdoc.co/review/willis-knighton/,27,,0,,1,,0,
https://creditdoc.co/review/wilmington-jewelry-loan/,49,,0,,1,,0,
https://creditdoc.co/review/world-finance-dallas/,45,,0,,1,,0,
https://creditdoc.co/review/x-cars-premium-used-cars-dealership-auto-wholesale/,10,,0,,1,,0,
https://creditdoc.co/review/xcel-federal-credit-union/,1,,0,,1,,0,
https://creditdoc.co/review/xplore/,60,,0,,1,,0,
https://creditdoc.co/review/xpress-title-loans/,94,,0,,1,,0,
https://creditdoc.co/review/zr-funding/,12,,0,,1,,0,
https://www.creditdoc.co/answers/can-i-get-a-car-loan-with-my-credit-score/,50,,0,,1,,0,
https://www.creditdoc.co/answers/how-much-can-you-borrow-with-your-credit-score/,7,,0,,1,,0,
https://www.creditdoc.co/answers/how-to-apply-for-a-business-loan/,12,,0,,1,,0,
https://www.creditdoc.co/answers/no-credit-check-cards-guide/,100,,0,,1,,0,
https://www.creditdoc.co/answers/sofi-personal-loans-review/,3,,0,,1,,0,
https://www.creditdoc.co/answers/top-secured-credit-cards/,6,,0,,1,,0,
https://www.creditdoc.co/best/best-credit-monitoring-services/,45,,0,,1,,0,
https://www.creditdoc.co/best/best-invoice-factoring/,82,,0,,1,,0,
https://www.creditdoc.co/blog/best-free-credit-monitoring-services-2026-complete-guide/,4,,0,,1,,0,
https://www.creditdoc.co/blog/do-you-really-need-a-debt-relief-company-or-can-you-negotiate-yourself/,5,,0,,1,,0,
https://www.creditdoc.co/blog/how-to-break-the-payday-loan-cycle-permanently/,5,,0,,1,,0,
https://www.creditdoc.co/blog/how-to-build-credit-from-scratch-with-no-credit-history/,3,,0,,1,,0,
https://www.creditdoc.co/blog/rebuilding-credit-after-bankruptcy-a-complete-timeline/,95,,0,,1,,0,
https://www.creditdoc.co/brand/titlemax-title-pawns/,35,,0,,1,,0,
https://www.creditdoc.co/categories/emergency-cash/,4,,0,,1,,0,
https://www.creditdoc.co/city/austin-tx/,4,,0,,1,,0,
https://www.creditdoc.co/city/brooklyn-ny/,11,,0,,1,,0,
https://www.creditdoc.co/city/charlotte-nc/,11,,0,,1,,0,
https://www.creditdoc.co/city/corpus-christi-tx/,96,,0,,1,,0,
https://www.creditdoc.co/city/greenwood-village-co/,4,,0,,1,,0,
https://www.creditdoc.co/city/independence-mo/,2,,0,,1,,0,
https://www.creditdoc.co/city/indianapolis-indiana/,12,,0,,1,,0,
https://www.creditdoc.co/city/kansas-city-mo/,6,,0,,1,,0,
https://www.creditdoc.co/city/kingsland-ga/,6,,0,,1,,0,
https://www.creditdoc.co/city/la-mesa-ca/,5,,0,,1,,0,
https://www.creditdoc.co/city/louisville-ky/,2,,0,,1,,0,
https://www.creditdoc.co/city/memphis-tn/,4,,0,,1,,0,
https://www.creditdoc.co/city/mesa-arizona/,4,,0,,1,,0,
https://www.creditdoc.co/city/mesquite-tx/,65,,0,,1,,0,
https://www.creditdoc.co/city/nashville-tn/,4,,0,,1,,0,
https://www.creditdoc.co/city/norcross-ga/,88,,0,,1,,0,
https://www.creditdoc.co/city/norman-oklahoma/,96,,0,,1,,0,
https://www.creditdoc.co/city/overland-park-ks/,4,,0,,1,,0,
https://www.creditdoc.co/city/phoenix-arizona/,3,,0,,1,,0,
https://www.creditdoc.co/city/portland-or/,96,,0,,1,,0,
https://www.creditdoc.co/city/salt-lake-city-ut/,7,,0,,1,,0,
https://www.creditdoc.co/city/san-antonio-tx/,9,,0,,1,,0,
https://www.creditdoc.co/city/san-diego-california/,7,,0,,1,,0,
https://www.creditdoc.co/city/vista-ca/,44,,0,,1,,0,
https://www.creditdoc.co/city/waukesha-wi/,11,,0,,1,,0,
https://www.creditdoc.co/city/west-sacramento-california/,11,,0,,1,,0,
https://www.creditdoc.co/compare/credit-saint-vs-sky-blue-credit/,29,,0,,1,,0,
https://www.creditdoc.co/compare/xperia-credit-solutions-vs-the-credit-repairmen/,62,,0,,1,,0,
https://www.creditdoc.co/credit-guide/akron-oh/,3,,0,,1,,0,
https://www.creditdoc.co/credit-guide/akron-oh/business-loans/,28,,0,,1,,0,
https://www.creditdoc.co/credit-guide/akron-oh/insurance/,79,,0,,1,,0,
https://www.creditdoc.co/credit-guide/akron-oh/mortgages/,3,,0,,1,,0,
https://www.creditdoc.co/credit-guide/anaheim-ca/insurance/,86,,0,,1,,0,
https://www.creditdoc.co/credit-guide/arlington-tx/mortgages/,77,,0,,1,,0,
https://www.creditdoc.co/credit-guide/atlanta-ga/build-credit/,6,,0,,1,,0,
https://www.creditdoc.co/credit-guide/atlanta-ga/business-loans/,1,,0,,1,,0,
https://www.creditdoc.co/credit-guide/austin-tx/build-credit/,86,,0,,1,,0,
https://www.creditdoc.co/credit-guide/charlotte-nc/,92,,0,,1,,0,
https://www.creditdoc.co/disclosure/,10,,0,,1,,0,
https://www.creditdoc.co/financial-wellness/credit-after-50/,7,,0,,1,,0,
https://www.creditdoc.co/financial-wellness/credit-repair-for-veterans/,1,,0,,1,,0,
https://www.creditdoc.co/financial-wellness/credit-utilization-guide/,1,,0,,1,,0,
https://www.creditdoc.co/financial-wellness/dispute-credit-report-errors/,98,,0,,1,,0,
https://www.creditdoc.co/financial-wellness/hard-vs-soft-inquiries/,9,,0,,1,,0,
https://www.creditdoc.co/financial-wellness/how-credit-repair-works/,42,,0,,1,,0,
https://www.creditdoc.co/financial-wellness/how-credit-scores-calculated/,93,,0,,1,,0,
https://www.creditdoc.co/financial-wellness/identity-theft-recovery/,90,,0,,1,,0,
https://www.creditdoc.co/financial-wellness/small-business-loans-bad-credit/,98,,0,,1,,0,
https://www.creditdoc.co/financial-wellness/vantagescore-vs-fico/,81,,0,,1,,0,
https://www.creditdoc.co/financial-wellness/wage-garnishment-guide/,92,,0,,1,,0,
https://www.creditdoc.co/financial-wellness/what-happens-miss-payment/,87,,0,,1,,0,
https://www.creditdoc.co/review/%D1%80i%D0%B5rp%D0%BEint-m%D0%BErtg%D0%B0g%D0%B5-seattle-wa/,2,,0,,1,,0,
https://www.creditdoc.co/review/1st-ga-title-pawn/,9,,0,,1,,0,
https://www.creditdoc.co/review/35th-indiana-currency-exchange/,3,,0,,1,,0,
https://www.creditdoc.co/review/5-star-car-title-loans-metairie/,6,,0,,1,,0,
https://www.creditdoc.co/review/700-credit-repair/,9,,0,,1,,0,
https://www.creditdoc.co/review/850above-credit-repair-los-angeles/,3,,0,,1,,0,
https://www.creditdoc.co/review/a-1-cash-advance-anderson/,6,,0,,1,,0,
https://www.creditdoc.co/review/a-1-cash-advance-indianapolis/,1,,0,,1,,0,
https://www.creditdoc.co/review/a-t-check-cashing/,10,,0,,1,,0,
https://www.creditdoc.co/review/abayomi-community-development-corporation/,3,,0,,1,,0,
https://www.creditdoc.co/review/absolute-finance/,84,,0,,1,,0,
https://www.creditdoc.co/review/access-financial-services/,67,,0,,1,,0,
https://www.creditdoc.co/review/ace-cash-express-atm-charlotte/,58,,0,,1,,0,
https://www.creditdoc.co/review/ace-cash-express-culver-city/,6,,0,,1,,0,
https://www.creditdoc.co/review/ace-cash-express/,24,,0,,1,,0,
https://www.creditdoc.co/review/acnb-bank/,60,,0,,1,,0,
https://www.creditdoc.co/review/act-1st/,50,,0,,1,,0,
https://www.creditdoc.co/review/active-debt-relief/,7,,0,,1,,0,
https://www.creditdoc.co/review/actors-federal-credit-union/,26,,0,,1,,0,
https://www.creditdoc.co/review/adam-law-group-pa/,12,,0,,1,,0,
https://www.creditdoc.co/review/adams-county-bank/,75,,0,,1,,0,
https://www.creditdoc.co/review/adams-state-bank/,10,,0,,1,,0,
https://www.creditdoc.co/review/adirondack-bank/,89,,0,,1,,0,
https://www.creditdoc.co/review/administration-of-resources-and-choices-arc/,5,,0,,1,,0,
https://www.creditdoc.co/review/advance-america-brooklyn/,10,,0,,1,,0,
https://www.creditdoc.co/review/advance-america-burleson/,12,,0,,1,,0,
https://www.creditdoc.co/review/advance-america-houston-tx/,5,,0,,1,,0,
https://www.creditdoc.co/review/advance-america-logansport/,8,,0,,1,,0,
https://www.creditdoc.co/review/advance-america-north-miami-beach/,66,,0,,1,,0,
https://www.creditdoc.co/review/advance-america-redford-township/,36,,0,,1,,0,
https://www.creditdoc.co/review/advanced-credit-therapy/,8,,0,,1,,0,
https://www.creditdoc.co/review/advantage-finance-llc-title-loans-sugar-land/,8,,0,,1,,0,
https://www.creditdoc.co/review/advantage-financial/,11,,0,,1,,0,
https://www.creditdoc.co/review/advantage-one/,68,,0,,1,,0,
https://www.creditdoc.co/review/affidian-credit-union/,57,,0,,1,,0,
https://www.creditdoc.co/review/affordable-housing-trust-for-columbus-and-franklin-county/,10,,0,,1,,0,
https://www.creditdoc.co/review/afterpay/,88,,0,,1,,0,
https://www.creditdoc.co/review/alabama-one/,49,,0,,1,,0,
https://www.creditdoc.co/review/alberto-sons-pawn-shop/,10,,0,,1,,0,
https://www.creditdoc.co/review/allegheny-valley/,90,,0,,1,,0,
https://www.creditdoc.co/review/alliance-bank-mondovi/,9,,0,,1,,0,
https://www.creditdoc.co/review/alliance-credit-counseling/,86,,0,,1,,0,
https://www.creditdoc.co/review/altoona-area-employees/,1,,0,,1,,0,
https://www.creditdoc.co/review/amb-credit-consultants/,75,,0,,1,,0,
https://www.creditdoc.co/review/american-consumer-credit-counseling-provo/,2,,0,,1,,0,
https://www.creditdoc.co/review/american-credit-restoration/,6,,0,,1,,0,
https://www.creditdoc.co/review/american-liberty-mortgage-denver/,6,,0,,1,,0,
https://www.creditdoc.co/review/american-national-bank/,71,,0,,1,,0,
https://www.creditdoc.co/review/american-savings-bank/,9,,0,,1,,0,
https://www.creditdoc.co/review/american-state-bank/,80,,0,,1,,0,
https://www.creditdoc.co/review/amigo-cash/,11,,0,,1,,0,
https://www.creditdoc.co/review/amigos-pr%C3%A9stamos/,8,,0,,1,,0,
https://www.creditdoc.co/review/amko-lending/,4,,0,,1,,0,
https://www.creditdoc.co/review/ancorum/,35,,0,,1,,0,
https://www.creditdoc.co/review/anh-minh-money-transfer/,10,,0,,1,,0,
https://www.creditdoc.co/review/apci/,5,,0,,1,,0,
https://www.creditdoc.co/review/apm-community-and-economic-development-financial-opportunity-center-nac-sci/,5,,0,,1,,0,
https://www.creditdoc.co/review/appliance/,76,,0,,1,,0,
https://www.creditdoc.co/review/arizona-financial-credit-union-operations-center-no-branch-access/,28,,0,,1,,0,
https://www.creditdoc.co/review/arlo-bank/,9,,0,,1,,0,
https://www.creditdoc.co/review/army-check-cashing/,11,,0,,1,,0,
https://www.creditdoc.co/review/ashland-jewelry-pawnshop/,41,,0,,1,,0,
https://www.creditdoc.co/review/asian-americans-for-equality/,3,,0,,1,,0,
https://www.creditdoc.co/review/asian-pacific-national-bank/,41,,0,,1,,0,
https://www.creditdoc.co/review/atlanta-neighborhood-development-partnership-food-distribution-center/,1,,0,,1,,0,
https://www.creditdoc.co/review/atlantic-home-loans/,78,,0,,1,,0,
https://www.creditdoc.co/review/atlantic-metals-xchange/,66,,0,,1,,0,
https://www.creditdoc.co/review/atlas-credit-co-inc-76/,47,,0,,1,,0,
https://www.creditdoc.co/review/aurora-gold-pawn/,7,,0,,1,,0,
https://www.creditdoc.co/review/austin-bank-texas/,95,,0,,1,,0,
https://www.creditdoc.co/review/azeros-legal-p/,9,,0,,1,,0,
https://www.creditdoc.co/review/balance-san-francis/,52,,0,,1,,0,
https://www.creditdoc.co/review/banesco-usa/,29,,0,,1,,0,
https://www.creditdoc.co/review/bank-fund-staff/,2,,0,,1,,0,
https://www.creditdoc.co/review/bank-independent/,22,,0,,1,,0,
https://www.creditdoc.co/review/bank-of-billings/,3,,0,,1,,0,
https://www.creditdoc.co/review/bank-of-bridger/,4,,0,,1,,0,
https://www.creditdoc.co/review/bank-of-cattaraugus/,9,,0,,1,,0,
https://www.creditdoc.co/review/bank-of-clarks/,20,,0,,1,,0,
https://www.creditdoc.co/review/bank-of-prague/,70,,0,,1,,0,
https://www.creditdoc.co/review/bank-ozk/,55,,0,,1,,0,
https://www.creditdoc.co/review/bankesb/,74,,0,,1,,0,
https://www.creditdoc.co/review/bankgloucester/,5,,0,,1,,0,
https://www.creditdoc.co/review/bankpacific-ltd/,29,,0,,1,,0,
https://www.creditdoc.co/review/banktennessee/,63,,0,,1,,0,
https://www.creditdoc.co/review/barri-agent-albuquerque/,2,,0,,1,,0,
https://www.creditdoc.co/review/barri-office-houston/,4,,0,,1,,0,
https://www.creditdoc.co/review/bay-bank/,30,,0,,1,,0,
https://www.creditdoc.co/review/bcl-of-texas-business-and-community-lenders/,10,,0,,1,,0,
https://www.creditdoc.co/review/beltway-gun-pawn/,2,,0,,1,,0,
https://www.creditdoc.co/review/bentz-holguin-law-firm/,5,,0,,1,,0,
https://www.creditdoc.co/review/beyca-credit-repair/,8,,0,,1,,0,
https://www.creditdoc.co/review/bf-finance-texas-warrant/,5,,0,,1,,0,
https://www.creditdoc.co/review/bonvenu-bank/,15,,0,,1,,0,
https://www.creditdoc.co/review/boulevard-pawn-shop/,69,,0,,1,,0,
https://www.creditdoc.co/review/brendan-donelsons-smart-start-nashville-mortgage-lender/,2,,0,,1,,0,
https://www.creditdoc.co/review/bridge-community-bank/,7,,0,,1,,0,
https://www.creditdoc.co/review/bridgewater-bank/,60,,0,,1,,0,
https://www.creditdoc.co/review/brotherhood/,81,,0,,1,,0,
https://www.creditdoc.co/review/brothers-redevelopment-inc/,2,,0,,1,,0,
https://www.creditdoc.co/review/brownfield/,12,,0,,1,,0,
https://www.creditdoc.co/review/buffalo-federal-bank/,57,,0,,1,,0,
https://www.creditdoc.co/review/builtwell-bank/,6,,0,,1,,0,
https://www.creditdoc.co/review/bullion-exchanges/,66,,0,,1,,0,
https://www.creditdoc.co/review/business-community-lenders-bcl-of-texas-austin/,3,,0,,1,,0,
https://www.creditdoc.co/review/business-consortium-fund/,75,,0,,1,,0,
https://www.creditdoc.co/review/business-funding-new-york-bfnyc/,9,,0,,1,,0,
https://www.creditdoc.co/review/c3bank/,5,,0,,1,,0,
https://www.creditdoc.co/review/cal-ed/,6,,0,,1,,0,
https://www.creditdoc.co/review/calcasieu-parish-employees/,73,,0,,1,,0,
https://www.creditdoc.co/review/california-adventist/,75,,0,,1,,0,
https://www.creditdoc.co/review/canton-co-operative-bank/,7,,0,,1,,0,
https://www.creditdoc.co/review/canvas-credit-union-writer-square-branch/,6,,0,,1,,0,
https://www.creditdoc.co/review/capital-jewelry-loan-expert-jewelry-buyers/,42,,0,,1,,0,
https://www.creditdoc.co/review/capitol-city-buy-sell-pawn/,66,,0,,1,,0,
https://www.creditdoc.co/review/capitol-drive-loans/,8,,0,,1,,0,
https://www.creditdoc.co/review/cardtronics-atm-brooklyn-ny/,6,,0,,1,,0,
https://www.creditdoc.co/review/careys-credit-repair/,5,,0,,1,,0,
https://www.creditdoc.co/review/carmine-state-bank/,12,,0,,1,,0,
https://www.creditdoc.co/review/carolina-bank-trust-co/,77,,0,,1,,0,
https://www.creditdoc.co/review/cash-1-loans-mesa/,69,,0,,1,,0,
https://www.creditdoc.co/review/cash-4u-pawn/,9,,0,,1,,0,
https://www.creditdoc.co/review/cash-america-pawn-fern-park/,4,,0,,1,,0,
https://www.creditdoc.co/review/cash-america-pawn-harvey/,6,,0,,1,,0,
https://www.creditdoc.co/review/cash-america-pawn-kissimmee/,10,,0,,1,,0,
https://www.creditdoc.co/review/cash-america-pawn-miami/,12,,0,,1,,0,
https://www.creditdoc.co/review/cash-cow-corporation/,53,,0,,1,,0,
https://www.creditdoc.co/review/cash-express-of-south/,5,,0,,1,,0,
https://www.creditdoc.co/review/cash-loans-bear/,12,,0,,1,,0,
https://www.creditdoc.co/review/cash-now-sm-jewelry-pawn/,7,,0,,1,,0,
https://www.creditdoc.co/review/cash-plus-pawn-little-rd-12/,4,,0,,1,,0,
https://www.creditdoc.co/review/cash-time-loan-centers-glendale/,5,,0,,1,,0,
https://www.creditdoc.co/review/cash-time-loan-centers-tucson-az/,2,,0,,1,,0,
https://www.creditdoc.co/review/cash-today/,12,,0,,1,,0,
https://www.creditdoc.co/review/cash-world/,25,,0,,1,,0,
https://www.creditdoc.co/review/cashville/,2,,0,,1,,0,
https://www.creditdoc.co/review/casino-pawn/,9,,0,,1,,0,
https://www.creditdoc.co/review/castle-credit-co-holdings/,3,,0,,1,,0,
https://www.creditdoc.co/review/ccs-title-loan-services-loanmart-bell-gardens/,2,,0,,1,,0,
https://www.creditdoc.co/review/cedar-security-bank/,64,,0,,1,,0,
https://www.creditdoc.co/review/cenlar/,58,,0,,1,,0,
https://www.creditdoc.co/review/centera-bank/,55,,0,,1,,0,
https://www.creditdoc.co/review/central-bank/,76,,0,,1,,0,
https://www.creditdoc.co/review/central-wisconsin/,2,,0,,1,,0,
https://www.creditdoc.co/review/certain-lending/,51,,0,,1,,0,
https://www.creditdoc.co/review/cfsc-checks-cashed-87th/,14,,0,,1,,0,
https://www.creditdoc.co/review/cfsc-checks-cashed-audubon/,4,,0,,1,,0,
https://www.creditdoc.co/review/cfsc-checks-cashed-capitol-appleton/,8,,0,,1,,0,
https://www.creditdoc.co/review/cfsc-checks-cashed-fond-du-lac-center/,4,,0,,1,,0,
https://www.creditdoc.co/review/cfsc-checks-cashed-willoughby/,9,,0,,1,,0,
https://www.creditdoc.co/review/cgr/,11,,0,,1,,0,
https://www.creditdoc.co/review/chase-atm/,10,,0,,1,,0,
https://www.creditdoc.co/review/check-cash-depot/,12,,0,,1,,0,
https://www.creditdoc.co/review/check-cashing-usa-hialeah-fl/,9,,0,,1,,0,
https://www.creditdoc.co/review/check-into-cash-bakersfield-ca/,54,,0,,1,,0,
https://www.creditdoc.co/review/check-into-cash-edmond/,54,,0,,1,,0,
https://www.creditdoc.co/review/check-into-cash-maricopa/,10,,0,,1,,0,
https://www.creditdoc.co/review/check-n-go-arlington/,56,,0,,1,,0,
https://www.creditdoc.co/review/check-n-go-houston/,62,,0,,1,,0,
https://www.creditdoc.co/review/checkchangers-currency-exchange/,2,,0,,1,,0,
https://www.creditdoc.co/review/checkmate-phoenix/,95,,0,,1,,0,
https://www.creditdoc.co/review/checkmate-tucson-az/,7,,0,,1,,0,
https://www.creditdoc.co/review/chelsea-employees/,10,,0,,1,,0,
https://www.creditdoc.co/review/chen-del-o/,76,,0,,1,,0,
https://www.creditdoc.co/review/cherokee-strip/,1,,0,,1,,0,
https://www.creditdoc.co/review/chesapeake-bank/,72,,0,,1,,0,
https://www.creditdoc.co/review/chicago-debt-solutions/,36,,0,,1,,0,
https://www.creditdoc.co/review/chicago-national-bankcard/,10,,0,,1,,0,
https://www.creditdoc.co/review/circuit/,7,,0,,1,,0,
https://www.creditdoc.co/review/citizens-bank-and-trust-company-of-grainger-county/,4,,0,,1,,0,
https://www.creditdoc.co/review/citizens-state-bank-carleton/,11,,0,,1,,0,
https://www.creditdoc.co/review/city-bank-trust-co/,83,,0,,1,,0,
https://www.creditdoc.co/review/classy-credit-repair/,4,,0,,1,,0,
https://www.creditdoc.co/review/clean-slate-bk-group-pc/,4,,0,,1,,0,
https://www.creditdoc.co/review/clearity-cr-solutions-llc/,4,,0,,1,,0,
https://www.creditdoc.co/review/clearpoint-federal-bank-trust/,51,,0,,1,,0,
https://www.creditdoc.co/review/coachella-valley-housing-coalition/,65,,0,,1,,0,
https://www.creditdoc.co/review/coast-line/,82,,0,,1,,0,
https://www.creditdoc.co/review/coinflip-bitcoin-atm-cfsc-currency-exchange-kimball-north-check-cashing-and-auto-license-chicago/,10,,0,,1,,0,
https://www.creditdoc.co/review/coinflip-bitcoin-atm-check-cashing-usa-miami-beach/,2,,0,,1,,0,
https://www.creditdoc.co/review/coinflip-bitcoin-atm-check-cashing-usa-miami-miami/,1,,0,,1,,0,
https://www.creditdoc.co/review/coinstar-kiosk-buffalo/,8,,0,,1,,0,
https://www.creditdoc.co/review/coinstar-kiosk-omaha/,10,,0,,1,,0,
https://www.creditdoc.co/review/columbia-check-advance-auto-titles/,8,,0,,1,,0,
https://www.creditdoc.co/review/columbus-pawn-shop/,37,,0,,1,,0,
https://www.creditdoc.co/review/column/,11,,0,,1,,0,
https://www.creditdoc.co/review/commonwealth-catholic-charities-norton/,7,,0,,1,,0,
https://www.creditdoc.co/review/commonwealth-central/,53,,0,,1,,0,
https://www.creditdoc.co/review/community-bank-of-raymore/,55,,0,,1,,0,
https://www.creditdoc.co/review/community-cu-of-new-milford-inc/,20,,0,,1,,0,
https://www.creditdoc.co/review/community-financial-services/,69,,0,,1,,0,
https://www.creditdoc.co/review/community-first-bank/,4,,0,,1,,0,
https://www.creditdoc.co/review/community-foundations/,9,,0,,1,,0,
https://www.creditdoc.co/review/community-housing-of-wyandotte-county-inc/,8,,0,,1,,0,
https://www.creditdoc.co/review/community-south/,2,,0,,1,,0,
https://www.creditdoc.co/review/community-state-bank-royal-center/,6,,0,,1,,0,
https://www.creditdoc.co/review/compassionate-counsel/,5,,0,,1,,0,
https://www.creditdoc.co/review/concord/,12,,0,,1,,0,
https://www.creditdoc.co/review/consumerlawpa/,5,,0,,1,,0,
https://www.creditdoc.co/review/cooperative-teachers/,100,,0,,1,,0,
https://www.creditdoc.co/review/copiah-bank/,6,,0,,1,,0,
https://www.creditdoc.co/review/councill/,9,,0,,1,,0,
https://www.creditdoc.co/review/cove/,38,,0,,1,,0,
https://www.creditdoc.co/review/cp-auto-center/,6,,0,,1,,0,
https://www.creditdoc.co/review/craft-bank/,9,,0,,1,,0,
https://www.creditdoc.co/review/cranberry/,9,,0,,1,,0,
https://www.creditdoc.co/review/crayola-llc-employees-credit-union/,8,,0,,1,,0,
https://www.creditdoc.co/review/credex-auto-title-loans-kendall/,8,,0,,1,,0,
https://www.creditdoc.co/review/credit-advisors-council-credit-repair-nyc/,9,,0,,1,,0,
https://www.creditdoc.co/review/credit-counseling-center-richboro/,11,,0,,1,,0,
https://www.creditdoc.co/review/credit-diva/,7,,0,,1,,0,
https://www.creditdoc.co/review/credit-human-park-ten-financial-health-center/,9,,0,,1,,0,
https://www.creditdoc.co/review/credit-human/,8,,0,,1,,0,
https://www.creditdoc.co/review/credit-karma/,64,,0,,1,,0,
https://www.creditdoc.co/review/credit-repair-commanders/,4,,0,,1,,0,
https://www.creditdoc.co/review/credit-repair-philadelphia/,2,,0,,1,,0,
https://www.creditdoc.co/review/credit-repair-san-diego-fix-your-credit-scores/,1,,0,,1,,0,
https://www.creditdoc.co/review/credit-repair-solve-atlanta/,10,,0,,1,,0,
https://www.creditdoc.co/review/credit-saint-saddle-brook/,48,,0,,1,,0,
https://www.creditdoc.co/review/credit-systems-international/,4,,0,,1,,0,
https://www.creditdoc.co/review/credit-union-for-robertson-county/,3,,0,,1,,0,
https://www.creditdoc.co/review/credit-union-of-colorado-central-park/,13,,0,,1,,0,
https://www.creditdoc.co/review/credit-union-of-new-jersey-a/,64,,0,,1,,0,
https://www.creditdoc.co/review/creditguard-of-america/,78,,0,,1,,0,
https://www.creditdoc.co/review/creditorg-virginia-branch/,8,,0,,1,,0,
https://www.creditdoc.co/review/creditrepair-com/,63,,0,,1,,0,
https://www.creditdoc.co/review/creditzen-solutions/,2,,0,,1,,0,
https://www.creditdoc.co/review/crosscountry-mortgage/,4,,0,,1,,0,
https://www.creditdoc.co/review/ctl-auto-financing-new-orleans-la/,4,,0,,1,,0,
https://www.creditdoc.co/review/cvph-employees/,11,,0,,1,,0,
https://www.creditdoc.co/review/d-l-evans-bank/,71,,0,,1,,0,
https://www.creditdoc.co/review/dacotah-bank/,59,,0,,1,,0,
https://www.creditdoc.co/review/dade-county-federal-credit-union-miami/,11,,0,,1,,0,
https://www.creditdoc.co/review/dakota-community-bank-trust/,9,,0,,1,,0,
https://www.creditdoc.co/review/dakota-star/,3,,0,,1,,0,
https://www.creditdoc.co/review/dallas-cash-advance/,6,,0,,1,,0,
https://www.creditdoc.co/review/dallas-valley-goldmine-fort-worth/,11,,0,,1,,0,
https://www.creditdoc.co/review/davids-check-cashing-astoria/,5,,0,,1,,0,
https://www.creditdoc.co/review/davids-check-cashing-brooklyn/,3,,0,,1,,0,
https://www.creditdoc.co/review/dc/,5,,0,,1,,0,
https://www.creditdoc.co/review/debt-free-usa/,84,,0,,1,,0,
https://www.creditdoc.co/review/debt-solution-law-group/,12,,0,,1,,0,
https://www.creditdoc.co/review/debtblue/,58,,0,,1,,0,
https://www.creditdoc.co/review/debtcom/,68,,0,,1,,0,
https://www.creditdoc.co/review/debtstoppers-bankruptcy-law-firm-peachtree-atlanta-ga/,6,,0,,1,,0,
https://www.creditdoc.co/review/decaf/,82,,0,,1,,0,
https://www.creditdoc.co/review/deh-consulting-services/,10,,0,,1,,0,
https://www.creditdoc.co/review/denver-gold-shop/,8,,0,,1,,0,
https://www.creditdoc.co/review/derby-city-pawn/,8,,0,,1,,0,
https://www.creditdoc.co/review/detroit-check-cashing/,6,,0,,1,,0,
https://www.creditdoc.co/review/devnw-corvallis/,28,,0,,1,,0,
https://www.creditdoc.co/review/digital/,43,,0,,1,,0,
https://www.creditdoc.co/review/direct/,49,,0,,1,,0,
https://www.creditdoc.co/review/discount-cash-advance/,11,,0,,1,,0,
https://www.creditdoc.co/review/discount-jewelry-pawn/,61,,0,,1,,0,
https://www.creditdoc.co/review/district-6/,6,,0,,1,,0,
https://www.creditdoc.co/review/dolex-dollar-express-miami/,10,,0,,1,,0,
https://www.creditdoc.co/review/douglas-county-housing-partnership/,4,,0,,1,,0,
https://www.creditdoc.co/review/dva-federal-credit-union/,39,,0,,1,,0,
https://www.creditdoc.co/review/eagle-bank-glenwood/,76,,0,,1,,0,
https://www.creditdoc.co/review/eagle-one-debt-solutions/,49,,0,,1,,0,
https://www.creditdoc.co/review/eagle-one/,52,,0,,1,,0,
https://www.creditdoc.co/review/easy-payday-loans-phoenix/,4,,0,,1,,0,
https://www.creditdoc.co/review/educational-and-governmental/,8,,0,,1,,0,
https://www.creditdoc.co/review/el-indio-pawn-jewelry/,6,,0,,1,,0,
https://www.creditdoc.co/review/elca/,67,,0,,1,,0,
https://www.creditdoc.co/review/elevatemyscores/,4,,0,,1,,0,
https://www.creditdoc.co/review/em/,84,,0,,1,,0,
https://www.creditdoc.co/review/embassy-national-bank/,48,,0,,1,,0,
https://www.creditdoc.co/review/emerald-coast/,8,,0,,1,,0,
https://www.creditdoc.co/review/employees-choice/,98,,0,,1,,0,
https://www.creditdoc.co/review/enbioxpress-california/,10,,0,,1,,0,
https://www.creditdoc.co/review/engage/,94,,0,,1,,0,
https://www.creditdoc.co/review/essex-pawn/,54,,0,,1,,0,
https://www.creditdoc.co/review/euro-grocers-check-cashing/,12,,0,,1,,0,
https://www.creditdoc.co/review/everett-co-operative-bank/,5,,0,,1,,0,
https://www.creditdoc.co/review/everwise/,55,,0,,1,,0,
https://www.creditdoc.co/review/exchange-bank-milledgeville/,5,,0,,1,,0,
https://www.creditdoc.co/review/exodus-lending/,77,,0,,1,,0,
https://www.creditdoc.co/review/ezpawn-indianapolis/,56,,0,,1,,0,
https://www.creditdoc.co/review/f-r-b/,2,,0,,1,,0,
https://www.creditdoc.co/review/fairmax-law/,1,,0,,1,,0,
https://www.creditdoc.co/review/fairway-independent-mortgage-corporation/,77,,0,,1,,0,
https://www.creditdoc.co/review/family-first-credit-union/,28,,0,,1,,0,
https://www.creditdoc.co/review/farmers-and-merchants-bank-milligan/,10,,0,,1,,0,
https://www.creditdoc.co/review/farmers-and-merchants-state-bank-of-springfield/,5,,0,,1,,0,
https://www.creditdoc.co/review/farmers-bank-trust/,4,,0,,1,,0,
https://www.creditdoc.co/review/farmers-state-bank-elmwood/,81,,0,,1,,0,
https://www.creditdoc.co/review/fasny/,64,,0,,1,,0,
https://www.creditdoc.co/review/fast-track-specialists/,6,,0,,1,,0,
https://www.creditdoc.co/review/fastcash/,84,,0,,1,,0,
https://www.creditdoc.co/review/fedex-office-print-ship-center/,25,,0,,1,,0,
https://www.creditdoc.co/review/fifth-ward-community-redevelopment-corp/,5,,0,,1,,0,
https://www.creditdoc.co/review/financial-trust/,7,,0,,1,,0,
https://www.creditdoc.co/review/firestone-jewelry-loan/,6,,0,,1,,0,
https://www.creditdoc.co/review/first-alliance/,11,,0,,1,,0,
https://www.creditdoc.co/review/first-american-title-insurance-colorado-springs/,6,,0,,1,,0,
https://www.creditdoc.co/review/first-bank-and-trust-company-minden/,54,,0,,1,,0,
https://www.creditdoc.co/review/first-bank-of-owasso/,6,,0,,1,,0,
https://www.creditdoc.co/review/first-bank-of-utica/,65,,0,,1,,0,
https://www.creditdoc.co/review/first-bank-trust/,9,,0,,1,,0,
https://www.creditdoc.co/review/first-business-bank/,39,,0,,1,,0,
https://www.creditdoc.co/review/first-cash-pawn-aurora/,7,,0,,1,,0,
https://www.creditdoc.co/review/first-eagle-federal-credit-union-houston/,77,,0,,1,,0,
https://www.creditdoc.co/review/first-federal-bank-lake-city/,4,,0,,1,,0,
https://www.creditdoc.co/review/first-federal-savings-and-loan-association-hazard/,2,,0,,1,,0,
https://www.creditdoc.co/review/first-federal-savings-and-loan-association-of-greensburg/,3,,0,,1,,0,
https://www.creditdoc.co/review/first-federal-savings-and-loan-association-of-lakewood/,10,,0,,1,,0,
https://www.creditdoc.co/review/first-federal-savings-bank-of-kentucky/,6,,0,,1,,0,
https://www.creditdoc.co/review/first-independence-bank-detroit/,28,,0,,1,,0,
https://www.creditdoc.co/review/first-national-bank-atm/,11,,0,,1,,0,
https://www.creditdoc.co/review/first-national-bank-of-bosque-county/,4,,0,,1,,0,
https://www.creditdoc.co/review/first-national-bank-of-eastern-arkansas/,4,,0,,1,,0,
https://www.creditdoc.co/review/first-national-bank-of-pasco/,4,,0,,1,,0,
https://www.creditdoc.co/review/first-national-bank-of-south-carolina/,55,,0,,1,,0,
https://www.creditdoc.co/review/first-neighbor-bank/,9,,0,,1,,0,
https://www.creditdoc.co/review/first-pace/,5,,0,,1,,0,
https://www.creditdoc.co/review/first-pacific-bank/,70,,0,,1,,0,
https://www.creditdoc.co/review/first-state-bank-belmond/,12,,0,,1,,0,
https://www.creditdoc.co/review/first-united-national-bank/,11,,0,,1,,0,
https://www.creditdoc.co/review/first-western-trust-bank/,11,,0,,1,,0,
https://www.creditdoc.co/review/firstar-bank/,83,,0,,1,,0,
https://www.creditdoc.co/review/firststate-bank/,6,,0,,1,,0,
https://www.creditdoc.co/review/five-points-bank/,63,,0,,1,,0,
https://www.creditdoc.co/review/flushing-bank/,66,,0,,1,,0,
https://www.creditdoc.co/review/fm-bank-and-trust/,11,,0,,1,,0,
https://www.creditdoc.co/review/forum/,62,,0,,1,,0,
https://www.creditdoc.co/review/fox/,5,,0,,1,,0,
https://www.creditdoc.co/review/frandsen-bank-trust/,30,,0,,1,,0,
https://www.creditdoc.co/review/freedom-finance-solutions/,20,,0,,1,,0,
https://www.creditdoc.co/review/freestone/,61,,0,,1,,0,
https://www.creditdoc.co/review/fresno-hock-shoppe/,9,,0,,1,,0,
https://www.creditdoc.co/review/fulton-check-cashing/,8,,0,,1,,0,
https://www.creditdoc.co/review/fusion-bank/,64,,0,,1,,0,
https://www.creditdoc.co/review/gadcapital-payday-lender/,52,,0,,1,,0,
https://www.creditdoc.co/review/gahanian-law-pa-bankruptcy-lawyers/,20,,0,,1,,0,
https://www.creditdoc.co/review/gallup/,11,,0,,1,,0,
https://www.creditdoc.co/review/ganas-auto-bakersfield/,9,,0,,1,,0,
https://www.creditdoc.co/review/garden-grove-payday-advance/,10,,0,,1,,0,
https://www.creditdoc.co/review/georgia-power-valdosta/,81,,0,,1,,0,
https://www.creditdoc.co/review/gocreditme-lansing/,7,,0,,1,,0,
https://www.creditdoc.co/review/gold-atm-atlanta-buyer-of-jewelry-diamonds-watches-pawn-loans/,9,,0,,1,,0,
https://www.creditdoc.co/review/gold-atm-atlanta-jewelry-diamonds-watches-loans/,69,,0,,1,,0,
https://www.creditdoc.co/review/gold-funding-group-inc-small-business-loans/,8,,0,,1,,0,
https://www.creditdoc.co/review/gold-pawn-cypress/,8,,0,,1,,0,
https://www.creditdoc.co/review/gold-star-finance-dallas/,4,,0,,1,,0,
https://www.creditdoc.co/review/gold-star-finance/,1,,0,,1,,0,
https://www.creditdoc.co/review/goldstar-pawn-jewelry/,4,,0,,1,,0,
https://www.creditdoc.co/review/grand-central-terminal-employees/,11,,0,,1,,0,
https://www.creditdoc.co/review/greater-metro-fcu/,39,,0,,1,,0,
https://www.creditdoc.co/review/greater-phoenix-urban-league/,6,,0,,1,,0,
https://www.creditdoc.co/review/greater-texas-credit-union-headquarters-no-member-services/,8,,0,,1,,0,
https://www.creditdoc.co/review/greater-wayne-community/,69,,0,,1,,0,
https://www.creditdoc.co/review/green-country/,7,,0,,1,,0,
https://www.creditdoc.co/review/greenville-federal/,67,,0,,1,,0,
https://www.creditdoc.co/review/gte/,16,,0,,1,,0,
https://www.creditdoc.co/review/guardian-litigation-group-llp/,9,,0,,1,,0,
https://www.creditdoc.co/review/guild-mortgage/,45,,0,,1,,0,
https://www.creditdoc.co/review/gulf-payday/,10,,0,,1,,0,
https://www.creditdoc.co/review/h-schoenberg/,17,,0,,1,,0,
https://www.creditdoc.co/review/habitat-for-humanity-of-oakland-county-inc/,67,,0,,1,,0,
https://www.creditdoc.co/review/hawaii-county-employees/,74,,0,,1,,0,
https://www.creditdoc.co/review/headwaters-state-bank/,4,,0,,1,,0,
https://www.creditdoc.co/review/hello/,47,,0,,1,,0,
https://www.creditdoc.co/review/heng-long-foreign-exchange/,53,,0,,1,,0,
https://www.creditdoc.co/review/heritage-bank-marion/,55,,0,,1,,0,
https://www.creditdoc.co/review/hickory-point-bank-and-trust/,7,,0,,1,,0,
https://www.creditdoc.co/review/hispanic-association-of-contractors-and-enterprises/,19,,0,,1,,0,
https://www.creditdoc.co/review/home-headquarters-inc/,11,,0,,1,,0,
https://www.creditdoc.co/review/home-loans-by-orlando/,9,,0,,1,,0,
https://www.creditdoc.co/review/home-ownership-center-of-greater-cincinnati/,89,,0,,1,,0,
https://www.creditdoc.co/review/hope-credit/,67,,0,,1,,0,
https://www.creditdoc.co/review/hotel-and-travel-industry/,65,,0,,1,,0,
https://www.creditdoc.co/review/houghton-state-bank/,8,,0,,1,,0,
https://www.creditdoc.co/review/housing-opportunities-of-fort-worth/,5,,0,,1,,0,
https://www.creditdoc.co/review/houston-finance/,86,,0,,1,,0,
https://www.creditdoc.co/review/huntington-c-o-railway-employees/,1,,0,,1,,0,
https://www.creditdoc.co/review/hyde-park-currency-exchange/,8,,0,,1,,0,
https://www.creditdoc.co/review/i-b-e-w-175/,69,,0,,1,,0,
https://www.creditdoc.co/review/iac-financial-check-cashing/,11,,0,,1,,0,
https://www.creditdoc.co/review/inb-springfield/,11,,0,,1,,0,
https://www.creditdoc.co/review/indiana-county-community-action-program-inco/,3,,0,,1,,0,
https://www.creditdoc.co/review/indiana-members/,3,,0,,1,,0,
https://www.creditdoc.co/review/instaloan-hialeah/,32,,0,,1,,0,
https://www.creditdoc.co/review/instaloan/,69,,0,,1,,0,
https://www.creditdoc.co/review/insurent-lease-guaranty-rental-cosigner/,2,,0,,1,,0,
https://www.creditdoc.co/review/integras-capital-recovery/,5,,0,,1,,0,
https://www.creditdoc.co/review/intercap-lending-san-diego-branch/,40,,0,,1,,0,
https://www.creditdoc.co/review/interfaith/,50,,0,,1,,0,
https://www.creditdoc.co/review/intermex-international-money-express/,43,,0,,1,,0,
https://www.creditdoc.co/review/international-bank-of-commerce/,35,,0,,1,,0,
https://www.creditdoc.co/review/internationalites/,86,,0,,1,,0,
https://www.creditdoc.co/review/investar-bank/,30,,0,,1,,0,
https://www.creditdoc.co/review/iowa-state-bank/,92,,0,,1,,0,
https://www.creditdoc.co/review/isabella-community/,60,,0,,1,,0,
https://www.creditdoc.co/review/issaquena-county/,4,,0,,1,,0,
https://www.creditdoc.co/review/ithink-financial/,76,,0,,1,,0,
https://www.creditdoc.co/review/jamestown-area-community/,1,,0,,1,,0,
https://www.creditdoc.co/review/jax-fire-credit-union/,6,,0,,1,,0,
https://www.creditdoc.co/review/jeanne-darc/,7,,0,,1,,0,
https://www.creditdoc.co/review/jp-check-cashing-chicago-55th-st/,7,,0,,1,,0,
https://www.creditdoc.co/review/kahului/,67,,0,,1,,0,
https://www.creditdoc.co/review/kd-financial-services/,80,,0,,1,,0,
https://www.creditdoc.co/review/kentland-federal-savings-and-loan-association/,9,,0,,1,,0,
https://www.creditdoc.co/review/keypoint-credit-union/,5,,0,,1,,0,
https://www.creditdoc.co/review/king-cash-pawn-jewelry-miami-gardens/,63,,0,,1,,0,
https://www.creditdoc.co/review/king-gold-and-pawn-bronx/,2,,0,,1,,0,
https://www.creditdoc.co/review/king-of-pawn-jewelry-guns/,12,,0,,1,,0,
https://www.creditdoc.co/review/korean-american-catholics/,6,,0,,1,,0,
https://www.creditdoc.co/review/kwik-stop-i-check-cashing/,5,,0,,1,,0,
https://www.creditdoc.co/review/labette-bank/,45,,0,,1,,0,
https://www.creditdoc.co/review/lake-forest-bank-trust-company/,8,,0,,1,,0,
https://www.creditdoc.co/review/lakes/,1,,0,,1,,0,
https://www.creditdoc.co/review/land-title-guarantee/,5,,0,,1,,0,
https://www.creditdoc.co/review/lantzman-lending-california-hard-money-lenders/,30,,0,,1,,0,
https://www.creditdoc.co/review/lantzman-lending-hard-money-lenders-nevada/,24,,0,,1,,0,
https://www.creditdoc.co/review/las-palmas-check-cashing/,2,,0,,1,,0,
https://www.creditdoc.co/review/las-vegas-finance/,17,,0,,1,,0,
https://www.creditdoc.co/review/law-office-of-abel-l-pierre-attorney-at-law-pc/,2,,0,,1,,0,
https://www.creditdoc.co/review/law-office-of-simon-goldenberg-p/,4,,0,,1,,0,
https://www.creditdoc.co/review/legence-bank/,26,,0,,1,,0,
https://www.creditdoc.co/review/legend-bank/,67,,0,,1,,0,
https://www.creditdoc.co/review/lendfriend-mortgage/,1,,0,,1,,0,
https://www.creditdoc.co/review/lending-bear-starke/,7,,0,,1,,0,
https://www.creditdoc.co/review/lendnation-del-city/,59,,0,,1,,0,
https://www.creditdoc.co/review/lendnation-west-allis/,74,,0,,1,,0,
https://www.creditdoc.co/review/liberal-loan-jewelry-pawnshops/,9,,0,,1,,0,
https://www.creditdoc.co/review/liberty-bank-ironton/,88,,0,,1,,0,
https://www.creditdoc.co/review/liberty-bank/,10,,0,,1,,0,
https://www.creditdoc.co/review/liberty-capital-services/,66,,0,,1,,0,
https://www.creditdoc.co/review/loan-factory-we-dare-you-to-compare/,34,,0,,1,,0,
https://www.creditdoc.co/review/loan-for-any-purpose-independence/,6,,0,,1,,0,
https://www.creditdoc.co/review/loan-for-any-purpose-milwaukee/,85,,0,,1,,0,
https://www.creditdoc.co/review/loan-for-any-purpose-sandy-springs/,4,,0,,1,,0,
https://www.creditdoc.co/review/loanconnect/,85,,0,,1,,0,
https://www.creditdoc.co/review/lone-oak-bank/,6,,0,,1,,0,
https://www.creditdoc.co/review/lone-star/,50,,0,,1,,0,
https://www.creditdoc.co/review/lonza/,84,,0,,1,,0,
https://www.creditdoc.co/review/los-angeles-credit-repair-fix-your-credit-scores-fast/,5,,0,,1,,0,
https://www.creditdoc.co/review/louisiana-baptist/,4,,0,,1,,0,
https://www.creditdoc.co/review/lucky-star-check-cashing/,1,,0,,1,,0,
https://www.creditdoc.co/review/luminate-bank/,82,,0,,1,,0,
https://www.creditdoc.co/review/lutheran-social-services-of-southern-california-san-bernardino-branch-care-cente/,82,,0,,1,,0,
https://www.creditdoc.co/review/luxe-jewelry-and-pawn/,11,,0,,1,,0,
https://www.creditdoc.co/review/luxe-retail-lending/,1,,0,,1,,0,
https://www.creditdoc.co/review/lvrg-business-funding/,20,,0,,1,,0,
https://www.creditdoc.co/review/magyar-bank/,59,,0,,1,,0,
https://www.creditdoc.co/review/maple-city-savings-bank/,50,,0,,1,,0,
https://www.creditdoc.co/review/mariner-finance-tampa/,10,,0,,1,,0,
https://www.creditdoc.co/review/marion-state-bank-marion/,6,,0,,1,,0,
https://www.creditdoc.co/review/marvel-bad-credit-loans-kansas-city/,9,,0,,1,,0,
https://www.creditdoc.co/review/masana-bankruptcy-law/,10,,0,,1,,0,
https://www.creditdoc.co/review/max-pawn-luxury-miami-beach/,50,,0,,1,,0,
https://www.creditdoc.co/review/mayo-employees/,7,,0,,1,,0,
https://www.creditdoc.co/review/mechanics-farmers-bank/,2,,0,,1,,0,
https://www.creditdoc.co/review/memphis-gold-and-diamond-buyers/,89,,0,,1,,0,
https://www.creditdoc.co/review/merced-school-employees/,51,,0,,1,,0,
https://www.creditdoc.co/review/merrill-lynch-private-wealth-advisor-mitchell-winter/,4,,0,,1,,0,
https://www.creditdoc.co/review/method-bank/,33,,0,,1,,0,
https://www.creditdoc.co/review/mexico-check-cashing/,9,,0,,1,,0,
https://www.creditdoc.co/review/mg-credit/,8,,0,,1,,0,
https://www.creditdoc.co/review/mi-bank/,99,,0,,1,,0,
https://www.creditdoc.co/review/mi-casa-financial-llc-texas-property-tax-loans/,7,,0,,1,,0,
https://www.creditdoc.co/review/mi-check-cashing/,5,,0,,1,,0,
https://www.creditdoc.co/review/mid-atlantic/,3,,0,,1,,0,
https://www.creditdoc.co/review/mid-central-community-action-of-pontiac/,4,,0,,1,,0,
https://www.creditdoc.co/review/mid-michigan-community-action-agency/,99,,0,,1,,0,
https://www.creditdoc.co/review/midwest-regional/,43,,0,,1,,0,
https://www.creditdoc.co/review/mike-j-facchini-fairway-independent-mortgage-corporation-branch-manager/,53,,0,,1,,0,
https://www.creditdoc.co/review/mil-way/,48,,0,,1,,0,
https://www.creditdoc.co/review/millennial-bank/,11,,0,,1,,0,
https://www.creditdoc.co/review/minden-exchange-bank-trust-company/,11,,0,,1,,0,
https://www.creditdoc.co/review/mint-payday-loans/,9,,0,,1,,0,
https://www.creditdoc.co/review/mint-valley/,42,,0,,1,,0,
https://www.creditdoc.co/review/mirastar-federal-credit-union-located-inside-the-santa-clara-county-clerk-recorders-office/,6,,0,,1,,0,
https://www.creditdoc.co/review/mission/,9,,0,,1,,0,
https://www.creditdoc.co/review/mississippi-county-arkansas-economic-opportunity-commission-inc/,9,,0,,1,,0,
https://www.creditdoc.co/review/mississippi-faith-based-coalition-for-community-renewal-inc/,6,,0,,1,,0,
https://www.creditdoc.co/review/mitchell-e-chessman-bankruptcy-attorney/,10,,0,,1,,0,
https://www.creditdoc.co/review/mocse/,90,,0,,1,,0,
https://www.creditdoc.co/review/money-bethany/,24,,0,,1,,0,
https://www.creditdoc.co/review/money-first-funding/,44,,0,,1,,0,
https://www.creditdoc.co/review/moneygram-antioch/,7,,0,,1,,0,
https://www.creditdoc.co/review/moneygram-closed/,2,,0,,1,,0,
https://www.creditdoc.co/review/moneygram-colorado-springs-co/,7,,0,,1,,0,
https://www.creditdoc.co/review/moneygram-los-angeles/,4,,0,,1,,0,
https://www.creditdoc.co/review/moneygram-nashville/,3,,0,,1,,0,
https://www.creditdoc.co/review/moneygram-seattle-wa/,5,,0,,1,,0,
https://www.creditdoc.co/review/moneygram-union-city-nj/,2,,0,,1,,0,
https://www.creditdoc.co/review/moneygram-westerville/,3,,0,,1,,0,
https://www.creditdoc.co/review/moneytree-aurora/,4,,0,,1,,0,
https://www.creditdoc.co/review/moog-employees/,10,,0,,1,,0,
https://www.creditdoc.co/review/mountain-star/,60,,0,,1,,0,
https://www.creditdoc.co/review/movement-mortgage/,72,,0,,1,,0,
https://www.creditdoc.co/review/mpd-community-credit-union/,5,,0,,1,,0,
https://www.creditdoc.co/review/mr-steves-pawn-shop/,31,,0,,1,,0,
https://www.creditdoc.co/review/muzi-consulting-dba-certified-credit-consultants/,8,,0,,1,,0,
https://www.creditdoc.co/review/my-kind-of-bank/,9,,0,,1,,0,
https://www.creditdoc.co/review/mypoint-credit-union-north-park/,52,,0,,1,,0,
https://www.creditdoc.co/review/naca-chicago/,44,,0,,1,,0,
https://www.creditdoc.co/review/nasa/,5,,0,,1,,0,
https://www.creditdoc.co/review/national-auto-lenders/,4,,0,,1,,0,
https://www.creditdoc.co/review/national-credit-counseling-bureau-nccb/,82,,0,,1,,0,
https://www.creditdoc.co/review/nazarmans-pawnshop/,10,,0,,1,,0,
https://www.creditdoc.co/review/nccl-no-credit-check-loans-sacramento/,10,,0,,1,,0,
https://www.creditdoc.co/review/neighborhood-housing-services-inc-dba-neighborworks-boise/,2,,0,,1,,0,
https://www.creditdoc.co/review/neighborhood-housing-services-of-greater-berks-inc/,8,,0,,1,,0,
https://www.creditdoc.co/review/neighborhood-housing-services-of-the-south-shore-dba-neighborworks-housing-solut/,10,,0,,1,,0,
https://www.creditdoc.co/review/neighborhood-housing-services-of-waco-inc/,3,,0,,1,,0,
https://www.creditdoc.co/review/neighborworks-homeownership-center-sacramento-region/,50,,0,,1,,0,
https://www.creditdoc.co/review/neighborworks-of-southern-new-hampshire/,12,,0,,1,,0,
https://www.creditdoc.co/review/nekoosa-port-edwards-state-bank/,8,,0,,1,,0,
https://www.creditdoc.co/review/net-debt/,85,,0,,1,,0,
https://www.creditdoc.co/review/nevada-home-loans/,99,,0,,1,,0,
https://www.creditdoc.co/review/new-castle-county-delaware-em/,56,,0,,1,,0,
https://www.creditdoc.co/review/new-hampshire-housing-finance-authority-bedford/,52,,0,,1,,0,
https://www.creditdoc.co/review/new-liberty-loans-pawn-shop/,98,,0,,1,,0,
https://www.creditdoc.co/review/new-start-capital/,85,,0,,1,,0,
https://www.creditdoc.co/review/new-york-company-corporate-office/,3,,0,,1,,0,
https://www.creditdoc.co/review/new-york-merchant-cash-advance/,3,,0,,1,,0,
https://www.creditdoc.co/review/newcastle-home-loans-mortgage-lender/,7,,0,,1,,0,
https://www.creditdoc.co/review/newfield-national-bank/,35,,0,,1,,0,
https://www.creditdoc.co/review/newfirst-national-bank/,5,,0,,1,,0,
https://www.creditdoc.co/review/newity/,15,,0,,1,,0,
https://www.creditdoc.co/review/nexus-private-capital/,3,,0,,1,,0,
https://www.creditdoc.co/review/nfm-lending-great-lakes-division/,10,,0,,1,,0,
https://www.creditdoc.co/review/nid-hca-plainfield/,11,,0,,1,,0,
https://www.creditdoc.co/review/norfolk-community/,74,,0,,1,,0,
https://www.creditdoc.co/review/normans-jewelry-loan/,98,,0,,1,,0,
https://www.creditdoc.co/review/north-phoenix-pawn/,10,,0,,1,,0,
https://www.creditdoc.co/review/north-west-housing-partnership/,8,,0,,1,,0,
https://www.creditdoc.co/review/northeast-texas-teachers/,84,,0,,1,,0,
https://www.creditdoc.co/review/northern-bank-trust-company/,6,,0,,1,,0,
https://www.creditdoc.co/review/northwestern/,64,,0,,1,,0,
https://www.creditdoc.co/review/northwoods/,9,,0,,1,,0,
https://www.creditdoc.co/review/nova-cash-advance/,3,,0,,1,,0,
https://www.creditdoc.co/review/nsc-naca-counseling-subsidiary-houston-tx/,2,,0,,1,,0,
https://www.creditdoc.co/review/nsc-naca-counseling-subsidiary-los-angeles-ca/,46,,0,,1,,0,
https://www.creditdoc.co/review/nuvista/,34,,0,,1,,0,
https://www.creditdoc.co/review/oak-valley-community-bank/,11,,0,,1,,0,
https://www.creditdoc.co/review/oasis-of-hope-cdc/,10,,0,,1,,0,
https://www.creditdoc.co/review/ocean-bank/,77,,0,,1,,0,
https://www.creditdoc.co/review/olympia-federal-savings-and-loan-association/,43,,0,,1,,0,
https://www.creditdoc.co/review/ondeck/,21,,0,,1,,0,
https://www.creditdoc.co/review/one-source/,18,,0,,1,,0,
https://www.creditdoc.co/review/oneaz/,80,,0,,1,,0,
https://www.creditdoc.co/review/onomea/,30,,0,,1,,0,
https://www.creditdoc.co/review/opensky-secured-credit-card/,9,,0,,1,,0,
https://www.creditdoc.co/review/optimum-credit-solutions-fix-your-credit-scores-fast/,2,,0,,1,,0,
https://www.creditdoc.co/review/optimumbank/,84,,0,,1,,0,
https://www.creditdoc.co/review/order-express-pasadena/,7,,0,,1,,0,
https://www.creditdoc.co/review/orlandi-valuta-bakersfield-ca/,4,,0,,1,,0,
https://www.creditdoc.co/review/orlandi-valuta-bakersfield/,9,,0,,1,,0,
https://www.creditdoc.co/review/oswego-county/,7,,0,,1,,0,
https://www.creditdoc.co/review/our-casas-resident-council-inc/,5,,0,,1,,0,
https://www.creditdoc.co/review/our-mother-of-mercy-federal-credit-union/,6,,0,,1,,0,
https://www.creditdoc.co/review/owensboro/,86,,0,,1,,0,
https://www.creditdoc.co/review/p-s-check-cashing/,11,,0,,1,,0,
https://www.creditdoc.co/review/pacific-postal-credit-union/,4,,0,,1,,0,
https://www.creditdoc.co/review/pacific-service/,43,,0,,1,,0,
https://www.creditdoc.co/review/palco-fcu/,6,,0,,1,,0,
https://www.creditdoc.co/review/pawn-kings-jewelry-pawn-shop-in-seattle-wa/,1,,0,,1,,0,
https://www.creditdoc.co/review/pawn-now/,82,,0,,1,,0,
https://www.creditdoc.co/review/pawn1st-tempe/,46,,0,,1,,0,
https://www.creditdoc.co/review/payday-loans-cash-fresno/,7,,0,,1,,0,
https://www.creditdoc.co/review/payday-money-centers-east-san-diego/,19,,0,,1,,0,
https://www.creditdoc.co/review/paydayallday-las-vegas/,11,,0,,1,,0,
https://www.creditdoc.co/review/paydayallday/,68,,0,,1,,0,
https://www.creditdoc.co/review/payment-1-loans-san-antonio-w-commerce/,49,,0,,1,,0,
https://www.creditdoc.co/review/payment-1-loans-san-antonio/,8,,0,,1,,0,
https://www.creditdoc.co/review/payomatic-brooklyn-ny/,10,,0,,1,,0,
https://www.creditdoc.co/review/pdq-titles-loans/,4,,0,,1,,0,
https://www.creditdoc.co/review/pendleton-community-bank-inc/,46,,0,,1,,0,
https://www.creditdoc.co/review/peoples-bank-rock-valley/,8,,0,,1,,0,
https://www.creditdoc.co/review/pimlico-capital-lending-and-refinance/,70,,0,,1,,0,
https://www.creditdoc.co/review/pineland-bank/,63,,0,,1,,0,
https://www.creditdoc.co/review/pioneer-federal-savings-and-loan-association/,5,,0,,1,,0,
https://www.creditdoc.co/review/pls-check-cashers-dallas-tx/,70,,0,,1,,0,
https://www.creditdoc.co/review/pls-check-cashers-mesa/,4,,0,,1,,0,
https://www.creditdoc.co/review/pony-express-bank/,47,,0,,1,,0,
https://www.creditdoc.co/review/prairie-state-bank-and-trust/,58,,0,,1,,0,
https://www.creditdoc.co/review/precise-taxes-credit-repair-service-jacksonville/,7,,0,,1,,0,
https://www.creditdoc.co/review/premier-nationwide-lending-san-antonio-tx/,10,,0,,1,,0,
https://www.creditdoc.co/review/prestamos-cdfi/,12,,0,,1,,0,
https://www.creditdoc.co/review/prestamos-sobre-vehiculos-en-los-angeles/,12,,0,,1,,0,
https://www.creditdoc.co/review/primelending-a-plainscapital-company-san-diego/,59,,0,,1,,0,
https://www.creditdoc.co/review/prinsbank/,11,,0,,1,,0,
https://www.creditdoc.co/review/provident-bank/,79,,0,,1,,0,
https://www.creditdoc.co/review/purchase-order-financing/,43,,0,,1,,0,
https://www.creditdoc.co/review/qualitycreditrepaircom/,7,,0,,1,,0,
https://www.creditdoc.co/review/quick-check-cashing-atlanta/,3,,0,,1,,0,
https://www.creditdoc.co/review/quik-cash-jewelry-pawn/,11,,0,,1,,0,
https://www.creditdoc.co/review/r-j-jewelry-and-loan/,8,,0,,1,,0,
https://www.creditdoc.co/review/r-s-bellco/,43,,0,,1,,0,
https://www.creditdoc.co/review/rabun-county-bank/,4,,0,,1,,0,
https://www.creditdoc.co/review/rancho-gold-jewelry/,3,,0,,1,,0,
https://www.creditdoc.co/review/real-management-services/,6,,0,,1,,0,
https://www.creditdoc.co/review/redeemer/,11,,0,,1,,0,
https://www.creditdoc.co/review/refijet/,86,,0,,1,,0,
https://www.creditdoc.co/review/refugee-family-assistance-program/,2,,0,,1,,0,
https://www.creditdoc.co/review/regional-finance-oklahoma-city/,65,,0,,1,,0,
https://www.creditdoc.co/review/regional-finance-virginia-beach/,4,,0,,1,,0,
https://www.creditdoc.co/review/reps-capital/,3,,0,,1,,0,
https://www.creditdoc.co/review/republic-finance-cedar-park/,47,,0,,1,,0,
https://www.creditdoc.co/review/resolutions-made-easy-credit-repair/,8,,0,,1,,0,
https://www.creditdoc.co/review/restoration-america-inc/,10,,0,,1,,0,
https://www.creditdoc.co/review/restore-freedom-credit/,5,,0,,1,,0,
https://www.creditdoc.co/review/rev/,13,,0,,1,,0,
https://www.creditdoc.co/review/ria-money-transfer-cardenas/,2,,0,,1,,0,
https://www.creditdoc.co/review/ria-money-transfer-louisville/,10,,0,,1,,0,
https://www.creditdoc.co/review/river-city-community-development-corporation/,6,,0,,1,,0,
https://www.creditdoc.co/review/rnc-bridge-private-hard-money-oklahoma-city/,80,,0,,1,,0,
https://www.creditdoc.co/review/rocky-mountain-title/,80,,0,,1,,0,
https://www.creditdoc.co/review/root-river-state-bank/,9,,0,,1,,0,
https://www.creditdoc.co/review/round-top-state-bank/,69,,0,,1,,0,
https://www.creditdoc.co/review/rountree-leitman-klein-geer/,6,,0,,1,,0,
https://www.creditdoc.co/review/royal-pawn-shop-jewelry-loan/,10,,0,,1,,0,
https://www.creditdoc.co/review/ryan-leahy-leahy-lending/,63,,0,,1,,0,
https://www.creditdoc.co/review/sacramento-payday-loans-cash/,89,,0,,1,,0,
https://www.creditdoc.co/review/saedi-law-group/,2,,0,,1,,0,
https://www.creditdoc.co/review/sam-check-cashing-machine-detroit-mi/,7,,0,,1,,0,
https://www.creditdoc.co/review/sameday-payday-loans-gastonia/,8,,0,,1,,0,
https://www.creditdoc.co/review/san-juan-mountains/,6,,0,,1,,0,
https://www.creditdoc.co/review/sanborn-savings-bank/,9,,0,,1,,0,
https://www.creditdoc.co/review/sate-payday-loans/,2,,0,,1,,0,
https://www.creditdoc.co/review/savings-bank/,25,,0,,1,,0,
https://www.creditdoc.co/review/schenectady-county-employees/,69,,0,,1,,0,
https://www.creditdoc.co/review/scion-lending/,8,,0,,1,,0,
https://www.creditdoc.co/review/sd-equity-partners-san-diego-hard-money-lenders/,100,,0,,1,,0,
https://www.creditdoc.co/review/sdccu-mission-valley-branch/,74,,0,,1,,0,
https://www.creditdoc.co/review/seaboard/,9,,0,,1,,0,
https://www.creditdoc.co/review/second-start-financial/,8,,0,,1,,0,
https://www.creditdoc.co/review/security-federal-bank/,48,,0,,1,,0,
https://www.creditdoc.co/review/security-first-bank/,34,,0,,1,,0,
https://www.creditdoc.co/review/security-savings-bank-canton/,59,,0,,1,,0,
https://www.creditdoc.co/review/sell-gold-miami/,4,,0,,1,,0,
https://www.creditdoc.co/review/seneca-savings-bank/,17,,0,,1,,0,
https://www.creditdoc.co/review/senor-check-cashing-19/,8,,0,,1,,0,
https://www.creditdoc.co/review/service-loan/,1,,0,,1,,0,
https://www.creditdoc.co/review/service-loans/,12,,0,,1,,0,
https://www.creditdoc.co/review/service/,5,,0,,1,,0,
https://www.creditdoc.co/review/settle-our-debt/,4,,0,,1,,0,
https://www.creditdoc.co/review/shalom-center-for-tree-of-life/,7,,0,,1,,0,
https://www.creditdoc.co/review/shaws-r-r-jewelry-and-loan/,7,,0,,1,,0,
https://www.creditdoc.co/review/sherburne-state-bank/,86,,0,,1,,0,
https://www.creditdoc.co/review/sicily-island-state-bank/,34,,0,,1,,0,
https://www.creditdoc.co/review/sidney-federal-savings-and-loan-association/,62,,0,,1,,0,
https://www.creditdoc.co/review/signature-loan-oklahoma-city-ok/,8,,0,,1,,0,
https://www.creditdoc.co/review/silver-crown-credit-repair/,8,,0,,1,,0,
https://www.creditdoc.co/review/simons-loan-and-jewelry-simons-pawnshop/,1,,0,,1,,0,
https://www.creditdoc.co/review/simple-debt-solutions/,58,,0,,1,,0,
https://www.creditdoc.co/review/simplot/,61,,0,,1,,0,
https://www.creditdoc.co/review/smartchoice-credit/,10,,0,,1,,0,
https://www.creditdoc.co/review/sneaker-pawn/,87,,0,,1,,0,
https://www.creditdoc.co/review/softite-community/,82,,0,,1,,0,
https://www.creditdoc.co/review/solvay-bank/,36,,0,,1,,0,
https://www.creditdoc.co/review/south-bend-firefighters/,58,,0,,1,,0,
https://www.creditdoc.co/review/south-coast-ilwu/,69,,0,,1,,0,
https://www.creditdoc.co/review/south-harbor-pawn-shop/,44,,0,,1,,0,
https://www.creditdoc.co/review/south-side-community-federal-credit-union-chicago/,82,,0,,1,,0,
https://www.creditdoc.co/review/south-side-community/,90,,0,,1,,0,
https://www.creditdoc.co/review/southeast-financial-credit-union/,4,,0,,1,,0,
https://www.creditdoc.co/review/southeastern-housing-community-development-fka-southeastern-housing-foundation/,99,,0,,1,,0,
https://www.creditdoc.co/review/southern-lending-services/,80,,0,,1,,0,
https://www.creditdoc.co/review/southern-teachers-parents/,77,,0,,1,,0,
https://www.creditdoc.co/review/southstar-bank-austin-loan-office/,11,,0,,1,,0,
https://www.creditdoc.co/review/southwest-financial-of-albuquerque/,92,,0,,1,,0,
https://www.creditdoc.co/review/southwest-minnesota-housing-partnership-mankato-branch/,1,,0,,1,,0,
https://www.creditdoc.co/review/special-money-pawn/,63,,0,,1,,0,
https://www.creditdoc.co/review/speedy-credit-repair/,44,,0,,1,,0,
https://www.creditdoc.co/review/spratt-savings-bank/,10,,0,,1,,0,
https://www.creditdoc.co/review/spring-garden-capital-group/,48,,0,,1,,0,
https://www.creditdoc.co/review/state-bank-of-taunton/,4,,0,,1,,0,
https://www.creditdoc.co/review/state-bank-trust-co/,67,,0,,1,,0,
https://www.creditdoc.co/review/state-bank-trust-of-kenmare/,5,,0,,1,,0,
https://www.creditdoc.co/review/step-up-suncoast-inc-fka-manatee-community-action-agency-inc/,78,,0,,1,,0,
https://www.creditdoc.co/review/stream-payday-loans-douglasville/,4,,0,,1,,0,
https://www.creditdoc.co/review/su-casa-de-cambio-los-angeles/,8,,0,,1,,0,
https://www.creditdoc.co/review/sun-loan-albuquerque/,77,,0,,1,,0,
https://www.creditdoc.co/review/sun-loan-oklahoma-city-ok/,51,,0,,1,,0,
https://www.creditdoc.co/review/sun-pacific/,62,,0,,1,,0,
https://www.creditdoc.co/review/sunbit/,6,,0,,1,,0,
https://www.creditdoc.co/review/sunshine-title-lender/,6,,0,,1,,0,
https://www.creditdoc.co/review/super-stop-market/,6,,0,,1,,0,
https://www.creditdoc.co/review/superb-cash-advance-arlington/,11,,0,,1,,0,
https://www.creditdoc.co/review/superb-cash-advance-aurora-co/,9,,0,,1,,0,
https://www.creditdoc.co/review/superb-cash-advance-aurora/,8,,0,,1,,0,
https://www.creditdoc.co/review/superb-cash-advance-indianapolis-in/,5,,0,,1,,0,
https://www.creditdoc.co/review/superb-cash-advance-louisville/,2,,0,,1,,0,
https://www.creditdoc.co/review/superb-cash-advance-thornton/,4,,0,,1,,0,
https://www.creditdoc.co/review/superb-cash-advance-warren/,6,,0,,1,,0,
https://www.creditdoc.co/review/sutton-bank/,72,,0,,1,,0,
https://www.creditdoc.co/review/symmes-law-group-p/,4,,0,,1,,0,
https://www.creditdoc.co/review/symple-lending/,70,,0,,1,,0,
https://www.creditdoc.co/review/synapse-payment-systems/,41,,0,,1,,0,
https://www.creditdoc.co/review/synchrony-bank/,53,,0,,1,,0,
https://www.creditdoc.co/review/talus/,3,,0,,1,,0,
https://www.creditdoc.co/review/tbo-bank/,4,,0,,1,,0,
https://www.creditdoc.co/review/teller-levit-silvertrust/,22,,0,,1,,0,
https://www.creditdoc.co/review/temporary-housing-foundation/,6,,0,,1,,0,
https://www.creditdoc.co/review/texas-bank-and-trust-company/,8,,0,,1,,0,
https://www.creditdoc.co/review/texstar/,88,,0,,1,,0,
https://www.creditdoc.co/review/the-bank-of-advance/,3,,0,,1,,0,
https://www.creditdoc.co/review/the-bank-of-marion/,18,,0,,1,,0,
https://www.creditdoc.co/review/the-bank-of-san-jacinto-county-coldspring-texas/,28,,0,,1,,0,
https://www.creditdoc.co/review/the-castle-jewelry-and-pawn-of-florence/,10,,0,,1,,0,
https://www.creditdoc.co/review/the-corner-stone-bank/,12,,0,,1,,0,
https://www.creditdoc.co/review/the-credit-bros/,89,,0,,1,,0,
https://www.creditdoc.co/review/the-credit-repairmen/,64,,0,,1,,0,
https://www.creditdoc.co/review/the-district-credit-union/,8,,0,,1,,0,
https://www.creditdoc.co/review/the-finest/,53,,0,,1,,0,
https://www.creditdoc.co/review/the-first-national-bank-of-hughes-springs/,73,,0,,1,,0,
https://www.creditdoc.co/review/the-first-national-bank-of-manning/,86,,0,,1,,0,
https://www.creditdoc.co/review/the-first-national-bank-of-peterstown/,81,,0,,1,,0,
https://www.creditdoc.co/review/the-first-national-bank-of-williamson/,3,,0,,1,,0,
https://www.creditdoc.co/review/the-focus/,3,,0,,1,,0,
https://www.creditdoc.co/review/the-friendship-state-bank/,1,,0,,1,,0,
https://www.creditdoc.co/review/the-hamler-state-bank/,23,,0,,1,,0,
https://www.creditdoc.co/review/the-home-loan-arranger/,5,,0,,1,,0,
https://www.creditdoc.co/review/the-housing-partnership-inc/,5,,0,,1,,0,
https://www.creditdoc.co/review/the-jones-law-firm/,33,,0,,1,,0,
https://www.creditdoc.co/review/the-malvern-national-bank/,10,,0,,1,,0,
https://www.creditdoc.co/review/the-maries-county-bank/,59,,0,,1,,0,
https://www.creditdoc.co/review/the-merchants-national-bank/,25,,0,,1,,0,
https://www.creditdoc.co/review/the-merchants-planters-bank/,3,,0,,1,,0,
https://www.creditdoc.co/review/the-mortgage-expert/,99,,0,,1,,0,
https://www.creditdoc.co/review/the-napoleon-state-bank/,9,,0,,1,,0,
https://www.creditdoc.co/review/the-noble-pawnbroker/,11,,0,,1,,0,
https://www.creditdoc.co/review/the-pawn-man/,11,,0,,1,,0,
https://www.creditdoc.co/review/the-peoples-savings-bank/,3,,0,,1,,0,
https://www.creditdoc.co/review/the-phenix-group/,42,,0,,1,,0,
https://www.creditdoc.co/review/the-way/,12,,0,,1,,0,
https://www.creditdoc.co/review/the-yoakum-national-bank/,6,,0,,1,,0,
https://www.creditdoc.co/review/theguarantors/,48,,0,,1,,0,
https://www.creditdoc.co/review/timberland/,6,,0,,1,,0,
https://www.creditdoc.co/review/time-finance-inc-nmls1246298/,12,,0,,1,,0,
https://www.creditdoc.co/review/timeshare-debt-release/,4,,0,,1,,0,
https://www.creditdoc.co/review/tioga-franklin-savings-bank-philadelphia/,55,,0,,1,,0,
https://www.creditdoc.co/review/tip-top-capital/,8,,0,,1,,0,
https://www.creditdoc.co/review/title-loans-tinley-park-by-ctl/,6,,0,,1,,0,
https://www.creditdoc.co/review/titlebucks-title-pawns/,67,,0,,1,,0,
https://www.creditdoc.co/review/titlemax-title-loans-las-vegas/,6,,0,,1,,0,
https://www.creditdoc.co/review/titlemax-title-loans-little-river/,54,,0,,1,,0,
https://www.creditdoc.co/review/tn-quick-cash-west-nashville/,89,,0,,1,,0,
https://www.creditdoc.co/review/tokarska-law-center/,9,,0,,1,,0,
https://www.creditdoc.co/review/total-lending-concepts-dallas-tx-mortgages/,92,,0,,1,,0,
https://www.creditdoc.co/review/tower-loan-houston/,56,,0,,1,,0,
https://www.creditdoc.co/review/tracir-financial/,24,,0,,1,,0,
https://www.creditdoc.co/review/trenton-teachers/,7,,0,,1,,0,
https://www.creditdoc.co/review/trius/,8,,0,,1,,0,
https://www.creditdoc.co/review/trona-valley-community/,45,,0,,1,,0,
https://www.creditdoc.co/review/trumark-financial-credit-union-south-philadelphia/,1,,0,,1,,0,
https://www.creditdoc.co/review/truservice-community/,73,,0,,1,,0,
https://www.creditdoc.co/review/truwest/,1,,0,,1,,0,
https://www.creditdoc.co/review/tsys-merchant-solutions/,40,,0,,1,,0,
https://www.creditdoc.co/review/tucker-capital/,11,,0,,1,,0,
https://www.creditdoc.co/review/u-snap-bac/,6,,0,,1,,0,
https://www.creditdoc.co/review/unidosus-counseling-connection-ucc/,4,,0,,1,,0,
https://www.creditdoc.co/review/union-yes/,13,,0,,1,,0,
https://www.creditdoc.co/review/united-bank-of-iowa/,57,,0,,1,,0,
https://www.creditdoc.co/review/united-bank-of-philadelphia-philadelphia/,27,,0,,1,,0,
https://www.creditdoc.co/review/united-check-cashing-fairview/,8,,0,,1,,0,
https://www.creditdoc.co/review/united-community-bank-chatham/,7,,0,,1,,0,
https://www.creditdoc.co/review/united-pacific-bank/,80,,0,,1,,0,
https://www.creditdoc.co/review/united-state-bank/,86,,0,,1,,0,
https://www.creditdoc.co/review/unity-bank-augusta/,10,,0,,1,,0,
https://www.creditdoc.co/review/unity-one-credit-union/,68,,0,,1,,0,
https://www.creditdoc.co/review/university-bank/,8,,0,,1,,0,
https://www.creditdoc.co/review/upmc-health-plan/,44,,0,,1,,0,
https://www.creditdoc.co/review/urban-edge-housing-corp/,9,,0,,1,,0,
https://www.creditdoc.co/review/urban-league-of-metropolitan-saint-louis-inc-peter-h-bunce-water-tower-center/,8,,0,,1,,0,
https://www.creditdoc.co/review/usa-check-center-formerly-check-center/,8,,0,,1,,0,
https://www.creditdoc.co/review/utah-state-university-weber-county-extension/,5,,0,,1,,0,
https://www.creditdoc.co/review/vantage-point/,70,,0,,1,,0,
https://www.creditdoc.co/review/venture-cash-advance/,5,,0,,1,,0,
https://www.creditdoc.co/review/venture-personal-loans/,3,,0,,1,,0,
https://www.creditdoc.co/review/veterans-united-home-loans-of-san-diego/,72,,0,,1,,0,
https://www.creditdoc.co/review/village-jewelry-loan/,8,,0,,1,,0,
https://www.creditdoc.co/review/vision-bank/,57,,0,,1,,0,
https://www.creditdoc.co/review/walled-lake-schools/,38,,0,,1,,0,
https://www.creditdoc.co/review/waukesha-state-bank/,57,,0,,1,,0,
https://www.creditdoc.co/review/waycross-bank-trust/,50,,0,,1,,0,
https://www.creditdoc.co/review/wells-fargo-bank-colorado-springs/,7,,0,,1,,0,
https://www.creditdoc.co/review/wepco/,67,,0,,1,,0,
https://www.creditdoc.co/review/west-central-georgia-bank/,96,,0,,1,,0,
https://www.creditdoc.co/review/westbury-bank/,9,,0,,1,,0,
https://www.creditdoc.co/review/westchester-pawnbroker-ii/,11,,0,,1,,0,
https://www.creditdoc.co/review/western-union-brisbane/,3,,0,,1,,0,
https://www.creditdoc.co/review/western-union-brookhaven/,3,,0,,1,,0,
https://www.creditdoc.co/review/western-union-detroit/,2,,0,,1,,0,
https://www.creditdoc.co/review/western-union-money-order-only-houston/,2,,0,,1,,0,
https://www.creditdoc.co/review/western-union-money-order-only-orlando/,8,,0,,1,,0,
https://www.creditdoc.co/review/western-union-money-order-only-philadelphia-pa/,32,,0,,1,,0,
https://www.creditdoc.co/review/western-union-money-order-only-phoenix/,7,,0,,1,,0,
https://www.creditdoc.co/review/western-union-raleigh/,74,,0,,1,,0,
https://www.creditdoc.co/review/western-union-san-jose-ca/,3,,0,,1,,0,
https://www.creditdoc.co/review/westerra-credit-union-central-park-branch/,10,,0,,1,,0,
https://www.creditdoc.co/review/weston-legal/,6,,0,,1,,0,
https://www.creditdoc.co/review/wilshire-quinn-capital/,67,,0,,1,,0,
https://www.creditdoc.co/review/wnc-community-cu/,72,,0,,1,,0,
https://www.creditdoc.co/review/workers/,58,,0,,1,,0,
https://www.creditdoc.co/review/ynb-yukon/,41,,0,,1,,0,
https://www.creditdoc.co/review/your-debt-under-construction/,2,,0,,1,,0,
https://www.creditdoc.co/review/your-loan-depot/,9,,0,,1,,0,
https://www.creditdoc.co/state/colorado/lending-laws/,80,,0,,1,,0,
https://www.creditdoc.co/state/tennessee/lending-laws/,5,,0,,1,,0,
https://www.creditdoc.co/tools/,1,,0,,1,,0,
