Query,2026-05-20--2026-06-19_Position,2026-04-19--2026-05-19_Position,"2026-05-20--2026-06-19_Avg position","2026-04-19--2026-05-19_Avg position",2026-05-20--2026-06-19_Clicks,2026-04-19--2026-05-19_Clicks,2026-05-20--2026-06-19_Impressions,2026-04-19--2026-05-19_Impressions,2026-05-20--2026-06-19_CTR,2026-04-19--2026-05-19_CTR
"yrefy, llc","Not tracked","Not tracked",72.48,,0,,609,,0,
"cfsc check cashing","Not tracked","Not tracked",55.44,,0,,103,,0,
"consumer finance services","Not tracked","Not tracked",90.78,,0,,82,,0,
"consumer financial services","Not tracked","Not tracked",96.67,,0,,76,,0,
"red canoe credit union","Not tracked","Not tracked",60.81,,0,,69,,0,
"consumer financial services chicago","Not tracked","Not tracked",56.62,,0,,63,,0,
"moody bank","Not tracked","Not tracked",55.62,,0,,63,,0,
"moody bank texas","Not tracked","Not tracked",58.93,,0,,61,,0,
"future loans","Not tracked","Not tracked",66.2,,0,,60,,0,
"ent credit union","Not tracked","Not tracked",58.32,,0,,56,,0,
"moody national bank","Not tracked","Not tracked",64.06,,0,,54,,0,
"red canoe cu","Not tracked","Not tracked",58.65,,0,,52,,0,
"idaho credit union","Not tracked","Not tracked",65.55,,0,,51,,0,
"cfsc tax direct deposit","Not tracked","Not tracked",59,,0,,50,,0,
"moody bank lake jackson tx","Not tracked","Not tracked",58.75,,0,,48,,0,
"pawn loan mesa","Not tracked","Not tracked",79.43,,0,,47,,0,
"finance of america reverse san diego","Not tracked","Not tracked",74.78,,0,,45,,0,
"american express financial services","Not tracked","Not tracked",35.93,,0,,44,,0,
"consumer financial services corporation","Not tracked","Not tracked",91.52,,0,,44,,0,
"yrefy phone number","Not tracked","Not tracked",79.69,,0,,42,,0,
"future home loans jacksonville","Not tracked","Not tracked",41.83,,0,,41,,0,
"yrefy address","Not tracked","Not tracked",83.78,,0,,41,,0,
"yrefy llc","Not tracked","Not tracked",71.66,,0,,41,,0,
"red canoe","Not tracked","Not tracked",90.53,,0,,40,,0,
"aerospace federal credit union","Not tracked","Not tracked",37.82,,0,,39,,0,
"gold loans phoenix","Not tracked","Not tracked",90.82,,0,,39,,0,
"health care family credit union","Not tracked","Not tracked",68.85,,0,,39,,0,
"mercantile bank","Not tracked","Not tracked",38.33,,0,,39,,0,
"bankfirst financial services","Not tracked","Not tracked",61.66,,0,,38,,0,
"pawn loans mesa","Not tracked","Not tracked",76.74,,0,,38,,0,
"auto money title loans","Not tracked","Not tracked",45.19,,0,,37,,0,
"first fidelity","Not tracked","Not tracked",74.46,,0,,37,,0,
"orion credit union","Not tracked","Not tracked",48.16,,0,,37,,0,
"consumer financial services llc","Not tracked","Not tracked",89.39,,0,,36,,0,
"db organization","Not tracked","Not tracked",39.71,,0,,35,,0,
"everbank mortgage","Not tracked","Not tracked",72.29,,0,,35,,0,
"first south","Not tracked","Not tracked",66.37,,0,,35,,0,
"heights finance","Not tracked","Not tracked",33.74,,0,,35,,0,
"transportation credit union","Not tracked","Not tracked",52.17,,0,,35,,0,
"finance of america mtg llc","Not tracked","Not tracked",61.47,,0,,34,,0,
"health net","Not tracked","Not tracked",95.24,,0,,34,,0,
rccu,"Not tracked","Not tracked",51.97,,0,,34,,0,
"western union ks","Not tracked","Not tracked",41.97,,0,,34,,0,
"associated credit union","Not tracked","Not tracked",28.48,,0,,33,,0,
"commercial savings","Not tracked","Not tracked",83.36,,0,,33,,0,
nusenda,"Not tracked","Not tracked",37.67,,0,,33,,0,
"first bank and trust","Not tracked","Not tracked",86.4,,0,,30,,0,
"future home loans","Not tracked","Not tracked",50.6,,0,,30,,0,
"bank or atm","Not tracked","Not tracked",78.14,,0,,29,,0,
"bayport financial services","Not tracked","Not tracked",83.76,,0,,29,,0,
"corning credit union","Not tracked","Not tracked",67.93,,0,,29,,0,
"auto money title pawn","Not tracked","Not tracked",45.82,,0,,28,,0,
"consumer credit counseling service of san francisco","Not tracked","Not tracked",84.11,,0,,28,,0,
"cport credit union","Not tracked","Not tracked",32.79,,0,,28,,0,
"goldman credit solutions","Not tracked","Not tracked",36.61,,0,,28,,0,
"hills bank and trust phishing","Not tracked","Not tracked",77.96,,0,,28,,0,
"hills bank and trust spam","Not tracked","Not tracked",80.54,,0,,28,,0,
nuvision,"Not tracked","Not tracked",60.07,,0,,28,,0,
"new york university federal credit union american consumer council","Not tracked","Not tracked",8.26,,0,,27,,0,
"ace money loans","Not tracked","Not tracked",7.85,,0,,27,,0,
"core plus credit union","Not tracked","Not tracked",37.15,,0,,27,,0,
"florida commercial collections agency","Not tracked","Not tracked",83.22,,0,,27,,0,
"gold loans tempe","Not tracked","Not tracked",79.74,,0,,27,,0,
"gulf winds fcu","Not tracked","Not tracked",33.26,,0,,27,,0,
titlemax,"Not tracked","Not tracked",52.19,,0,,27,,0,
"ally financial","Not tracked","Not tracked",32.31,,0,,26,,0,
"cic credit","Not tracked","Not tracked",58.58,,0,,26,,0,
"des moines credit union","Not tracked","Not tracked",66.42,,0,,26,,0,
"fast equipment financing","Not tracked","Not tracked",94.35,,0,,26,,0,
"hills bank and trust scam","Not tracked","Not tracked",56.38,,0,,26,,0,
"pursuit loans","Not tracked","Not tracked",31.69,,0,,26,,0,
"rally savings account","Not tracked","Not tracked",25.62,,0,,26,,0,
"title max","Not tracked","Not tracked",47.46,,0,,26,,0,
"wesbanco morgantown wv","Not tracked","Not tracked",47.62,,0,,26,,0,
"cardinal financial","Not tracked","Not tracked",59.56,,0,,25,,0,
"dynamic federal credit union","Not tracked","Not tracked",50.48,,0,,25,,0,
"ent bank","Not tracked","Not tracked",49.32,,0,,25,,0,
"first citizens bank","Not tracked","Not tracked",68.44,,0,,25,,0,
"red canoe credit","Not tracked","Not tracked",51.68,,0,,25,,0,
"titlemax title pawns","Not tracked","Not tracked",51.48,,0,,25,,0,
"family bank","Not tracked","Not tracked",77.17,,0,,24,,0,
"finance american mortgage","Not tracked","Not tracked",96.25,,0,,24,,0,
"home savings bank mortgage rates","Not tracked","Not tracked",96.17,,0,,24,,0,
"jewelry loan san diego","Not tracked","Not tracked",87.71,,0,,24,,0,
"luxury pawn san diego","Not tracked","Not tracked",72.21,,0,,24,,0,
"texas credit","Not tracked","Not tracked",73.13,,0,,24,,0,
"banks and atms","Not tracked","Not tracked",79.13,,0,,23,,0,
"collins community credit union","Not tracked","Not tracked",42.17,,0,,23,,0,
"jet lending","Not tracked","Not tracked",60.87,,0,,23,,0,
"pawn shops phoenix","Not tracked","Not tracked",66.78,,0,,23,,0,
"(646) 360-4863 new york cannabis dispensary | ny cannabis co | state legal recreational cannabis dispensary | 9th ave","Not tracked","Not tracked",47.18,,0,,22,,0,
"ace financial services","Not tracked","Not tracked",83.45,,0,,22,,0,
"arrow bank account","Not tracked","Not tracked",13.55,,0,,22,,0,
"bank atm machine","Not tracked","Not tracked",90.64,,0,,22,,0,
"diamond loan santa monica","Not tracked","Not tracked",76.86,,0,,22,,0,
"fora financial","Not tracked","Not tracked",70.09,,0,,22,,0,
"fremont bank","Not tracked","Not tracked",42,,0,,22,,0,
"lending bank","Not tracked","Not tracked",80.18,,0,,22,,0,
"san antonio credit union","Not tracked","Not tracked",51.68,,0,,22,,0,
"aerospace credit union","Not tracked","Not tracked",41.29,,0,,21,,0,
"consumer credit counseling service reviews","Not tracked","Not tracked",74.19,,0,,21,,0,
"finance of america mortgage llc","Not tracked","Not tracked",64.71,,0,,21,,0,
"mece credit union","Not tracked","Not tracked",43.38,,0,,21,,0,
"nusenda cu","Not tracked","Not tracked",36,,0,,21,,0,
"texas credit union","Not tracked","Not tracked",84.81,,0,,21,,0,
"title loans norfolk","Not tracked","Not tracked",67.38,,0,,21,,0,
"dallas credit union","Not tracked","Not tracked",74.4,,0,,20,,0,
"garden savings fcu","Not tracked","Not tracked",44.6,,0,,20,,0,
"get aura inc","Not tracked","Not tracked",67.05,,0,,20,,0,
"moody bank houston","Not tracked","Not tracked",51.7,,0,,20,,0,
"nusenda cu ddos","Not tracked","Not tracked",72.25,,0,,20,,0,
"orion federal credit union","Not tracked","Not tracked",47.55,,0,,20,,0,
"pawn loans tempe","Not tracked","Not tracked",72,,0,,20,,0,
"sun loans","Not tracked","Not tracked",32.95,,0,,20,,0,
"tax debt relief","Not tracked","Not tracked",98.05,,0,,20,,0,
"vegas jewelry loan","Not tracked","Not tracked",84.4,,0,,20,,0,
"best auto lenders houston","Not tracked","Not tracked",81.21,,0,,19,,0,
"chicago financial services","Not tracked","Not tracked",91,,0,,19,,0,
"collateral loan san diego","Not tracked","Not tracked",95.32,,0,,19,,0,
"hills bank and trust fraud","Not tracked","Not tracked",73.58,,0,,19,,0,
"missoula credit union reviews","Not tracked","Not tracked",50.21,,0,,19,,0,
"moody bank savings accounts","Not tracked","Not tracked",86.05,,0,,19,,0,
"phoenix title loans","Not tracked","Not tracked",68.32,,0,,19,,0,
"red canoe bank","Not tracked","Not tracked",56.68,,0,,19,,0,
"republic first funding program details","Not tracked","Not tracked",56.53,,0,,19,,0,
"sun loan company","Not tracked","Not tracked",32.63,,0,,19,,0,
"yrefy phoenix az","Not tracked","Not tracked",70.53,,0,,19,,0,
"nyu fcu american consumer council","Not tracked","Not tracked",8.33,,0,,18,,0,
"baron creek loans","Not tracked","Not tracked",62.11,,0,,18,,0,
"communitywide federal credit union indiana","Not tracked","Not tracked",43.28,,0,,18,,0,
"fast auto title loans","Not tracked","Not tracked",37.33,,0,,18,,0,
"forte bank","Not tracked","Not tracked",46.22,,0,,18,,0,
"forte banking","Not tracked","Not tracked",46.72,,0,,18,,0,
"fremont bank mortgage","Not tracked","Not tracked",35.83,,0,,18,,0,
"jewelry loan tempe","Not tracked","Not tracked",80.22,,0,,18,,0,
"texas trust credit union","Not tracked","Not tracked",51.39,,0,,18,,0,
"best credit counseling agency","Not tracked","Not tracked",81.41,,0,,17,,0,
"cash cow payday loans","Not tracked","Not tracked",16.53,,0,,17,,0,
"finance america llc","Not tracked","Not tracked",92.88,,0,,17,,0,
"floridacentral credit union","Not tracked","Not tracked",50.35,,0,,17,,0,
"fsu credit union","Not tracked","Not tracked",50.71,,0,,17,,0,
"georgia title pawn","Not tracked","Not tracked",53.94,,0,,17,,0,
"global credit union","Not tracked","Not tracked",54.53,,0,,17,,0,
"goldman bank","Not tracked","Not tracked",78.82,,0,,17,,0,
"gulf winds","Not tracked","Not tracked",35.35,,0,,17,,0,
"midfirst bank","Not tracked","Not tracked",56.06,,0,,17,,0,
"tax debt help","Not tracked","Not tracked",95.18,,0,,17,,0,
"titlemax title pawn","Not tracked","Not tracked",24.24,,0,,17,,0,
tittlemax,"Not tracked","Not tracked",58.47,,0,,17,,0,
"trustone financial","Not tracked","Not tracked",46.88,,0,,17,,0,
"watch pawn loan mesa","Not tracked","Not tracked",76.82,,0,,17,,0,
"aberdeen proving ground federal credit union scam","Not tracked","Not tracked",58.69,,0,,16,,0,
bankfirstfs,"Not tracked","Not tracked",57.31,,0,,16,,0,
"cfs chicago east","Not tracked","Not tracked",6.94,,0,,16,,0,
"finance of america llc","Not tracked","Not tracked",78.81,,0,,16,,0,
"financial consumer services","Not tracked","Not tracked",96.13,,0,,16,,0,
"global credit","Not tracked","Not tracked",55.5,,0,,16,,0,
"passumpsic bank","Not tracked","Not tracked",44.31,,0,,16,,0,
"plainscapital bank","Not tracked","Not tracked",36.69,,0,,16,,0,
"pursuit lending","Not tracked","Not tracked",29.44,,0,,16,,0,
"valley first earn","Not tracked","Not tracked",67.19,,0,,16,,0,
yrefy,"Not tracked","Not tracked",89.69,,0,,16,,0,
"advancial federal credit union","Not tracked","Not tracked",46.33,,0,,15,,0,
"bankfirst mississippi","Not tracked","Not tracked",40.47,,0,,15,,0,
"bethpage federal credit union","Not tracked","Not tracked",41.67,,0,,15,,0,
"colorado pawn shop","Not tracked","Not tracked",69.53,,0,,15,,0,
"commercial savings bank","Not tracked","Not tracked",86.2,,0,,15,,0,
"community choice credit union","Not tracked","Not tracked",72.93,,0,,15,,0,
"consumer financial service","Not tracked","Not tracked",96.33,,0,,15,,0,
"first citizens bank ira","Not tracked","Not tracked",77.27,,0,,15,,0,
"forward bank","Not tracked","Not tracked",54.53,,0,,15,,0,
"gold loans mesa","Not tracked","Not tracked",78.47,,0,,15,,0,
"home loan savings bank","Not tracked","Not tracked",74.33,,0,,15,,0,
"home savings bank online banking","Not tracked","Not tracked",88.33,,0,,15,,0,
"marcos credit services reviews","Not tracked","Not tracked",8.4,,0,,15,,0,
meriwest,"Not tracked","Not tracked",51.87,,0,,15,,0,
"rockland trust bank","Not tracked","Not tracked",37.67,,0,,15,,0,
"security first","Not tracked","Not tracked",92.4,,0,,15,,0,
"tomo brokerage","Not tracked","Not tracked",79.67,,0,,15,,0,
"tomo mortgage reviews","Not tracked","Not tracked",58.53,,0,,15,,0,
"valley first apply","Not tracked","Not tracked",69.73,,0,,15,,0,
"valley first online","Not tracked","Not tracked",57.27,,0,,15,,0,
"aberdeen proving ground federal credit union fraud","Not tracked","Not tracked",55.29,,0,,14,,0,
"advancial credit union","Not tracked","Not tracked",38.21,,0,,14,,0,
"amboy bank","Not tracked","Not tracked",43.21,,0,,14,,0,
"bankfirst columbus ms","Not tracked","Not tracked",50.29,,0,,14,,0,
"bankfirst fs","Not tracked","Not tracked",46.93,,0,,14,,0,
"better debt solutions","Not tracked","Not tracked",66.29,,0,,14,,0,
"cash express","Not tracked","Not tracked",82.43,,0,,14,,0,
"catholic credit card","Not tracked","Not tracked",93.14,,0,,14,,0,
"comwide federal credit union","Not tracked","Not tracked",43.79,,0,,14,,0,
"does a joint account affect credit score","Not tracked","Not tracked",70.79,,0,,14,,0,
expree,"Not tracked","Not tracked",34.29,,0,,14,,0,
"generations bank","Not tracked","Not tracked",68.36,,0,,14,,0,
"herring bank","Not tracked","Not tracked",41,,0,,14,,0,
nbkc,"Not tracked","Not tracked",75.21,,0,,14,,0,
nusenda.,"Not tracked","Not tracked",39.5,,0,,14,,0,
plainscapital,"Not tracked","Not tracked",36.29,,0,,14,,0,
"planters bank","Not tracked","Not tracked",73.29,,0,,14,,0,
wesbanco,"Not tracked","Not tracked",66.86,,0,,14,,0,
"arrow bank","Not tracked","Not tracked",33.92,,0,,13,,0,
"carver loans","Not tracked","Not tracked",42.77,,0,,13,,0,
"cport credit","Not tracked","Not tracked",34.54,,0,,13,,0,
"currency exchange service carol stream","Not tracked","Not tracked",57.38,,0,,13,,0,
"heights finance corporation","Not tracked","Not tracked",47.08,,0,,13,,0,
"jacksonville title","Not tracked","Not tracked",80.46,,0,,13,,0,
"live oak bank","Not tracked","Not tracked",75.08,,0,,13,,0,
"nusenda credit union","Not tracked","Not tracked",32.31,,0,,13,,0,
"people credit union","Not tracked","Not tracked",83.92,,0,,13,,0,
"republic finance","Not tracked","Not tracked",47.77,,0,,13,,0,
"republic first funding loan requirements","Not tracked","Not tracked",46.69,,0,,13,,0,
"sun loan","Not tracked","Not tracked",36.62,,0,,13,,0,
"title loans glendale az","Not tracked","Not tracked",71.31,,0,,13,,0,
"valley bank","Not tracked","Not tracked",49.62,,0,,13,,0,
"washington savings bank","Not tracked","Not tracked",53.62,,0,,13,,0,
"what is factor trust","Not tracked","Not tracked",83.85,,0,,13,,0,
"arrow pawn phoenix az","Not tracked","Not tracked",62.92,,0,,12,,0,
"barclays bank delaware","Not tracked","Not tracked",61,,0,,12,,0,
"cash 1 title loans","Not tracked","Not tracked",50.5,,0,,12,,0,
"cash atm","Not tracked","Not tracked",94.67,,0,,12,,0,
"check into cash bbb","Not tracked","Not tracked",68.33,,0,,12,,0,
"check into cash grove ok","Not tracked","Not tracked",56.33,,0,,12,,0,
"clearpath lending reviews","Not tracked","Not tracked",46.58,,0,,12,,0,
"county bank reviews","Not tracked","Not tracked",59.92,,0,,12,,0,
"credit los angeles","Not tracked","Not tracked",77.83,,0,,12,,0,
"cy fair credit union","Not tracked","Not tracked",42.83,,0,,12,,0,
"emprise bank","Not tracked","Not tracked",61,,0,,12,,0,
"farm bureau bank","Not tracked","Not tracked",43,,0,,12,,0,
"fast auto loans","Not tracked","Not tracked",44.08,,0,,12,,0,
"finance america mortgage","Not tracked","Not tracked",59.17,,0,,12,,0,
"first city credit","Not tracked","Not tracked",66.5,,0,,12,,0,
"first fidelity bank","Not tracked","Not tracked",68.33,,0,,12,,0,
"first florida credit union","Not tracked","Not tracked",82.17,,0,,12,,0,
"firstcity cu","Not tracked","Not tracked",69.25,,0,,12,,0,
"florida commercial collection agency​","Not tracked","Not tracked",84,,0,,12,,0,
"freedom of maryland federal credit union bank","Not tracked","Not tracked",47.25,,0,,12,,0,
"gem financial services","Not tracked","Not tracked",92.33,,0,,12,,0,
globalcreditunion,"Not tracked","Not tracked",48.75,,0,,12,,0,
"incharge debt solution","Not tracked","Not tracked",56.33,,0,,12,,0,
"invest credit union","Not tracked","Not tracked",73.58,,0,,12,,0,
"jewelry loan austin","Not tracked","Not tracked",56,,0,,12,,0,
"loancare mortgage","Not tracked","Not tracked",36,,0,,12,,0,
"luxury collateral california","Not tracked","Not tracked",86.5,,0,,12,,0,
"mid hudson federal credit union","Not tracked","Not tracked",58.42,,0,,12,,0,
"pathfinder bank","Not tracked","Not tracked",39.5,,0,,12,,0,
"people's credit union","Not tracked","Not tracked",67.5,,0,,12,,0,
"red canoe banking","Not tracked","Not tracked",41.58,,0,,12,,0,
"red canoe interest rates","Not tracked","Not tracked",57.58,,0,,12,,0,
"regional financial","Not tracked","Not tracked",48.67,,0,,12,,0,
"rockland trust","Not tracked","Not tracked",50.33,,0,,12,,0,
"tampa pawn","Not tracked","Not tracked",70.25,,0,,12,,0,
"tittle max","Not tracked","Not tracked",59.08,,0,,12,,0,
"trumark financial scam","Not tracked","Not tracked",80.08,,0,,12,,0,
advancial,"Not tracked","Not tracked",44,,0,,11,,0,
americaneaglefederalcreditunion,"Not tracked","Not tracked",68.82,,0,,11,,0,
"artisans bank","Not tracked","Not tracked",46.73,,0,,11,,0,
"aura company","Not tracked","Not tracked",77.27,,0,,11,,0,
banterra,"Not tracked","Not tracked",47.18,,0,,11,,0,
"cash cow title loans","Not tracked","Not tracked",14.73,,0,,11,,0,
"cccs consumer credit counseling service","Not tracked","Not tracked",95.09,,0,,11,,0,
"colony bank","Not tracked","Not tracked",27.82,,0,,11,,0,
"community wide credit union","Not tracked","Not tracked",46.91,,0,,11,,0,
cport,"Not tracked","Not tracked",43.82,,0,,11,,0,
"equitable bank","Not tracked","Not tracked",80.64,,0,,11,,0,
"firstrust bank","Not tracked","Not tracked",52.64,,0,,11,,0,
"florida first credit union","Not tracked","Not tracked",85,,0,,11,,0,
"fort sill federal credit union","Not tracked","Not tracked",37.64,,0,,11,,0,
"gulf winds federal credit union","Not tracked","Not tracked",33.73,,0,,11,,0,
"midfirst direct","Not tracked","Not tracked",25.55,,0,,11,,0,
"neches fcu","Not tracked","Not tracked",41.18,,0,,11,,0,
"rockland bank","Not tracked","Not tracked",53.64,,0,,11,,0,
solarity,"Not tracked","Not tracked",50,,0,,11,,0,
"tomo mortgage","Not tracked","Not tracked",55.18,,0,,11,,0,
"trade and loan","Not tracked","Not tracked",94.27,,0,,11,,0,
"valley first credit card","Not tracked","Not tracked",73.91,,0,,11,,0,
"we buy everything merion station reviews","Not tracked","Not tracked",10.18,,0,,11,,0,
"western union orlandi valuta","Not tracked","Not tracked",47.09,,0,,11,,0,
"andrew johnson bank","Not tracked","Not tracked",44.8,,0,,10,,0,
"banterra bank","Not tracked","Not tracked",45.7,,0,,10,,0,
"best business loans","Not tracked","Not tracked",72.9,,0,,10,,0,
"bmi credit","Not tracked","Not tracked",38.9,,0,,10,,0,
"check express","Not tracked","Not tracked",46.4,,0,,10,,0,
"chevron fcu rates","Not tracked","Not tracked",9.5,,0,,10,,0,
coreplus,"Not tracked","Not tracked",70.3,,0,,10,,0,
"coreplus credit union","Not tracked","Not tracked",38.2,,0,,10,,0,
"credit union global","Not tracked","Not tracked",58.2,,0,,10,,0,
"debt consolidation san antonio","Not tracked","Not tracked",93.2,,0,,10,,0,
"east rise","Not tracked","Not tracked",61.9,,0,,10,,0,
"eclipse bank","Not tracked","Not tracked",35.3,,0,,10,,0,
"finance of america funding llc","Not tracked","Not tracked",93.7,,0,,10,,0,
"first imperial credit union","Not tracked","Not tracked",49.5,,0,,10,,0,
"first united bank durant","Not tracked","Not tracked",61,,0,,10,,0,
"fora financial - business funding","Not tracked","Not tracked",45.8,,0,,10,,0,
fsfcu,"Not tracked","Not tracked",35.3,,0,,10,,0,
"gold loans avondale","Not tracked","Not tracked",82.5,,0,,10,,0,
"gulf winds credit union","Not tracked","Not tracked",39.5,,0,,10,,0,
"healthcare financial federal credit union","Not tracked","Not tracked",69.3,,0,,10,,0,
"hills bank scam","Not tracked","Not tracked",56.1,,0,,10,,0,
"hud housing consulting","Not tracked","Not tracked",90.9,,0,,10,,0,
"incharge debt relief","Not tracked","Not tracked",52.5,,0,,10,,0,
"kemba credit union","Not tracked","Not tracked",74.4,,0,,10,,0,
"kinetic credit union","Not tracked","Not tracked",46.3,,0,,10,,0,
"lenders funding","Not tracked","Not tracked",91.2,,0,,10,,0,
"members community credit union","Not tracked","Not tracked",87.4,,0,,10,,0,
"moody bank checking accounts","Not tracked","Not tracked",79.7,,0,,10,,0,
"nbt bank","Not tracked","Not tracked",52.7,,0,,10,,0,
"neches federal credit union","Not tracked","Not tracked",39.6,,0,,10,,0,
"nusenda personal loan rates","Not tracked","Not tracked",25,,0,,10,,0,
"pawn loans phoenix","Not tracked","Not tracked",73.7,,0,,10,,0,
"payment one","Not tracked","Not tracked",37.5,,0,,10,,0,
"point breeze","Not tracked","Not tracked",59.6,,0,,10,,0,
"silver del mar","Not tracked","Not tracked",80.8,,0,,10,,0,
"speedy cash loans","Not tracked","Not tracked",54.9,,0,,10,,0,
"taunton federal credit union","Not tracked","Not tracked",29.4,,0,,10,,0,
"texas credit union dallas","Not tracked","Not tracked",66.1,,0,,10,,0,
"third federal","Not tracked","Not tracked",61.6,,0,,10,,0,
"traditions bank","Not tracked","Not tracked",73.6,,0,,10,,0,
"victoria bank credit","Not tracked","Not tracked",46.7,,0,,10,,0,
"western union p","Not tracked","Not tracked",38.9,,0,,10,,0,
"bethex federal credit union rates savings apy","Not tracked","Not tracked",6.44,,0,,9,,0,
"1 check cashing","Not tracked","Not tracked",66.89,,0,,9,,0,
"accredited credit counseling","Not tracked","Not tracked",83.33,,0,,9,,0,
"amboy national bank","Not tracked","Not tracked",45.78,,0,,9,,0,
"arrowhead credit","Not tracked","Not tracked",48.33,,0,,9,,0,
"bayport credit","Not tracked","Not tracked",47.22,,0,,9,,0,
"bennington state bank","Not tracked","Not tracked",44.44,,0,,9,,0,
"bmi bank","Not tracked","Not tracked",61.11,,0,,9,,0,
"bridge loan lenders","Not tracked","Not tracked",92.44,,0,,9,,0,
"capital educators federal cu","Not tracked","Not tracked",29.33,,0,,9,,0,
"chevron federal credit union rates","Not tracked","Not tracked",7.89,,0,,9,,0,
"collins credit union","Not tracked","Not tracked",51.67,,0,,9,,0,
"communitywide fcu","Not tracked","Not tracked",47.67,,0,,9,,0,
"communitywide federal credit union","Not tracked","Not tracked",48.11,,0,,9,,0,
"credit union des moines","Not tracked","Not tracked",91.22,,0,,9,,0,
"cscu credit union","Not tracked","Not tracked",78,,0,,9,,0,
cutx,"Not tracked","Not tracked",46.89,,0,,9,,0,
"debt consolidation san jose","Not tracked","Not tracked",93.89,,0,,9,,0,
"diversified credit union","Not tracked","Not tracked",56.44,,0,,9,,0,
"express pawn grand island","Not tracked","Not tracked",58,,0,,9,,0,
"firefighters first credit union","Not tracked","Not tracked",51.22,,0,,9,,0,
"first bank of berne personal checks","Not tracked","Not tracked",72.11,,0,,9,,0,
"first city credit union credit","Not tracked","Not tracked",55.22,,0,,9,,0,
"flexibility capital","Not tracked","Not tracked",48.56,,0,,9,,0,
"freedom of maryland fcu bank","Not tracked","Not tracked",44.44,,0,,9,,0,
"global credit union investment services","Not tracked","Not tracked",73,,0,,9,,0,
"goldman sachs bank","Not tracked","Not tracked",65.56,,0,,9,,0,
"healthcare financial credit union","Not tracked","Not tracked",75,,0,,9,,0,
"ilwu credit union","Not tracked","Not tracked",25.89,,0,,9,,0,
"intrepid credit union","Not tracked","Not tracked",42.56,,0,,9,,0,
"live oak banking","Not tracked","Not tracked",80.89,,0,,9,,0,
"manasquan business banking","Not tracked","Not tracked",23.44,,0,,9,,0,
"miami currency exchange","Not tracked","Not tracked",63.56,,0,,9,,0,
netdebt,"Not tracked","Not tracked",26.67,,0,,9,,0,
"norway savings bank","Not tracked","Not tracked",45.89,,0,,9,,0,
"oneaz credit union sba loan","Not tracked","Not tracked",64,,0,,9,,0,
"parkway bank and trust","Not tracked","Not tracked",45.89,,0,,9,,0,
"passumpsic savings bank","Not tracked","Not tracked",42.89,,0,,9,,0,
"phoenix title loan","Not tracked","Not tracked",62.11,,0,,9,,0,
"red canoe rates","Not tracked","Not tracked",48,,0,,9,,0,
"regal credit management","Not tracked","Not tracked",40.56,,0,,9,,0,
reliabank,"Not tracked","Not tracked",52.67,,0,,9,,0,
"rockland trust company","Not tracked","Not tracked",42.56,,0,,9,,0,
"sentinel federal credit union rapid city sd","Not tracked","Not tracked",48,,0,,9,,0,
"sharefax credit union","Not tracked","Not tracked",33.11,,0,,9,,0,
"southpoint financial services","Not tracked","Not tracked",62.56,,0,,9,,0,
"title loans norfolk va","Not tracked","Not tracked",65.33,,0,,9,,0,
trustco,"Not tracked","Not tracked",61.67,,0,,9,,0,
trustone,"Not tracked","Not tracked",52.22,,0,,9,,0,
"use credit union","Not tracked","Not tracked",87,,0,,9,,0,
"valley first","Not tracked","Not tracked",69,,0,,9,,0,
"valley first online banking","Not tracked","Not tracked",64.78,,0,,9,,0,
"valley first personalized","Not tracked","Not tracked",53.33,,0,,9,,0,
"valley first rates","Not tracked","Not tracked",57.67,,0,,9,,0,
"valley first saving account","Not tracked","Not tracked",82.89,,0,,9,,0,
"wasatch peaks","Not tracked","Not tracked",82.11,,0,,9,,0,
"02 bank","Not tracked","Not tracked",39.38,,0,,8,,0,
"1st midamerica","Not tracked","Not tracked",32.88,,0,,8,,0,
"ace cash advance","Not tracked","Not tracked",17.13,,0,,8,,0,
"alden state bank","Not tracked","Not tracked",68.5,,0,,8,,0,
"alive credit union","Not tracked","Not tracked",44.88,,0,,8,,0,
"ally bank detroit reviews","Not tracked","Not tracked",12,,0,,8,,0,
"avadian credit union","Not tracked","Not tracked",39.13,,0,,8,,0,
b1bank,"Not tracked","Not tracked",41.63,,0,,8,,0,
"bank of bartlett","Not tracked","Not tracked",60,,0,,8,,0,
"bank of west virginia","Not tracked","Not tracked",69.13,,0,,8,,0,
"bluestone bank debit mastercard","Not tracked","Not tracked",71.13,,0,,8,,0,
"bnc national bank reviews","Not tracked","Not tracked",55,,0,,8,,0,
"bryte payment solutions","Not tracked","Not tracked",46.38,,0,,8,,0,
"cardinal financial company","Not tracked","Not tracked",57.63,,0,,8,,0,
"cathay bank","Not tracked","Not tracked",54.75,,0,,8,,0,
"commercial bank of california","Not tracked","Not tracked",78.38,,0,,8,,0,
"community choice","Not tracked","Not tracked",78.75,,0,,8,,0,
"community first credit cards","Not tracked","Not tracked",80.75,,0,,8,,0,
"community first credit union st augustine fl","Not tracked","Not tracked",53.63,,0,,8,,0,
"crest savings bank","Not tracked","Not tracked",62.75,,0,,8,,0,
"crews bank","Not tracked","Not tracked",40.5,,0,,8,,0,
"cy fair federal credit union","Not tracked","Not tracked",40.75,,0,,8,,0,
"dupont community credit union","Not tracked","Not tracked",48.25,,0,,8,,0,
"dupont credit","Not tracked","Not tracked",42.63,,0,,8,,0,
"east rise credit union","Not tracked","Not tracked",40.88,,0,,8,,0,
eastrise,"Not tracked","Not tracked",51,,0,,8,,0,
etpcu,"Not tracked","Not tracked",50.13,,0,,8,,0,
"expedition credit union","Not tracked","Not tracked",50.25,,0,,8,,0,
"fairfield county bank","Not tracked","Not tracked",53.75,,0,,8,,0,
"first florida","Not tracked","Not tracked",81.88,,0,,8,,0,
firstcitycreditunion,"Not tracked","Not tracked",70.13,,0,,8,,0,
firstcitycu,"Not tracked","Not tracked",70.38,,0,,8,,0,
"fitzsimons credit union","Not tracked","Not tracked",35.88,,0,,8,,0,
floridacentralcu,"Not tracked","Not tracked",40.13,,0,,8,,0,
"fort financial services","Not tracked","Not tracked",46.5,,0,,8,,0,
"frist city cu","Not tracked","Not tracked",68,,0,,8,,0,
"georgia united credit union","Not tracked","Not tracked",33.63,,0,,8,,0,
"hughes federal credit union scam","Not tracked","Not tracked",60.75,,0,,8,,0,
"iaa credit union","Not tracked","Not tracked",28.13,,0,,8,,0,
"jewelry loan tucson","Not tracked","Not tracked",72,,0,,8,,0,
"ks state bank wichita","Not tracked","Not tracked",66.63,,0,,8,,0,
"lending club","Not tracked","Not tracked",84.38,,0,,8,,0,
"manasquan savings bank","Not tracked","Not tracked",34.38,,0,,8,,0,
"moneymax title loans","Not tracked","Not tracked",64,,0,,8,,0,
"mulligan funding","Not tracked","Not tracked",62.88,,0,,8,,0,
"nbkc bank","Not tracked","Not tracked",60.75,,0,,8,,0,
"new york debt relief reviews","Not tracked","Not tracked",85.38,,0,,8,,0,
"oconee state bank","Not tracked","Not tracked",41.75,,0,,8,,0,
oneaz,"Not tracked","Not tracked",57.38,,0,,8,,0,
"orion fcu","Not tracked","Not tracked",48.63,,0,,8,,0,
"parkway bank","Not tracked","Not tracked",44.63,,0,,8,,0,
"priority trust credit union","Not tracked","Not tracked",44.88,,0,,8,,0,
"private business loan","Not tracked","Not tracked",97.5,,0,,8,,0,
"promise one bank","Not tracked","Not tracked",16,,0,,8,,0,
"red canoe loan rates","Not tracked","Not tracked",53.5,,0,,8,,0,
"rockland trust free checking account","Not tracked","Not tracked",66.25,,0,,8,,0,
"russell country fcu","Not tracked","Not tracked",36.38,,0,,8,,0,
"saratoga national bank","Not tracked","Not tracked",37.13,,0,,8,,0,
"savings bank of walpole","Not tracked","Not tracked",31,,0,,8,,0,
"security federal","Not tracked","Not tracked",88.63,,0,,8,,0,
sesloc,"Not tracked","Not tracked",25.25,,0,,8,,0,
"south central bank","Not tracked","Not tracked",48.38,,0,,8,,0,
"thomaston savings bank","Not tracked","Not tracked",40,,0,,8,,0,
"tomo loan","Not tracked","Not tracked",50.25,,0,,8,,0,
"trusted personal loan lenders","Not tracked","Not tracked",87.5,,0,,8,,0,
"tulsa teachers credit union","Not tracked","Not tracked",34.38,,0,,8,,0,
"us best credit solutions","Not tracked","Not tracked",55.88,,0,,8,,0,
"xcel federal credit union","Not tracked","Not tracked",41.63,,0,,8,,0,
"24 hour chase atm","Not tracked","Not tracked",32.29,,0,,7,,0,
"a1 gold rush reviews","Not tracked","Not tracked",8.14,,0,,7,,0,
"abco credit","Not tracked","Not tracked",68.71,,0,,7,,0,
"ace check into cash","Not tracked","Not tracked",11.14,,0,,7,,0,
"ameris bank mortgage","Not tracked","Not tracked",28.57,,0,,7,,0,
"approved mortgage","Not tracked","Not tracked",94.71,,0,,7,,0,
arrowbank,"Not tracked","Not tracked",34.57,,0,,7,,0,
"artisan bank","Not tracked","Not tracked",46.86,,0,,7,,0,
"asap credit repair reviews","Not tracked","Not tracked",42,,0,,7,,0,
"b1 bank","Not tracked","Not tracked",46.71,,0,,7,,0,
"better lender","Not tracked","Not tracked",80.57,,0,,7,,0,
"biltmore loan and jewelry - scottsdale","Not tracked","Not tracked",65.14,,0,,7,,0,
"blue gate capital","Not tracked","Not tracked",75.14,,0,,7,,0,
"border federal credit union review","Not tracked","Not tracked",42.86,,0,,7,,0,
"central bank of florida","Not tracked","Not tracked",62.29,,0,,7,,0,
"checking cash","Not tracked","Not tracked",74.29,,0,,7,,0,
"clark and washington locations","Not tracked","Not tracked",77.71,,0,,7,,0,
"classroom teachers credit union","Not tracked","Not tracked",70.86,,0,,7,,0,
"coffee county bank","Not tracked","Not tracked",38.14,,0,,7,,0,
"collins credit","Not tracked","Not tracked",55.71,,0,,7,,0,
"colorado credit union","Not tracked","Not tracked",80.43,,0,,7,,0,
"community wide","Not tracked","Not tracked",45.71,,0,,7,,0,
"corning federal credit union","Not tracked","Not tracked",65.57,,0,,7,,0,
"credit done right","Not tracked","Not tracked",77.86,,0,,7,,0,
"credit union of texas","Not tracked","Not tracked",62.71,,0,,7,,0,
cvfcu,"Not tracked","Not tracked",36.86,,0,,7,,0,
"debt consolidation hollywood","Not tracked","Not tracked",92.43,,0,,7,,0,
"denver credit union auto loan rates","Not tracked","Not tracked",89.57,,0,,7,,0,
"direct federal","Not tracked","Not tracked",55.71,,0,,7,,0,
"discreet collateral loan","Not tracked","Not tracked",70.29,,0,,7,,0,
"dupont community","Not tracked","Not tracked",50.71,,0,,7,,0,
"dupont credit union","Not tracked","Not tracked",53.14,,0,,7,,0,
"eagle federal credit union","Not tracked","Not tracked",78.29,,0,,7,,0,
"eastrise credit union","Not tracked","Not tracked",41.57,,0,,7,,0,
"education first credit union","Not tracked","Not tracked",78.86,,0,,7,,0,
"evolve bank","Not tracked","Not tracked",68.86,,0,,7,,0,
"farm bureau loans","Not tracked","Not tracked",48.86,,0,,7,,0,
"fast auto loans tucson","Not tracked","Not tracked",71.86,,0,,7,,0,
"finance of america mortgage san diego","Not tracked","Not tracked",68.14,,0,,7,,0,
"firefighters community credit union","Not tracked","Not tracked",56.86,,0,,7,,0,
"first bank of berne about us","Not tracked","Not tracked",76.43,,0,,7,,0,
"first bank of berne bank","Not tracked","Not tracked",42.57,,0,,7,,0,
"first century bank","Not tracked","Not tracked",79.86,,0,,7,,0,
"first family credit union","Not tracked","Not tracked",74,,0,,7,,0,
"first federal of lorain","Not tracked","Not tracked",47.43,,0,,7,,0,
"first financial credit union","Not tracked","Not tracked",91.71,,0,,7,,0,
"first lockhart national bank","Not tracked","Not tracked",57.29,,0,,7,,0,
"first ohio","Not tracked","Not tracked",47.71,,0,,7,,0,
"fort sill credit union","Not tracked","Not tracked",38.71,,0,,7,,0,
"freedom of maryland federal credit union credit union","Not tracked","Not tracked",80.43,,0,,7,,0,
"gf national bank","Not tracked","Not tracked",33,,0,,7,,0,
"glen falls national bank","Not tracked","Not tracked",40.57,,0,,7,,0,
"glens falls bank","Not tracked","Not tracked",35.86,,0,,7,,0,
"glenwood state bank","Not tracked","Not tracked",63.71,,0,,7,,0,
"global credit union life insurance","Not tracked","Not tracked",83.57,,0,,7,,0,
"greenville heritage federal credit union","Not tracked","Not tracked",44.71,,0,,7,,0,
"heights financial","Not tracked","Not tracked",38,,0,,7,,0,
"i fund cities","Not tracked","Not tracked",44.14,,0,,7,,0,
"irs debt relief","Not tracked","Not tracked",94.57,,0,,7,,0,
"jackson county bank bank on the go","Not tracked","Not tracked",42.43,,0,,7,,0,
"kitsap credit union","Not tracked","Not tracked",37.71,,0,,7,,0,
"las vegas watch loan","Not tracked","Not tracked",86.57,,0,,7,,0,
lendistry,"Not tracked","Not tracked",58.71,,0,,7,,0,
"loancare llc","Not tracked","Not tracked",42.29,,0,,7,,0,
"loans for startups","Not tracked","Not tracked",89.86,,0,,7,,0,
"midfirst banking","Not tracked","Not tracked",41.71,,0,,7,,0,
"midwest america","Not tracked","Not tracked",94.29,,0,,7,,0,
"moneygram legal form of id required","Not tracked","Not tracked",9.71,,0,,7,,0,
"national foundation for credit counseling","Not tracked","Not tracked",49.57,,0,,7,,0,
"nations lending services","Not tracked","Not tracked",64.29,,0,,7,,0,
"neighbors credit union","Not tracked","Not tracked",77.86,,0,,7,,0,
"nevada credit union","Not tracked","Not tracked",56.57,,0,,7,,0,
"nevada title loan","Not tracked","Not tracked",51.43,,0,,7,,0,
"new business startup loans","Not tracked","Not tracked",99,,0,,7,,0,
"nusenda personal loan","Not tracked","Not tracked",48.57,,0,,7,,0,
nusendacu,"Not tracked","Not tracked",34.14,,0,,7,,0,
"old second bank","Not tracked","Not tracked",36.14,,0,,7,,0,
"pathfinder bank online banking","Not tracked","Not tracked",27.14,,0,,7,,0,
"patterson state bank","Not tracked","Not tracked",43.29,,0,,7,,0,
"pawn shop atlanta","Not tracked","Not tracked",70.14,,0,,7,,0,
"phoenix pawn shops","Not tracked","Not tracked",68.43,,0,,7,,0,
"plains capital","Not tracked","Not tracked",37,,0,,7,,0,
"premier members credit union login","Not tracked","Not tracked",59.43,,0,,7,,0,
"promiseone bank","Not tracked","Not tracked",19,,0,,7,,0,
"republic finance loans","Not tracked","Not tracked",29,,0,,7,,0,
"rockland trust free checking","Not tracked","Not tracked",66.71,,0,,7,,0,
"rok financial","Not tracked","Not tracked",62.71,,0,,7,,0,
"roswell community federal credit union","Not tracked","Not tracked",57.71,,0,,7,,0,
"sage insurance","Not tracked","Not tracked",54.86,,0,,7,,0,
"southeastern credit union","Not tracked","Not tracked",56.14,,0,,7,,0,
"spirit of alaska","Not tracked","Not tracked",38.57,,0,,7,,0,
"tennessee valley credit union","Not tracked","Not tracked",55,,0,,7,,0,
"tinker federal credit union","Not tracked","Not tracked",38.57,,0,,7,,0,
"tomo finance","Not tracked","Not tracked",84.57,,0,,7,,0,
truliant,"Not tracked","Not tracked",54,,0,,7,,0,
"valley first banking","Not tracked","Not tracked",51,,0,,7,,0,
"valley first financial","Not tracked","Not tracked",48.14,,0,,7,,0,
"valley first register now","Not tracked","Not tracked",62.14,,0,,7,,0,
"valley first rewards points","Not tracked","Not tracked",73.43,,0,,7,,0,
"velocity checking","Not tracked","Not tracked",49.57,,0,,7,,0,
"velocity credit union","Not tracked","Not tracked",66.57,,0,,7,,0,
"ventura county credit union","Not tracked","Not tracked",42.86,,0,,7,,0,
"virginia national bank","Not tracked","Not tracked",36.86,,0,,7,,0,
wasatchpeaks,"Not tracked","Not tracked",82.14,,0,,7,,0,
"washington savings","Not tracked","Not tracked",65.14,,0,,7,,0,
"western union express","Not tracked","Not tracked",45.57,,0,,7,,0,
"western union in","Not tracked","Not tracked",46.29,,0,,7,,0,
"youngstown ohio credit union","Not tracked","Not tracked",91.14,,0,,7,,0,
"(719) 445-7979 freedom home loans","Not tracked","Not tracked",11,,0,,6,,0,
"(844) 544-3863 stonewood funding","Not tracked","Not tracked",37.17,,0,,6,,0,
"amboy bank old bridge nj","Not tracked","Not tracked",56.67,,0,,6,,0,
"arapahoe credit","Not tracked","Not tracked",35.5,,0,,6,,0,
"arizona gold loan","Not tracked","Not tracked",97.5,,0,,6,,0,
"asap direct deposit","Not tracked","Not tracked",92.5,,0,,6,,0,
"ascent bank","Not tracked","Not tracked",66.83,,0,,6,,0,
"atm bank","Not tracked","Not tracked",86,,0,,6,,0,
"bank of guam","Not tracked","Not tracked",37,,0,,6,,0,
"banner credit union","Not tracked","Not tracked",51.33,,0,,6,,0,
"beal bank","Not tracked","Not tracked",62,,0,,6,,0,
"better debt solutions reviews","Not tracked","Not tracked",53.67,,0,,6,,0,
"better loans","Not tracked","Not tracked",89.17,,0,,6,,0,
"biltmore loan","Not tracked","Not tracked",50.17,,0,,6,,0,
"brazos national bank","Not tracked","Not tracked",70.17,,0,,6,,0,
"can i disconnect experian boost","Not tracked","Not tracked",55.5,,0,,6,,0,
"carver federal savings bank","Not tracked","Not tracked",78.83,,0,,6,,0,
"cash cow","Not tracked","Not tracked",92.33,,0,,6,,0,
"cash cow loans","Not tracked","Not tracked",15.67,,0,,6,,0,
"cash cow new orleans","Not tracked","Not tracked",46.67,,0,,6,,0,
"cash smart","Not tracked","Not tracked",70.17,,0,,6,,0,
cedp,"Not tracked","Not tracked",71.17,,0,,6,,0,
"central virginia federal credit union","Not tracked","Not tracked",37.33,,0,,6,,0,
"cheque express cerca de mi","Not tracked","Not tracked",35.33,,0,,6,,0,
"christian debt counseling","Not tracked","Not tracked",93.5,,0,,6,,0,
"citizens bank of wv","Not tracked","Not tracked",53.67,,0,,6,,0,
"classic bank","Not tracked","Not tracked",47.67,,0,,6,,0,
"cme credit union","Not tracked","Not tracked",56.83,,0,,6,,0,
"communities of abilene","Not tracked","Not tracked",42.17,,0,,6,,0,
"community financial services","Not tracked","Not tracked",92,,0,,6,,0,
"community mortgage san diego","Not tracked","Not tracked",67.33,,0,,6,,0,
"community national bank","Not tracked","Not tracked",80.5,,0,,6,,0,
"community wide fcu","Not tracked","Not tracked",44.33,,0,,6,,0,
"communitywide credit union","Not tracked","Not tracked",46,,0,,6,,0,
"consumer financing chicago","Not tracked","Not tracked",94,,0,,6,,0,
"credit union of texas credit card","Not tracked","Not tracked",67.17,,0,,6,,0,
"des moines metro credit union","Not tracked","Not tracked",30.5,,0,,6,,0,
"desjardins bank","Not tracked","Not tracked",72,,0,,6,,0,
"doctor bank","Not tracked","Not tracked",53.83,,0,,6,,0,
"does a joint bank account affect credit score","Not tracked","Not tracked",71.67,,0,,6,,0,
"does having a joint account affect credit score","Not tracked","Not tracked",73.83,,0,,6,,0,
"dream first bank","Not tracked","Not tracked",41.33,,0,,6,,0,
"drivetime stone mountain ga","Not tracked","Not tracked",47.33,,0,,6,,0,
"durant first united bank","Not tracked","Not tracked",76.17,,0,,6,,0,
"east texas professional credit union","Not tracked","Not tracked",56.5,,0,,6,,0,
"element finance","Not tracked","Not tracked",57.5,,0,,6,,0,
"elements financial","Not tracked","Not tracked",44.5,,0,,6,,0,
"ent federal credit union","Not tracked","Not tracked",63.83,,0,,6,,0,
"erie insurance","Not tracked","Not tracked",47.17,,0,,6,,0,
"fam bureau bank","Not tracked","Not tracked",42.67,,0,,6,,0,
"finance mortgage of america","Not tracked","Not tracked",61.33,,0,,6,,0,
"first bank & trust","Not tracked","Not tracked",85.67,,0,,6,,0,
"first bank of berne ebanking","Not tracked","Not tracked",63.83,,0,,6,,0,
"first century bank knoxville","Not tracked","Not tracked",60.83,,0,,6,,0,
"first citizen bank","Not tracked","Not tracked",67.17,,0,,6,,0,
"first city credit union offers","Not tracked","Not tracked",61.17,,0,,6,,0,
"first federal savings of lorain","Not tracked","Not tracked",65.5,,0,,6,,0,
"flexibility capital nyc","Not tracked","Not tracked",51,,0,,6,,0,
"florida central credit union","Not tracked","Not tracked",45,,0,,6,,0,
"formation bank","Not tracked","Not tracked",38.17,,0,,6,,0,
"forrit credit union","Not tracked","Not tracked",50.5,,0,,6,,0,
"freedom credit","Not tracked","Not tracked",79.67,,0,,6,,0,
fremontbank,"Not tracked","Not tracked",39.33,,0,,6,,0,
"glens falls national bank","Not tracked","Not tracked",40.33,,0,,6,,0,
"global checking account","Not tracked","Not tracked",65.67,,0,,6,,0,
"gte credit union","Not tracked","Not tracked",43.83,,0,,6,,0,
healthnet,"Not tracked","Not tracked",84.5,,0,,6,,0,
"healthnet of california","Not tracked","Not tracked",76,,0,,6,,0,
"huron community bank","Not tracked","Not tracked",51.83,,0,,6,,0,
idaho.central,"Not tracked","Not tracked",62,,0,,6,,0,
"ih credit union","Not tracked","Not tracked",34.33,,0,,6,,0,
"infuze credit union","Not tracked","Not tracked",44.17,,0,,6,,0,
"jackson county bank financial service","Not tracked","Not tracked",39.17,,0,,6,,0,
"jcb jackson county bank","Not tracked","Not tracked",35.67,,0,,6,,0,
"jcbank bancorpofsouthernindiana","Not tracked","Not tracked",81.17,,0,,6,,0,
"kaplan law firm chicago","Not tracked","Not tracked",87,,0,,6,,0,
"kemba bank","Not tracked","Not tracked",83.33,,0,,6,,0,
"lending group","Not tracked","Not tracked",88.5,,0,,6,,0,
"manasquan bank cd rates","Not tracked","Not tracked",75.17,,0,,6,,0,
manasquanbank,"Not tracked","Not tracked",33.67,,0,,6,,0,
"mid first bank","Not tracked","Not tracked",64.17,,0,,6,,0,
"mid hudson credit union","Not tracked","Not tracked",61.5,,0,,6,,0,
"mid hudson valley credit union","Not tracked","Not tracked",63,,0,,6,,0,
midfirst,"Not tracked","Not tracked",60.5,,0,,6,,0,
"money services","Not tracked","Not tracked",82,,0,,6,,0,
"msi credit","Not tracked","Not tracked",50.33,,0,,6,,0,
"msi credit solutions","Not tracked","Not tracked",55.33,,0,,6,,0,
"neches credit union","Not tracked","Not tracked",34,,0,,6,,0,
nfcc,"Not tracked","Not tracked",64,,0,,6,,0,
"north easton savings bank","Not tracked","Not tracked",47.17,,0,,6,,0,
"norway savings bank routing number","Not tracked","Not tracked",37.67,,0,,6,,0,
"ny debt relief reviews","Not tracked","Not tracked",67.5,,0,,6,,0,
"one trust home loans reviews","Not tracked","Not tracked",82.17,,0,,6,,0,
"onemain financial austin","Not tracked","Not tracked",29.67,,0,,6,,0,
"onetrust home loans san diego","Not tracked","Not tracked",50.83,,0,,6,,0,
"patriot bank","Not tracked","Not tracked",67.17,,0,,6,,0,
"people driven credit union","Not tracked","Not tracked",28.33,,0,,6,,0,
"peoples national bank","Not tracked","Not tracked",75.5,,0,,6,,0,
"phoenixville checking accounts","Not tracked","Not tracked",58,,0,,6,,0,
"plains capital bank","Not tracked","Not tracked",31.83,,0,,6,,0,
"randall state bank","Not tracked","Not tracked",67.5,,0,,6,,0,
"rent debt settlement","Not tracked","Not tracked",92.67,,0,,6,,0,
"republic finance company","Not tracked","Not tracked",35,,0,,6,,0,
"republic finance loans personal","Not tracked","Not tracked",24,,0,,6,,0,
"republic finance personal loans","Not tracked","Not tracked",27.33,,0,,6,,0,
"salmon bay lending","Not tracked","Not tracked",30.5,,0,,6,,0,
"san antonio federal credit union in san antonio","Not tracked","Not tracked",79,,0,,6,,0,
"seattle metropolitan credit union","Not tracked","Not tracked",49.5,,0,,6,,0,
"security bank","Not tracked","Not tracked",92,,0,,6,,0,
sharefax,"Not tracked","Not tracked",27.67,,0,,6,,0,
"silver pawn loan mesa","Not tracked","Not tracked",67,,0,,6,,0,
"speedy cash los angeles","Not tracked","Not tracked",58.83,,0,,6,,0,
"sun federal","Not tracked","Not tracked",58.17,,0,,6,,0,
"take charge america","Not tracked","Not tracked",49.5,,0,,6,,0,
"tapco member","Not tracked","Not tracked",33.17,,0,,6,,0,
"taunton federal credit union marion ma","Not tracked","Not tracked",6.17,,0,,6,,0,
"telcoe federal credit union","Not tracked","Not tracked",37.33,,0,,6,,0,
"the washington savings bank","Not tracked","Not tracked",41.67,,0,,6,,0,
tinkerfcu,"Not tracked","Not tracked",37.5,,0,,6,,0,
trubank,"Not tracked","Not tracked",45.33,,0,,6,,0,
"united minnesota bank","Not tracked","Not tracked",63.83,,0,,6,,0,
"use credit","Not tracked","Not tracked",69.67,,0,,6,,0,
"use credit union houston","Not tracked","Not tracked",44.17,,0,,6,,0,
"valley first bank","Not tracked","Not tracked",57,,0,,6,,0,
"valley first referral","Not tracked","Not tracked",58.5,,0,,6,,0,
"valley first savings","Not tracked","Not tracked",65.83,,0,,6,,0,
"verity credit union","Not tracked","Not tracked",53.5,,0,,6,,0,
"verity cu","Not tracked","Not tracked",57.67,,0,,6,,0,
veritycu,"Not tracked","Not tracked",61,,0,,6,,0,
"vista funding","Not tracked","Not tracked",77,,0,,6,,0,
"vnb bank","Not tracked","Not tracked",39.5,,0,,6,,0,
"wesbanco bank","Not tracked","Not tracked",50.17,,0,,6,,0,
"western sun","Not tracked","Not tracked",49,,0,,6,,0,
"western union","Not tracked","Not tracked",58.5,,0,,6,,0,
"working solutions cdfi reviews","Not tracked","Not tracked",12.17,,0,,6,,0,
"credit restoration of texas 4203 gardendale rd c101","Not tracked","Not tracked",13.4,,0,,5,,0,
"creditup club 5152 fredericksburg rd suite 200e","Not tracked","Not tracked",9.6,,0,,5,,0,
"el bori cr inc 78217","Not tracked","Not tracked",30.2,,0,,5,,0,
"abco credit union","Not tracked","Not tracked",64.8,,0,,5,,0,
"ace cash express financial service alliance","Not tracked","Not tracked",76.4,,0,,5,,0,
"advancepoint capital","Not tracked","Not tracked",35.8,,0,,5,,0,
"aerospace fcu","Not tracked","Not tracked",36.8,,0,,5,,0,
"alden credit union","Not tracked","Not tracked",58.6,,0,,5,,0,
"alive credit","Not tracked","Not tracked",37.2,,0,,5,,0,
"alliant credit union","Not tracked","Not tracked",51.2,,0,,5,,0,
"ally bank","Not tracked","Not tracked",20.2,,0,,5,,0,
"american financial auto loans","Not tracked","Not tracked",99.6,,0,,5,,0,
"arrow bank glens falls","Not tracked","Not tracked",36,,0,,5,,0,
"arrow bank glens falls ny","Not tracked","Not tracked",31.8,,0,,5,,0,
"arrow bank national association","Not tracked","Not tracked",31,,0,,5,,0,
"arrow lending","Not tracked","Not tracked",88,,0,,5,,0,
"asap credit repair prices","Not tracked","Not tracked",34.4,,0,,5,,0,
"associated credit union augusta ga","Not tracked","Not tracked",28.4,,0,,5,,0,
"atlas credit company inc","Not tracked","Not tracked",48.2,,0,,5,,0,
"austin pawn shops","Not tracked","Not tracked",43.6,,0,,5,,0,
"auto finance of sacramento","Not tracked","Not tracked",71.2,,0,,5,,0,
bafcu,"Not tracked","Not tracked",32.6,,0,,5,,0,
"bank and atm","Not tracked","Not tracked",82,,0,,5,,0,
"bank atm","Not tracked","Not tracked",75.8,,0,,5,,0,
"bank of franklin meadville ms","Not tracked","Not tracked",46.2,,0,,5,,0,
"banking austin","Not tracked","Not tracked",74.8,,0,,5,,0,
"banner federal credit union","Not tracked","Not tracked",48.4,,0,,5,,0,
"bay atlantic","Not tracked","Not tracked",58.4,,0,,5,,0,
"business first bank","Not tracked","Not tracked",65.2,,0,,5,,0,
"carver bank","Not tracked","Not tracked",93.2,,0,,5,,0,
"cfs loan","Not tracked","Not tracked",93.8,,0,,5,,0,
"champions first credit union","Not tracked","Not tracked",34.6,,0,,5,,0,
"champions funding","Not tracked","Not tracked",79.2,,0,,5,,0,
"checking accounts kennett","Not tracked","Not tracked",66.6,,0,,5,,0,
"cic credit monitoring","Not tracked","Not tracked",73.4,,0,,5,,0,
"clear path lending reviews","Not tracked","Not tracked",56.2,,0,,5,,0,
"cmc federal credit union","Not tracked","Not tracked",79.6,,0,,5,,0,
"community choice credit","Not tracked","Not tracked",64.6,,0,,5,,0,
"community wide federal credit union","Not tracked","Not tracked",37.6,,0,,5,,0,
"communityamerica credit union debt consolidation","Not tracked","Not tracked",54.4,,0,,5,,0,
"credit building credit","Not tracked","Not tracked",75.6,,0,,5,,0,
"credit bureau columbus ohio","Not tracked","Not tracked",75,,0,,5,,0,
"credit consulting services","Not tracked","Not tracked",91,,0,,5,,0,
"credit counseling company","Not tracked","Not tracked",97.4,,0,,5,,0,
"credit union austin","Not tracked","Not tracked",78.4,,0,,5,,0,
"credit union austin tx","Not tracked","Not tracked",80.4,,0,,5,,0,
"credit union of tx","Not tracked","Not tracked",61.4,,0,,5,,0,
"credit union toledo oh","Not tracked","Not tracked",76.8,,0,,5,,0,
"crews bank and trust","Not tracked","Not tracked",27.8,,0,,5,,0,
"cy fair fcu","Not tracked","Not tracked",41.4,,0,,5,,0,
"debtwave reviews","Not tracked","Not tracked",66.4,,0,,5,,0,
"denver credit union auto loan","Not tracked","Not tracked",44.8,,0,,5,,0,
desjardinsbank,"Not tracked","Not tracked",70,,0,,5,,0,
"direct mortgage loan company","Not tracked","Not tracked",87.8,,0,,5,,0,
"diversified members credit union","Not tracked","Not tracked",49.4,,0,,5,,0,
"dolex dollar express inc","Not tracked","Not tracked",39.6,,0,,5,,0,
"dollar loan center reviews","Not tracked","Not tracked",60,,0,,5,,0,
"dupont community credit","Not tracked","Not tracked",38,,0,,5,,0,
"education first federal credit union","Not tracked","Not tracked",44.2,,0,,5,,0,
"embold credit union","Not tracked","Not tracked",31.2,,0,,5,,0,
"ever bank","Not tracked","Not tracked",71.2,,0,,5,,0,
"evergreendirect credit union","Not tracked","Not tracked",42.8,,0,,5,,0,
"farm bureau mortgage","Not tracked","Not tracked",56.8,,0,,5,,0,
"fd community","Not tracked","Not tracked",38.2,,0,,5,,0,
ffcommunity,"Not tracked","Not tracked",64,,0,,5,,0,
"first bank and trust company","Not tracked","Not tracked",76.2,,0,,5,,0,
"first bank of berne banking","Not tracked","Not tracked",60.4,,0,,5,,0,
"first bank of berne secured loans","Not tracked","Not tracked",58.4,,0,,5,,0,
"first century bank tazewell tn","Not tracked","Not tracked",58.6,,0,,5,,0,
"first city credit union","Not tracked","Not tracked",65.6,,0,,5,,0,
"first city credit union ira","Not tracked","Not tracked",84.2,,0,,5,,0,
"first city federal credit union","Not tracked","Not tracked",72.4,,0,,5,,0,
"first family federal credit union","Not tracked","Not tracked",63.4,,0,,5,,0,
"first security bank and trust","Not tracked","Not tracked",89,,0,,5,,0,
"first southern state bank","Not tracked","Not tracked",66.6,,0,,5,,0,
"first state bank hill city ks","Not tracked","Not tracked",62.4,,0,,5,,0,
"first trust credit union","Not tracked","Not tracked",69.2,,0,,5,,0,
"first united home loans","Not tracked","Not tracked",74.6,,0,,5,,0,
firstrust,"Not tracked","Not tracked",55.6,,0,,5,,0,
"flexible capital","Not tracked","Not tracked",88.6,,0,,5,,0,
"fort community credit union","Not tracked","Not tracked",31.6,,0,,5,,0,
"fort credit union","Not tracked","Not tracked",63.2,,0,,5,,0,
"fort financial credit union","Not tracked","Not tracked",40.4,,0,,5,,0,
"forward bank online","Not tracked","Not tracked",36.4,,0,,5,,0,
"freedom of maryland federal credit union financial service","Not tracked","Not tracked",43.8,,0,,5,,0,
"georgia united cu","Not tracked","Not tracked",32,,0,,5,,0,
"glen falls bank","Not tracked","Not tracked",37,,0,,5,,0,
"global credit bank","Not tracked","Not tracked",64,,0,,5,,0,
"global credit union business checking","Not tracked","Not tracked",72.6,,0,,5,,0,
"global credit union personal loan","Not tracked","Not tracked",77.6,,0,,5,,0,
"global credit union secured loan","Not tracked","Not tracked",64.2,,0,,5,,0,
"gte federal","Not tracked","Not tracked",44.4,,0,,5,,0,
"gulf winds federal credit","Not tracked","Not tracked",24.4,,0,,5,,0,
"gulf winds money market account","Not tracked","Not tracked",27.4,,0,,5,,0,
"health net of california","Not tracked","Not tracked",70.2,,0,,5,,0,
"height finance","Not tracked","Not tracked",36.2,,0,,5,,0,
"herring bank amarillo","Not tracked","Not tracked",52,,0,,5,,0,
"hfs fcu","Not tracked","Not tracked",37.8,,0,,5,,0,
"hills bank and trust compromised","Not tracked","Not tracked",76.8,,0,,5,,0,
"hillsbank fraud","Not tracked","Not tracked",61.2,,0,,5,,0,
"howard jewelry and loan","Not tracked","Not tracked",72.6,,0,,5,,0,
"ifund cities","Not tracked","Not tracked",59,,0,,5,,0,
"invest texas credit union","Not tracked","Not tracked",24,,0,,5,,0,
"jackson county bank finance","Not tracked","Not tracked",31.8,,0,,5,,0,
"jet funding","Not tracked","Not tracked",91.4,,0,,5,,0,
"jetstream credit union","Not tracked","Not tracked",47.4,,0,,5,,0,
"just pawn","Not tracked","Not tracked",80,,0,,5,,0,
"kemba credit union bank","Not tracked","Not tracked",85.4,,0,,5,,0,
"kemba financial credit union","Not tracked","Not tracked",76.8,,0,,5,,0,
"larry the lender","Not tracked","Not tracked",63.6,,0,,5,,0,
"lending capital group","Not tracked","Not tracked",89.6,,0,,5,,0,
"lendnation kansas city ks","Not tracked","Not tracked",52,,0,,5,,0,
"lendnation kansas city mo","Not tracked","Not tracked",61,,0,,5,,0,
"link bank","Not tracked","Not tracked",63,,0,,5,,0,
liveoak,"Not tracked","Not tracked",93,,0,,5,,0,
liveoakbank,"Not tracked","Not tracked",81,,0,,5,,0,
"llama loan reviews","Not tracked","Not tracked",27.2,,0,,5,,0,
"manasquan bank","Not tracked","Not tracked",29.4,,0,,5,,0,
"manasquan savings bank cd rates","Not tracked","Not tracked",72.2,,0,,5,,0,
"marcos credit services","Not tracked","Not tracked",12.4,,0,,5,,0,
"mariner finance garner nc","Not tracked","Not tracked",10.2,,0,,5,,0,
"members choice credit union","Not tracked","Not tracked",67.6,,0,,5,,0,
"mercury financial","Not tracked","Not tracked",67.6,,0,,5,,0,
"meritrust credit","Not tracked","Not tracked",49.8,,0,,5,,0,
"meriwest credit union","Not tracked","Not tracked",49.4,,0,,5,,0,
"meriwest personal loan","Not tracked","Not tracked",77.8,,0,,5,,0,
"mid hudson valley federal credit union","Not tracked","Not tracked",54.4,,0,,5,,0,
"milford national bank","Not tracked","Not tracked",57,,0,,5,,0,
"modern loan okc","Not tracked","Not tracked",12.2,,0,,5,,0,
"moody bank galveston","Not tracked","Not tracked",58.4,,0,,5,,0,
"naca miami","Not tracked","Not tracked",18.2,,0,,5,,0,
"nations lending","Not tracked","Not tracked",59.4,,0,,5,,0,
naveo,"Not tracked","Not tracked",40.4,,0,,5,,0,
navicore,"Not tracked","Not tracked",47,,0,,5,,0,
"nevada coin and jewelry","Not tracked","Not tracked",91.6,,0,,5,,0,
"nevada estate jewelry loan","Not tracked","Not tracked",81.2,,0,,5,,0,
"new tripoli bank","Not tracked","Not tracked",22,,0,,5,,0,
"norfolk credit union","Not tracked","Not tracked",66,,0,,5,,0,
"northwestern bank","Not tracked","Not tracked",78.6,,0,,5,,0,
"northwestern banking","Not tracked","Not tracked",74.4,,0,,5,,0,
"nusenda auto loan","Not tracked","Not tracked",52,,0,,5,,0,
"nusenda mortgage","Not tracked","Not tracked",59.8,,0,,5,,0,
nusendacreditunion,"Not tracked","Not tracked",36,,0,,5,,0,
"old second national bank","Not tracked","Not tracked",41,,0,,5,,0,
"order express inc","Not tracked","Not tracked",27.2,,0,,5,,0,
"ozark federal bank","Not tracked","Not tracked",59,,0,,5,,0,
"patriot bank millington tn","Not tracked","Not tracked",46.8,,0,,5,,0,
"pawn jewelry atlanta","Not tracked","Not tracked",67.6,,0,,5,,0,
"pawn shop abq","Not tracked","Not tracked",58,,0,,5,,0,
"pawn shops abq nm","Not tracked","Not tracked",55,,0,,5,,0,
"pawn shops albuquerque","Not tracked","Not tracked",55.2,,0,,5,,0,
"pawn shops albuquerque nm","Not tracked","Not tracked",55.6,,0,,5,,0,
"pawn your jewelry in atlanta","Not tracked","Not tracked",89.8,,0,,5,,0,
"peoples national bank online","Not tracked","Not tracked",52,,0,,5,,0,
"premier members credit union","Not tracked","Not tracked",51.2,,0,,5,,0,
"premier members credit union routing number","Not tracked","Not tracked",59.8,,0,,5,,0,
"presto title loans mesa az","Not tracked","Not tracked",82.6,,0,,5,,0,
"pursuit business","Not tracked","Not tracked",59.4,,0,,5,,0,
"quick cash aurora","Not tracked","Not tracked",79.6,,0,,5,,0,
redcanoecu,"Not tracked","Not tracked",62.6,,0,,5,,0,
"rent debt collections","Not tracked","Not tracked",76.4,,0,,5,,0,
"republic loan","Not tracked","Not tracked",38,,0,,5,,0,
"rockland trust loans","Not tracked","Not tracked",43.2,,0,,5,,0,
"rome kraft credit union","Not tracked","Not tracked",53.8,,0,,5,,0,
"russell country federal credit union","Not tracked","Not tracked",34.6,,0,,5,,0,
"savings bank manasquan","Not tracked","Not tracked",43,,0,,5,,0,
"sdccu retirement","Not tracked","Not tracked",60.6,,0,,5,,0,
"security federal bank","Not tracked","Not tracked",78.8,,0,,5,,0,
"security federal bank columbia sc","Not tracked","Not tracked",55.2,,0,,5,,0,
"security first florida","Not tracked","Not tracked",67.6,,0,,5,,0,
"service first","Not tracked","Not tracked",85,,0,,5,,0,
"service first fcu","Not tracked","Not tracked",73,,0,,5,,0,
"smart pawn los angeles ca","Not tracked","Not tracked",83.8,,0,,5,,0,
"southwest national bank","Not tracked","Not tracked",60.4,,0,,5,,0,
"sovita credit union","Not tracked","Not tracked",49.4,,0,,5,,0,
"speedy cash fort worth","Not tracked","Not tracked",77,,0,,5,,0,
"spero online banking","Not tracked","Not tracked",31.6,,0,,5,,0,
"stoughton cooperative bank","Not tracked","Not tracked",47,,0,,5,,0,
"sun financial loans","Not tracked","Not tracked",55.8,,0,,5,,0,
"sun loan albuquerque","Not tracked","Not tracked",67.8,,0,,5,,0,
"sun loans company","Not tracked","Not tracked",43.8,,0,,5,,0,
"superior credit union","Not tracked","Not tracked",71.6,,0,,5,,0,
"superior credit.union","Not tracked","Not tracked",70.4,,0,,5,,0,
"superior federal credit union","Not tracked","Not tracked",65.4,,0,,5,,0,
"tendto credit union","Not tracked","Not tracked",40.6,,0,,5,,0,
"tennessee valley bank","Not tracked","Not tracked",43.2,,0,,5,,0,
"texan credit corporation","Not tracked","Not tracked",30.4,,0,,5,,0,
"texas commercial bank","Not tracked","Not tracked",81.6,,0,,5,,0,
"third federal savings and loan","Not tracked","Not tracked",61.8,,0,,5,,0,
"thomaston savings","Not tracked","Not tracked",41.2,,0,,5,,0,
"time finance co","Not tracked","Not tracked",80.4,,0,,5,,0,
"tinker federal credit union apr","Not tracked","Not tracked",60.4,,0,,5,,0,
"tn bank business checking accounts","Not tracked","Not tracked",71,,0,,5,,0,
"tomo loans","Not tracked","Not tracked",57.2,,0,,5,,0,
"total choice","Not tracked","Not tracked",59,,0,,5,,0,
"transact bank","Not tracked","Not tracked",78.2,,0,,5,,0,
"trax credit union","Not tracked","Not tracked",57,,0,,5,,0,
"tru bank","Not tracked","Not tracked",65.8,,0,,5,,0,
"tucson federal credit union cd rates","Not tracked","Not tracked",33.6,,0,,5,,0,
"tulsa credit union","Not tracked","Not tracked",42.8,,0,,5,,0,
"university motorsports","Not tracked","Not tracked",61,,0,,5,,0,
"us metro bank","Not tracked","Not tracked",76.4,,0,,5,,0,
"utv loans utah","Not tracked","Not tracked",91.4,,0,,5,,0,
"valley first enderby","Not tracked","Not tracked",51.2,,0,,5,,0,
"valley first federal","Not tracked","Not tracked",74.2,,0,,5,,0,
"valley first fees","Not tracked","Not tracked",53.8,,0,,5,,0,
"valley first offers","Not tracked","Not tracked",56.6,,0,,5,,0,
"valley first personal banking","Not tracked","Not tracked",41.6,,0,,5,,0,
"valley first transaction","Not tracked","Not tracked",66.6,,0,,5,,0,
"valley national bank nj","Not tracked","Not tracked",31.6,,0,,5,,0,
"waste union money transfer","Not tracked","Not tracked",39.6,,0,,5,,0,
"wesco bank","Not tracked","Not tracked",74.8,,0,,5,,0,
"wescom financial","Not tracked","Not tracked",57.4,,0,,5,,0,
"workers credit union","Not tracked","Not tracked",73.2,,0,,5,,0,
"www.colony bank","Not tracked","Not tracked",16,,0,,5,,0,
wyhy,"Not tracked","Not tracked",45.6,,0,,5,,0,
"wyhy credit union","Not tracked","Not tracked",43.8,,0,,5,,0,
"amarillo national -amarillo national center -amarillo national weather -site:reddit.com -site:twitter.com -site:x.com -site:wykop.pl -site:tripadvisor.com -site:youtube.com -site:yelp.com -site:booking.com -site:facebook.com -site:instagram.com -site:tiktok.com","Not tracked","Not tracked",6.75,,0,,4,,0,
"credit counseling & affordable debt consolidation - austin texas austin","Not tracked","Not tracked",10.75,,0,,4,,0,
"first national bullion del mar +1 858-505-8846","Not tracked","Not tracked",9.5,,0,,4,,0,
02bank,"Not tracked","Not tracked",57.75,,0,,4,,0,
"1st city credit union","Not tracked","Not tracked",67,,0,,4,,0,
"1st midamerica bank","Not tracked","Not tracked",32.25,,0,,4,,0,
"1st security bank charles city","Not tracked","Not tracked",70.25,,0,,4,,0,
"1st south financial","Not tracked","Not tracked",52.75,,0,,4,,0,
"a plus credit services","Not tracked","Not tracked",71.25,,0,,4,,0,
"aarow bank","Not tracked","Not tracked",35.5,,0,,4,,0,
"abco federal credit union","Not tracked","Not tracked",59.75,,0,,4,,0,
"abnb personal loans","Not tracked","Not tracked",78.25,,0,,4,,0,
"accc debt management","Not tracked","Not tracked",58.5,,0,,4,,0,
"ace check cashing loan","Not tracked","Not tracked",26.5,,0,,4,,0,
"advancial fcu","Not tracked","Not tracked",42,,0,,4,,0,
"albuquerque pawn shops","Not tracked","Not tracked",60,,0,,4,,0,
"all america bank","Not tracked","Not tracked",49.25,,0,,4,,0,
"allied cash tucson","Not tracked","Not tracked",54.25,,0,,4,,0,
"aloha pacific","Not tracked","Not tracked",45,,0,,4,,0,
"america 1 unsecured","Not tracked","Not tracked",33.75,,0,,4,,0,
"american consumer credit counseling","Not tracked","Not tracked",48.5,,0,,4,,0,
"american credit resolution","Not tracked","Not tracked",83,,0,,4,,0,
"american eagle federal credit","Not tracked","Not tracked",45,,0,,4,,0,
"american one unsecured loans","Not tracked","Not tracked",36.75,,0,,4,,0,
"amplify credit union fee","Not tracked","Not tracked",69,,0,,4,,0,
"amplify rates","Not tracked","Not tracked",43.5,,0,,4,,0,
"approved credit counseling agencies","Not tracked","Not tracked",76,,0,,4,,0,
"argent credit union","Not tracked","Not tracked",30,,0,,4,,0,
"arrow national bank","Not tracked","Not tracked",29.25,,0,,4,,0,
"ashland credit union","Not tracked","Not tracked",48,,0,,4,,0,
"atlas credit co","Not tracked","Not tracked",53.75,,0,,4,,0,
"atlas credit laredo tx","Not tracked","Not tracked",55.5,,0,,4,,0,
"atlas credit san antonio","Not tracked","Not tracked",60,,0,,4,,0,
"austin banks","Not tracked","Not tracked",50.25,,0,,4,,0,
"auto financing staten island","Not tracked","Not tracked",91.75,,0,,4,,0,
"auto loan credit union harrisonburg","Not tracked","Not tracked",89.25,,0,,4,,0,
"auto money","Not tracked","Not tracked",55.75,,0,,4,,0,
"auto money inc","Not tracked","Not tracked",40.25,,0,,4,,0,
"auto money payment options","Not tracked","Not tracked",46,,0,,4,,0,
"auto money title loans reviews","Not tracked","Not tracked",38.75,,0,,4,,0,
avadian,"Not tracked","Not tracked",41.25,,0,,4,,0,
"avadian credit","Not tracked","Not tracked",39,,0,,4,,0,
"bank first financial","Not tracked","Not tracked",55.25,,0,,4,,0,
"bank nearest me","Not tracked","Not tracked",84,,0,,4,,0,
"bank of alden","Not tracked","Not tracked",45.5,,0,,4,,0,
"bank of commerce","Not tracked","Not tracked",96.75,,0,,4,,0,
"bankers healthcare group","Not tracked","Not tracked",92,,0,,4,,0,
"banking near me","Not tracked","Not tracked",57.75,,0,,4,,0,
bankorion,"Not tracked","Not tracked",83,,0,,4,,0,
"barclays bank in delaware","Not tracked","Not tracked",87.25,,0,,4,,0,
"barclays bank of delaware","Not tracked","Not tracked",64.5,,0,,4,,0,
"battelle credit union","Not tracked","Not tracked",57.25,,0,,4,,0,
"bayer heritage fcu","Not tracked","Not tracked",56,,0,,4,,0,
"best business loan rates","Not tracked","Not tracked",82.5,,0,,4,,0,
"bhg inc","Not tracked","Not tracked",91.75,,0,,4,,0,
"big shawn's buy & sell","Not tracked","Not tracked",9.25,,0,,4,,0,
"big spring federal credit union","Not tracked","Not tracked",81.25,,0,,4,,0,
"bluestone bank business","Not tracked","Not tracked",80.25,,0,,4,,0,
"bluestone bank first checking","Not tracked","Not tracked",67,,0,,4,,0,
"bmi credit union","Not tracked","Not tracked",53.5,,0,,4,,0,
"boston loans","Not tracked","Not tracked",76.75,,0,,4,,0,
"business loans for startups","Not tracked","Not tracked",91,,0,,4,,0,
"byrider san antonio","Not tracked","Not tracked",71.25,,0,,4,,0,
"capital fund 1 reviews","Not tracked","Not tracked",52.5,,0,,4,,0,
"car financing sacramento","Not tracked","Not tracked",96,,0,,4,,0,
"car title loans greenville sc","Not tracked","Not tracked",85.25,,0,,4,,0,
"car title loans norfolk va","Not tracked","Not tracked",75.25,,0,,4,,0,
"cardinal finacial company","Not tracked","Not tracked",53.75,,0,,4,,0,
"cash 1 henderson","Not tracked","Not tracked",46.5,,0,,4,,0,
"cash 1 registration loans","Not tracked","Not tracked",51.25,,0,,4,,0,
"cash cow kenner","Not tracked","Not tracked",32.25,,0,,4,,0,
"cash cow loan company","Not tracked","Not tracked",29,,0,,4,,0,
"cash cow slidell","Not tracked","Not tracked",55.5,,0,,4,,0,
"cash express loan company","Not tracked","Not tracked",52.25,,0,,4,,0,
"cashback equipment loan","Not tracked","Not tracked",88.25,,0,,4,,0,
cathaybank,"Not tracked","Not tracked",53.25,,0,,4,,0,
"central state credit union","Not tracked","Not tracked",38,,0,,4,,0,
"central state credit union stockton","Not tracked","Not tracked",37.75,,0,,4,,0,
"chevron credit union","Not tracked","Not tracked",55.5,,0,,4,,0,
"chevron federal credit union","Not tracked","Not tracked",31.75,,0,,4,,0,
"choice community credit union","Not tracked","Not tracked",62.5,,0,,4,,0,
"cic mortgage credit","Not tracked","Not tracked",56.75,,0,,4,,0,
ciccredit,"Not tracked","Not tracked",44,,0,,4,,0,
"cinfed credit union scam","Not tracked","Not tracked",98.75,,0,,4,,0,
"cinfed fraud","Not tracked","Not tracked",96.5,,0,,4,,0,
"cinfed scam","Not tracked","Not tracked",89.75,,0,,4,,0,
"citizens bank of mukwonago","Not tracked","Not tracked",53,,0,,4,,0,
"citizens bank tn","Not tracked","Not tracked",68.25,,0,,4,,0,
"clark and washington bankruptcy","Not tracked","Not tracked",83.5,,0,,4,,0,
"classic bank cameron tx","Not tracked","Not tracked",28.25,,0,,4,,0,
"cme bank","Not tracked","Not tracked",69.75,,0,,4,,0,
"collin community credit union","Not tracked","Not tracked",45.75,,0,,4,,0,
"collins community","Not tracked","Not tracked",52,,0,,4,,0,
"collins community cu","Not tracked","Not tracked",41,,0,,4,,0,
"collins credit union cedar rapids iowa","Not tracked","Not tracked",40.5,,0,,4,,0,
"commercial bank belton sc","Not tracked","Not tracked",69.5,,0,,4,,0,
"commercial bank of texas","Not tracked","Not tracked",62.5,,0,,4,,0,
"commercial savings bank carroll","Not tracked","Not tracked",58.75,,0,,4,,0,
"community bank business loan","Not tracked","Not tracked",99.75,,0,,4,,0,
"community choice credit union michigan","Not tracked","Not tracked",51.25,,0,,4,,0,
"community choice cu","Not tracked","Not tracked",62.75,,0,,4,,0,
"community loan service","Not tracked","Not tracked",93,,0,,4,,0,
"communityamerica credit union business growth checking","Not tracked","Not tracked",61,,0,,4,,0,
"communityamerica credit union mutual fund","Not tracked","Not tracked",81,,0,,4,,0,
"communityamerica credit union roth ira","Not tracked","Not tracked",55,,0,,4,,0,
"compass recovery group","Not tracked","Not tracked",73.75,,0,,4,,0,
"consumer credit counseling service cccs","Not tracked","Not tracked",98.25,,0,,4,,0,
"consumer lending services","Not tracked","Not tracked",97,,0,,4,,0,
"coosa valley credit union","Not tracked","Not tracked",33.5,,0,,4,,0,
"core plus","Not tracked","Not tracked",93,,0,,4,,0,
"coreplus federal credit union","Not tracked","Not tracked",39,,0,,4,,0,
"cport credit union scarborough","Not tracked","Not tracked",49.25,,0,,4,,0,
"credit doc","Not tracked","Not tracked",44.5,,0,,4,,0,
"credit karma oakland","Not tracked","Not tracked",69.25,,0,,4,,0,
"credit lifter reviews","Not tracked","Not tracked",10.5,,0,,4,,0,
"credit security group","Not tracked","Not tracked",17.5,,0,,4,,0,
"credit services of america","Not tracked","Not tracked",89,,0,,4,,0,
"credit union auto loan niagara falls ny","Not tracked","Not tracked",78.75,,0,,4,,0,
"credit union printing services","Not tracked","Not tracked",90,,0,,4,,0,
"credit unions in austin","Not tracked","Not tracked",74.5,,0,,4,,0,
"crescent credit union","Not tracked","Not tracked",67.5,,0,,4,,0,
"crossroads credit","Not tracked","Not tracked",85.75,,0,,4,,0,
"customer bank locations","Not tracked","Not tracked",76.25,,0,,4,,0,
"cvfcu lynchburg va","Not tracked","Not tracked",38.5,,0,,4,,0,
cwanywhere,"Not tracked","Not tracked",36.25,,0,,4,,0,
"debtstoppers near me","Not tracked","Not tracked",81.5,,0,,4,,0,
"deepwater credit union","Not tracked","Not tracked",58.75,,0,,4,,0,
"del one personal loans","Not tracked","Not tracked",91.25,,0,,4,,0,
"dena motors reviews","Not tracked","Not tracked",48.5,,0,,4,,0,
"desert financial credit union glendale az","Not tracked","Not tracked",47,,0,,4,,0,
"docs on demand","Not tracked","Not tracked",35.5,,0,,4,,0,
"dr bank","Not tracked","Not tracked",68.75,,0,,4,,0,
"drive casa harry hines reviews","Not tracked","Not tracked",27.75,,0,,4,,0,
"dupont bank","Not tracked","Not tracked",51.5,,0,,4,,0,
"east texas credit union","Not tracked","Not tracked",44,,0,,4,,0,
"east texas federal credit union","Not tracked","Not tracked",55.75,,0,,4,,0,
"eaton community bank","Not tracked","Not tracked",50.5,,0,,4,,0,
"element bank","Not tracked","Not tracked",42,,0,,4,,0,
"element financial","Not tracked","Not tracked",53.5,,0,,4,,0,
"elements bank","Not tracked","Not tracked",44,,0,,4,,0,
"elite relationship checking salina","Not tracked","Not tracked",14.25,,0,,4,,0,
emprisebank,"Not tracked","Not tracked",63.25,,0,,4,,0,
"entcredit union","Not tracked","Not tracked",56.75,,0,,4,,0,
"envista credit union","Not tracked","Not tracked",48.75,,0,,4,,0,
"equitable bank omaha","Not tracked","Not tracked",70.25,,0,,4,,0,
espeeco,"Not tracked","Not tracked",20.5,,0,,4,,0,
everbank,"Not tracked","Not tracked",76,,0,,4,,0,
"everence federal credit union","Not tracked","Not tracked",73,,0,,4,,0,
"evergreen federal","Not tracked","Not tracked",69,,0,,4,,0,
"exchange rate miami","Not tracked","Not tracked",65,,0,,4,,0,
"extraco banks","Not tracked","Not tracked",52,,0,,4,,0,
"fairfield bank","Not tracked","Not tracked",80.75,,0,,4,,0,
"fall river credit union","Not tracked","Not tracked",42.75,,0,,4,,0,
"family bank camilla ga","Not tracked","Not tracked",55,,0,,4,,0,
"farmers bank and trust kinsley ks","Not tracked","Not tracked",59,,0,,4,,0,
"fast auto loans tucson az","Not tracked","Not tracked",69.25,,0,,4,,0,
"fast cash pawn kenner","Not tracked","Not tracked",54.25,,0,,4,,0,
"ferrari dealership miami","Not tracked","Not tracked",89.5,,0,,4,,0,
"firefighters first federal credit union","Not tracked","Not tracked",39.5,,0,,4,,0,
"first american credit union online banking","Not tracked","Not tracked",56,,0,,4,,0,
"first bank checking","Not tracked","Not tracked",94.5,,0,,4,,0,
"first bank colorado","Not tracked","Not tracked",49.25,,0,,4,,0,
"first bank of berne operating loans","Not tracked","Not tracked",65.5,,0,,4,,0,
"first bank trust","Not tracked","Not tracked",91.75,,0,,4,,0,
"first berne bank","Not tracked","Not tracked",36.25,,0,,4,,0,
"first choice credit union","Not tracked","Not tracked",90.5,,0,,4,,0,
"first citizens bank mansfield pa","Not tracked","Not tracked",66.25,,0,,4,,0,
"first citizens community bank mansfield pa","Not tracked","Not tracked",66.5,,0,,4,,0,
"first city credit union claremont ca","Not tracked","Not tracked",58.25,,0,,4,,0,
"first city credit union reviews","Not tracked","Not tracked",54.75,,0,,4,,0,
"first education","Not tracked","Not tracked",81.5,,0,,4,,0,
"first financial credit","Not tracked","Not tracked",92.5,,0,,4,,0,
"first freedom bank reviews","Not tracked","Not tracked",64,,0,,4,,0,
"first security bank hampton iowa","Not tracked","Not tracked",72.5,,0,,4,,0,
"first state bank holdrege","Not tracked","Not tracked",69.5,,0,,4,,0,
"firstcitizens bank","Not tracked","Not tracked",65.5,,0,,4,,0,
fitzsimons,"Not tracked","Not tracked",43.75,,0,,4,,0,
"fitzsimons cu","Not tracked","Not tracked",37,,0,,4,,0,
"fnb community bank","Not tracked","Not tracked",76,,0,,4,,0,
"fnb community bank midwest city ok","Not tracked","Not tracked",35.5,,0,,4,,0,
"forge credit union","Not tracked","Not tracked",79.5,,0,,4,,0,
"forte bank hartford","Not tracked","Not tracked",28.25,,0,,4,,0,
"forward financial bank","Not tracked","Not tracked",50,,0,,4,,0,
"fox valley credit union","Not tracked","Not tracked",62.5,,0,,4,,0,
"freedom of maryland federal credit union","Not tracked","Not tracked",50.75,,0,,4,,0,
"fremont bank livermore ca","Not tracked","Not tracked",54.5,,0,,4,,0,
"fremont checking account","Not tracked","Not tracked",58,,0,,4,,0,
"fund cities","Not tracked","Not tracked",71.5,,0,,4,,0,
"garden savings","Not tracked","Not tracked",51,,0,,4,,0,
"genesis bank","Not tracked","Not tracked",71.5,,0,,4,,0,
"georgia united credit union credit","Not tracked","Not tracked",28.25,,0,,4,,0,
"glendale fcu","Not tracked","Not tracked",46.75,,0,,4,,0,
"glensfalls bank","Not tracked","Not tracked",38,,0,,4,,0,
"global card services","Not tracked","Not tracked",66.25,,0,,4,,0,
"global credit solutions","Not tracked","Not tracked",79,,0,,4,,0,
"global credit union enroll","Not tracked","Not tracked",64.5,,0,,4,,0,
"global credit union retirement account","Not tracked","Not tracked",62.25,,0,,4,,0,
"global credit union term deposit","Not tracked","Not tracked",79.25,,0,,4,,0,
"global credit union visa","Not tracked","Not tracked",76,,0,,4,,0,
"global fcu","Not tracked","Not tracked",58.75,,0,,4,,0,
"global innovations bank","Not tracked","Not tracked",48,,0,,4,,0,
goamplify,"Not tracked","Not tracked",29.5,,0,,4,,0,
"greater metro federal credit union","Not tracked","Not tracked",47.25,,0,,4,,0,
"greenville heritage","Not tracked","Not tracked",47.75,,0,,4,,0,
"gte fcu","Not tracked","Not tracked",37.5,,0,,4,,0,
"guadalupe credit union review","Not tracked","Not tracked",45.5,,0,,4,,0,
"guaranty bank review","Not tracked","Not tracked",80,,0,,4,,0,
"gulf winds bank","Not tracked","Not tracked",35.25,,0,,4,,0,
"gulf winds federal","Not tracked","Not tracked",26,,0,,4,,0,
gulfwinds,"Not tracked","Not tracked",40.75,,0,,4,,0,
"health net ca","Not tracked","Not tracked",46.75,,0,,4,,0,
"health net california","Not tracked","Not tracked",71,,0,,4,,0,
"health net insurance california","Not tracked","Not tracked",70.5,,0,,4,,0,
"healthnet medical","Not tracked","Not tracked",71.5,,0,,4,,0,
"hilltop national bank credit card","Not tracked","Not tracked",90.75,,0,,4,,0,
"ideal pawn shop","Not tracked","Not tracked",76.25,,0,,4,,0,
infirst,"Not tracked","Not tracked",73.5,,0,,4,,0,
"infuze cu","Not tracked","Not tracked",46.25,,0,,4,,0,
"intercambio express","Not tracked","Not tracked",43.5,,0,,4,,0,
"is tomo mortgage legit","Not tracked","Not tracked",52.75,,0,,4,,0,
"jackson county bank account","Not tracked","Not tracked",53.25,,0,,4,,0,
"jackson county bank bancorpofsouthernindiana","Not tracked","Not tracked",73.5,,0,,4,,0,
"jackson county bank security","Not tracked","Not tracked",36,,0,,4,,0,
"jet loan","Not tracked","Not tracked",78.5,,0,,4,,0,
"kasasa alden","Not tracked","Not tracked",18.25,,0,,4,,0,
"kemba financial credit","Not tracked","Not tracked",69.25,,0,,4,,0,
"kosters cash loans henderson","Not tracked","Not tracked",57.75,,0,,4,,0,
"lend nation clinton mo","Not tracked","Not tracked",51,,0,,4,,0,
"lending bridge","Not tracked","Not tracked",86,,0,,4,,0,
"lidl credit rating","Not tracked","Not tracked",32,,0,,4,,0,
linkbank,"Not tracked","Not tracked",52,,0,,4,,0,
"loan against estate jewelry","Not tracked","Not tracked",94,,0,,4,,0,
"loan care llc","Not tracked","Not tracked",40.25,,0,,4,,0,
"luxury collateral loans california","Not tracked","Not tracked",83.75,,0,,4,,0,
"magnolia bank reviews","Not tracked","Not tracked",69,,0,,4,,0,
"malden teachers federal credit union","Not tracked","Not tracked",43.75,,0,,4,,0,
maldenfcu,"Not tracked","Not tracked",7.75,,0,,4,,0,
"manasquan bank online","Not tracked","Not tracked",17,,0,,4,,0,
"mccoy bank","Not tracked","Not tracked",48.25,,0,,4,,0,
"mccoy credit","Not tracked","Not tracked",39.25,,0,,4,,0,
"mccoy federal credit","Not tracked","Not tracked",38.5,,0,,4,,0,
"mccu bank","Not tracked","Not tracked",90.5,,0,,4,,0,
"mcs bank","Not tracked","Not tracked",45.75,,0,,4,,0,
"members community credit","Not tracked","Not tracked",70.75,,0,,4,,0,
"mesa auto title lenders","Not tracked","Not tracked",83.5,,0,,4,,0,
metrobank,"Not tracked","Not tracked",87.75,,0,,4,,0,
mhvfcu,"Not tracked","Not tracked",48.25,,0,,4,,0,
"midfirat bank","Not tracked","Not tracked",64,,0,,4,,0,
"midfirdt bank","Not tracked","Not tracked",58.25,,0,,4,,0,
"midfirst bank okc","Not tracked","Not tracked",44.75,,0,,4,,0,
"midfirst bank oklahoma","Not tracked","Not tracked",44.25,,0,,4,,0,
midfirstbank,"Not tracked","Not tracked",65.5,,0,,4,,0,
"midfist bank","Not tracked","Not tracked",52.25,,0,,4,,0,
"midfrist bank","Not tracked","Not tracked",69.5,,0,,4,,0,
"milford federal","Not tracked","Not tracked",40,,0,,4,,0,
mybankcnb,"Not tracked","Not tracked",44.75,,0,,4,,0,
"nasb grandview mo","Not tracked","Not tracked",47.5,,0,,4,,0,
"nashville finance company","Not tracked","Not tracked",84,,0,,4,,0,
"nashville savings bank","Not tracked","Not tracked",42.5,,0,,4,,0,
"national foundation credit counseling","Not tracked","Not tracked",49,,0,,4,,0,
"neches credit","Not tracked","Not tracked",31.25,,0,,4,,0,
"neighbors credit union reviews","Not tracked","Not tracked",62.5,,0,,4,,0,
"nevada credit","Not tracked","Not tracked",59.75,,0,,4,,0,
"nevada title payday loan","Not tracked","Not tracked",57,,0,,4,,0,
"new world collections","Not tracked","Not tracked",36.75,,0,,4,,0,
newtripolibank,"Not tracked","Not tracked",22.25,,0,,4,,0,
"north easton savings bank online","Not tracked","Not tracked",38,,0,,4,,0,
"northeastern title loans","Not tracked","Not tracked",63.25,,0,,4,,0,
numerica,"Not tracked","Not tracked",52.75,,0,,4,,0,
oconeestatebank,"Not tracked","Not tracked",35.75,,0,,4,,0,
"one american bank","Not tracked","Not tracked",80.5,,0,,4,,0,
"oneaz cu fraud","Not tracked","Not tracked",71.5,,0,,4,,0,
"onemain financial chicago","Not tracked","Not tracked",61.5,,0,,4,,0,
"onyx funding","Not tracked","Not tracked",70,,0,,4,,0,
"open a free checking account & enjoy real local service with mid-missouri bank.","Not tracked","Not tracked",80.25,,0,,4,,0,
"oriental bank","Not tracked","Not tracked",51.25,,0,,4,,0,
"ornl mortgage rates","Not tracked","Not tracked",39.75,,0,,4,,0,
"ozarks federal","Not tracked","Not tracked",54.25,,0,,4,,0,
"parkway bank & trust","Not tracked","Not tracked",45,,0,,4,,0,
"parkway bank online","Not tracked","Not tracked",50,,0,,4,,0,
"partner colorado credit union","Not tracked","Not tracked",48.25,,0,,4,,0,
"partner credit union","Not tracked","Not tracked",59,,0,,4,,0,
"partner credit union colorado","Not tracked","Not tracked",47.5,,0,,4,,0,
partnercolorado,"Not tracked","Not tracked",51,,0,,4,,0,
passumpsic,"Not tracked","Not tracked",43,,0,,4,,0,
"pathfinders bank","Not tracked","Not tracked",39.5,,0,,4,,0,
"patriot bank atoka tn","Not tracked","Not tracked",47.5,,0,,4,,0,
"pawn atlanta","Not tracked","Not tracked",66.25,,0,,4,,0,
"pawn shops in albuquerque","Not tracked","Not tracked",57.25,,0,,4,,0,
"peoples national bank marion il","Not tracked","Not tracked",43.25,,0,,4,,0,
"personal loan center","Not tracked","Not tracked",96.5,,0,,4,,0,
"pfcu cd rates","Not tracked","Not tracked",86.75,,0,,4,,0,
"pfcu personal loan rates","Not tracked","Not tracked",56.5,,0,,4,,0,
pfsc,"Not tracked","Not tracked",12,,0,,4,,0,
"portland gold buyers","Not tracked","Not tracked",66.75,,0,,4,,0,
"premier member credit union","Not tracked","Not tracked",65.5,,0,,4,,0,
"professional credit union","Not tracked","Not tracked",83,,0,,4,,0,
"rapid cash","Not tracked","Not tracked",83.75,,0,,4,,0,
"red canoe auto loan rates","Not tracked","Not tracked",87.25,,0,,4,,0,
"red canoe credit union federal way","Not tracked","Not tracked",87.25,,0,,4,,0,
"red credit","Not tracked","Not tracked",87.5,,0,,4,,0,
redcanoe,"Not tracked","Not tracked",85,,0,,4,,0,
"regional finance greenville nc","Not tracked","Not tracked",52.75,,0,,4,,0,
"reliabank sioux falls","Not tracked","Not tracked",72.5,,0,,4,,0,
"rent debt collection","Not tracked","Not tracked",91,,0,,4,,0,
"reparacion de credito near me","Not tracked","Not tracked",84,,0,,4,,0,
"republic loans","Not tracked","Not tracked",38,,0,,4,,0,
"rio bank","Not tracked","Not tracked",53.25,,0,,4,,0,
"rockland trust personal loans","Not tracked","Not tracked",28,,0,,4,,0,
"rok finance","Not tracked","Not tracked",63,,0,,4,,0,
"rok financial new york","Not tracked","Not tracked",46,,0,,4,,0,
"salmon bay community lending","Not tracked","Not tracked",34.75,,0,,4,,0,
"san antonio federal credit union","Not tracked","Not tracked",29.5,,0,,4,,0,
"san diego pawn","Not tracked","Not tracked",64.5,,0,,4,,0,
"sandia area","Not tracked","Not tracked",46,,0,,4,,0,
"scu credit union","Not tracked","Not tracked",80.25,,0,,4,,0,
"sdccu ira","Not tracked","Not tracked",69.75,,0,,4,,0,
"security bank tulsa","Not tracked","Not tracked",39.25,,0,,4,,0,
"security credit union","Not tracked","Not tracked",50.25,,0,,4,,0,
"security federal bank aiken sc","Not tracked","Not tracked",47.25,,0,,4,,0,
"senate credit union","Not tracked","Not tracked",43.25,,0,,4,,0,
"settlementone valuation corporation","Not tracked","Not tracked",59.25,,0,,4,,0,
"seven seventeen","Not tracked","Not tracked",35.25,,0,,4,,0,
"sewell lexus dallas","Not tracked","Not tracked",53.25,,0,,4,,0,
"sewell lexus dallas lemmon","Not tracked","Not tracked",60.25,,0,,4,,0,
"sharon credit union","Not tracked","Not tracked",65.5,,0,,4,,0,
"sharon cu","Not tracked","Not tracked",66,,0,,4,,0,
"show me credit union","Not tracked","Not tracked",69.75,,0,,4,,0,
"smyrna pawn shop","Not tracked","Not tracked",57.25,,0,,4,,0,
"south central bank owensboro ky","Not tracked","Not tracked",44,,0,,4,,0,
"southbridge credit union","Not tracked","Not tracked",31.5,,0,,4,,0,
"southbridge credit union auto loan rates","Not tracked","Not tracked",69.25,,0,,4,,0,
"southland credit union","Not tracked","Not tracked",48.25,,0,,4,,0,
"southland federal credit union","Not tracked","Not tracked",62.75,,0,,4,,0,
"southpoint financial","Not tracked","Not tracked",24.25,,0,,4,,0,
"southpoint financial credit union","Not tracked","Not tracked",15.75,,0,,4,,0,
"southwest recovery services","Not tracked","Not tracked",58.5,,0,,4,,0,
sovita,"Not tracked","Not tracked",45,,0,,4,,0,
"spero financial auto loan","Not tracked","Not tracked",90.5,,0,,4,,0,
"spero financial loan payment","Not tracked","Not tracked",57.25,,0,,4,,0,
"spero financial rates","Not tracked","Not tracked",81.25,,0,,4,,0,
"state bank and trust","Not tracked","Not tracked",114,,0,,4,,0,
"state bank of lakota","Not tracked","Not tracked",46,,0,,4,,0,
"stewart title okc","Not tracked","Not tracked",62.25,,0,,4,,0,
"stoughton co op bank","Not tracked","Not tracked",47,,0,,4,,0,
"sun credit union","Not tracked","Not tracked",77.75,,0,,4,,0,
"superior federal credit union st marys ohio","Not tracked","Not tracked",82,,0,,4,,0,
"sw title","Not tracked","Not tracked",78.25,,0,,4,,0,
"technology credit union","Not tracked","Not tracked",63,,0,,4,,0,
telcoe,"Not tracked","Not tracked",42,,0,,4,,0,
"texas credit loans","Not tracked","Not tracked",25.25,,0,,4,,0,
"texas exchange bank","Not tracked","Not tracked",52,,0,,4,,0,
"texas exchange bank crowley","Not tracked","Not tracked",54,,0,,4,,0,
"texell credit union reviews","Not tracked","Not tracked",56.5,,0,,4,,0,
"the bank of romney","Not tracked","Not tracked",49.5,,0,,4,,0,
"the bennington state bank","Not tracked","Not tracked",46.5,,0,,4,,0,
"the lending group","Not tracked","Not tracked",90.75,,0,,4,,0,
"the paris national bank","Not tracked","Not tracked",65.5,,0,,4,,0,
"third federal savings & loan","Not tracked","Not tracked",61.75,,0,,4,,0,
"third federal savings and loans","Not tracked","Not tracked",60,,0,,4,,0,
"third financial bank","Not tracked","Not tracked",56.75,,0,,4,,0,
"tidal loans","Not tracked","Not tracked",34,,0,,4,,0,
"time finance company","Not tracked","Not tracked",57.5,,0,,4,,0,
"time financial services","Not tracked","Not tracked",68.5,,0,,4,,0,
"tinker credit union","Not tracked","Not tracked",63.25,,0,,4,,0,
"tinker fcu","Not tracked","Not tracked",35.75,,0,,4,,0,
"title pawn near me open now","Not tracked","Not tracked",64.5,,0,,4,,0,
"tn bank business savings account","Not tracked","Not tracked",73.5,,0,,4,,0,
"tn bank debit card","Not tracked","Not tracked",84.5,,0,,4,,0,
"tn valley credit union","Not tracked","Not tracked",52.75,,0,,4,,0,
"top business loans","Not tracked","Not tracked",78.25,,0,,4,,0,
"transit workers","Not tracked","Not tracked",78.25,,0,,4,,0,
"true north credit union ishpeming","Not tracked","Not tracked",51.75,,0,,4,,0,
"truliant bank","Not tracked","Not tracked",45.5,,0,,4,,0,
"trustone financial credit union","Not tracked","Not tracked",40,,0,,4,,0,
"tulane loans","Not tracked","Not tracked",45.25,,0,,4,,0,
"tulane payday loan","Not tracked","Not tracked",31.75,,0,,4,,0,
"tvfcu batavia","Not tracked","Not tracked",39.25,,0,,4,,0,
"tvfcu personal loan","Not tracked","Not tracked",69,,0,,4,,0,
"tx trust credit union","Not tracked","Not tracked",51,,0,,4,,0,
"union county savings bank","Not tracked","Not tracked",65.25,,0,,4,,0,
"us bank amarillo tx","Not tracked","Not tracked",30.75,,0,,4,,0,
"valley first advice","Not tracked","Not tracked",60,,0,,4,,0,
"valley first banque","Not tracked","Not tracked",71.5,,0,,4,,0,
"valley first complaints","Not tracked","Not tracked",77.25,,0,,4,,0,
"valley first credit cards","Not tracked","Not tracked",76.5,,0,,4,,0,
"valley first deposits","Not tracked","Not tracked",66.75,,0,,4,,0,
"valley first money","Not tracked","Not tracked",70.5,,0,,4,,0,
valleybank,"Not tracked","Not tracked",62.25,,0,,4,,0,
"velocity credit","Not tracked","Not tracked",44,,0,,4,,0,
"velocity cu","Not tracked","Not tracked",62.5,,0,,4,,0,
"ventura county federal credit union","Not tracked","Not tracked",43.5,,0,,4,,0,
"victoria bank consumer credit","Not tracked","Not tracked",57.75,,0,,4,,0,
"vision financial","Not tracked","Not tracked",93.5,,0,,4,,0,
"wailuku credit union","Not tracked","Not tracked",34.75,,0,,4,,0,
"washington savings bank lowell","Not tracked","Not tracked",25.75,,0,,4,,0,
"waterford bank","Not tracked","Not tracked",38.25,,0,,4,,0,
"waterford bank toledo ohio","Not tracked","Not tracked",37.25,,0,,4,,0,
wesbank,"Not tracked","Not tracked",84.25,,0,,4,,0,
wesbanko,"Not tracked","Not tracked",63,,0,,4,,0,
"wescom credit union","Not tracked","Not tracked",70.5,,0,,4,,0,
"west bank of iowa client","Not tracked","Not tracked",89,,0,,4,,0,
"west branch valley fcu","Not tracked","Not tracked",47.75,,0,,4,,0,
"west texas community credit union routing number","Not tracked","Not tracked",59.5,,0,,4,,0,
"western union arlington tx","Not tracked","Not tracked",36,,0,,4,,0,
"western union c","Not tracked","Not tracked",46.5,,0,,4,,0,
"wexford community credit union","Not tracked","Not tracked",33,,0,,4,,0,
"winsouth credit union","Not tracked","Not tracked",53,,0,,4,,0,
"woodmen financial services inc","Not tracked","Not tracked",71.75,,0,,4,,0,
"wyhy fcu","Not tracked","Not tracked",49.25,,0,,4,,0,
"wyhy federal credit union","Not tracked","Not tracked",46,,0,,4,,0,
"zing credit union","Not tracked","Not tracked",49.25,,0,,4,,0,
"(719) 629-7401 ryan nash, mortgage broker nmls #1493480","Not tracked","Not tracked",10.67,,0,,3,,0,
"barton creek lending group 3201 menchaca rd","Not tracked","Not tracked",40,,0,,3,,0,
"miami mortgage brokers 33131","Not tracked","Not tracked",39.33,,0,,3,,0,
"1199 loan","Not tracked","Not tracked",79.33,,0,,3,,0,
"1st bank and trust","Not tracked","Not tracked",75.67,,0,,3,,0,
"1st bank reviews","Not tracked","Not tracked",77.67,,0,,3,,0,
"1st choice bank","Not tracked","Not tracked",90,,0,,3,,0,
"1st midamerica credit union cd rates","Not tracked","Not tracked",62.33,,0,,3,,0,
"1st security bank charles city ia","Not tracked","Not tracked",69,,0,,3,,0,
"1st street credit union","Not tracked","Not tracked",64.67,,0,,3,,0,
"3 rivers fort wayne indiana","Not tracked","Not tracked",50.33,,0,,3,,0,
"3rivers bank","Not tracked","Not tracked",58,,0,,3,,0,
"4 front","Not tracked","Not tracked",65.67,,0,,3,,0,
4front,"Not tracked","Not tracked",62.33,,0,,3,,0,
"absolute mortgage & lending","Not tracked","Not tracked",63.33,,0,,3,,0,
"absolute mortgage lending","Not tracked","Not tracked",73,,0,,3,,0,
"access credit union","Not tracked","Not tracked",76.67,,0,,3,,0,
accessity,"Not tracked","Not tracked",27,,0,,3,,0,
"ace cash express member","Not tracked","Not tracked",87,,0,,3,,0,
"ace cash express miami beach","Not tracked","Not tracked",49.67,,0,,3,,0,
"ace cash express midland tx","Not tracked","Not tracked",52,,0,,3,,0,
"ace cash express new orleans","Not tracked","Not tracked",48.33,,0,,3,,0,
"ace cash express va","Not tracked","Not tracked",51.33,,0,,3,,0,
"ace cash express virginia","Not tracked","Not tracked",45.33,,0,,3,,0,
"ace checking","Not tracked","Not tracked",40.33,,0,,3,,0,
"ace money loan","Not tracked","Not tracked",6.67,,0,,3,,0,
"advance america el cajon","Not tracked","Not tracked",63.67,,0,,3,,0,
"advance america miami reviews","Not tracked","Not tracked",47.67,,0,,3,,0,
"advantage plus terre haute","Not tracked","Not tracked",57.33,,0,,3,,0,
"ae financial","Not tracked","Not tracked",75.67,,0,,3,,0,
afgm,"Not tracked","Not tracked",13.67,,0,,3,,0,
"alamo loan","Not tracked","Not tracked",65.33,,0,,3,,0,
"allied credit","Not tracked","Not tracked",82.33,,0,,3,,0,
"amboy bank online","Not tracked","Not tracked",32.67,,0,,3,,0,
"amboy mortgage","Not tracked","Not tracked",33.67,,0,,3,,0,
"amerasia bank","Not tracked","Not tracked",46.67,,0,,3,,0,
"america credit union","Not tracked","Not tracked",91.33,,0,,3,,0,
"america one personal loans","Not tracked","Not tracked",60.33,,0,,3,,0,
"american bank national association","Not tracked","Not tracked",66,,0,,3,,0,
"american consumer counseling","Not tracked","Not tracked",48.67,,0,,3,,0,
"american consumer credit counseling complaints","Not tracked","Not tracked",59.67,,0,,3,,0,
"american eagle bloomfield ct","Not tracked","Not tracked",53.33,,0,,3,,0,
"american eagle credit union","Not tracked","Not tracked",47.67,,0,,3,,0,
"american eagle credit union east hartford ct","Not tracked","Not tracked",52.33,,0,,3,,0,
"american eagle federal","Not tracked","Not tracked",54.67,,0,,3,,0,
"american eagle federal cu","Not tracked","Not tracked",51.33,,0,,3,,0,
"american eagle financial credit union vernon ct","Not tracked","Not tracked",45.33,,0,,3,,0,
"american exchange bank","Not tracked","Not tracked",73.67,,0,,3,,0,
"american heritage lending reviews","Not tracked","Not tracked",58.33,,0,,3,,0,
"americas credit union","Not tracked","Not tracked",96,,0,,3,,0,
"ameris bancorp","Not tracked","Not tracked",63.33,,0,,3,,0,
"amplify bank","Not tracked","Not tracked",40.33,,0,,3,,0,
"anaheim mortgage","Not tracked","Not tracked",76.33,,0,,3,,0,
"apgfcu aberdeen","Not tracked","Not tracked",51.33,,0,,3,,0,
"arrowhead credit card","Not tracked","Not tracked",50,,0,,3,,0,
"arrowhead credit union auto loan","Not tracked","Not tracked",89,,0,,3,,0,
"artesian albany ga","Not tracked","Not tracked",49.67,,0,,3,,0,
"artisans bank routing number","Not tracked","Not tracked",81.33,,0,,3,,0,
"ascendus inc.","Not tracked","Not tracked",44.33,,0,,3,,0,
"associated credit union atlanta","Not tracked","Not tracked",28.67,,0,,3,,0,
"atlanta title pawn near me","Not tracked","Not tracked",87,,0,,3,,0,
"atlanta title pawns","Not tracked","Not tracked",73.33,,0,,3,,0,
"atlas credit co inc laredo tx","Not tracked","Not tracked",65.33,,0,,3,,0,
"atlas credit company","Not tracked","Not tracked",55.33,,0,,3,,0,
"atlas loan application","Not tracked","Not tracked",81.33,,0,,3,,0,
"atlas loans online application","Not tracked","Not tracked",73,,0,,3,,0,
"auto finance sacramento","Not tracked","Not tracked",80.67,,0,,3,,0,
"auto finance sacramento ca","Not tracked","Not tracked",87.33,,0,,3,,0,
"auto pawn loans phoenix","Not tracked","Not tracked",73.33,,0,,3,,0,
"auto pawn loans tempe","Not tracked","Not tracked",72.33,,0,,3,,0,
"auto title loans pearland","Not tracked","Not tracked",70.67,,0,,3,,0,
"auto use auto loan","Not tracked","Not tracked",87,,0,,3,,0,
"avadian bank","Not tracked","Not tracked",45.33,,0,,3,,0,
"avadian cu","Not tracked","Not tracked",38,,0,,3,,0,
"avant bbb","Not tracked","Not tracked",43,,0,,3,,0,
"bank first financial services","Not tracked","Not tracked",47,,0,,3,,0,
"bank local","Not tracked","Not tracked",94.33,,0,,3,,0,
"bank of commerce online","Not tracked","Not tracked",72,,0,,3,,0,
"bank of franklin meadville","Not tracked","Not tracked",50.33,,0,,3,,0,
"bank of panhandle","Not tracked","Not tracked",51.67,,0,,3,,0,
"bank of the panhandle","Not tracked","Not tracked",51.67,,0,,3,,0,
"bankorion online","Not tracked","Not tracked",54.67,,0,,3,,0,
"banner fcu","Not tracked","Not tracked",60.67,,0,,3,,0,
"barclay bank delaware","Not tracked","Not tracked",60.33,,0,,3,,0,
"barclay bank of delaware","Not tracked","Not tracked",77.67,,0,,3,,0,
"barclays bank de","Not tracked","Not tracked",57.67,,0,,3,,0,
"barclays delaware","Not tracked","Not tracked",60.33,,0,,3,,0,
"baron creek partners","Not tracked","Not tracked",97.67,,0,,3,,0,
"bayer heritage federal credit union","Not tracked","Not tracked",53.67,,0,,3,,0,
"beal bank usa rating","Not tracked","Not tracked",62.67,,0,,3,,0,
"best personal loan","Not tracked","Not tracked",47.33,,0,,3,,0,
"bethpage fcu","Not tracked","Not tracked",38,,0,,3,,0,
"bh financial","Not tracked","Not tracked",81.33,,0,,3,,0,
"blue bird lending","Not tracked","Not tracked",63,,0,,3,,0,
"blue eagle credit union","Not tracked","Not tracked",56.67,,0,,3,,0,
"blue flame credit union","Not tracked","Not tracked",44.67,,0,,3,,0,
"bluestone bank trust service","Not tracked","Not tracked",89.67,,0,,3,,0,
"bmi dublin","Not tracked","Not tracked",61,,0,,3,,0,
"bmi online bank","Not tracked","Not tracked",44,,0,,3,,0,
"bnc national bank","Not tracked","Not tracked",78.67,,0,,3,,0,
bnccu,"Not tracked","Not tracked",38.67,,0,,3,,0,
"bond community federal credit union","Not tracked","Not tracked",43.67,,0,,3,,0,
"bond fcu","Not tracked","Not tracked",59.33,,0,,3,,0,
"boulder dam credit union","Not tracked","Not tracked",47,,0,,3,,0,
brclysbankde,"Not tracked","Not tracked",61.33,,0,,3,,0,
"breco fcu","Not tracked","Not tracked",54.33,,0,,3,,0,
"build credit with rent","Not tracked","Not tracked",97.33,,0,,3,,0,
"bullion loans tempe","Not tracked","Not tracked",86.67,,0,,3,,0,
"burlington northtown credit union","Not tracked","Not tracked",57.33,,0,,3,,0,
"business bank loans","Not tracked","Not tracked",99.67,,0,,3,,0,
"business development finance corporation","Not tracked","Not tracked",89,,0,,3,,0,
"business loans startups","Not tracked","Not tracked",90,,0,,3,,0,
"business statement savings alden","Not tracked","Not tracked",29.33,,0,,3,,0,
"cabrillo credit","Not tracked","Not tracked",19.67,,0,,3,,0,
"cabrillo credit union bank","Not tracked","Not tracked",20,,0,,3,,0,
"calcom federal credit union","Not tracked","Not tracked",78.67,,0,,3,,0,
"california health net","Not tracked","Not tracked",78.67,,0,,3,,0,
"callaway bank fulton mo","Not tracked","Not tracked",31.33,,0,,3,,0,
"campbell and fetter bank","Not tracked","Not tracked",57.67,,0,,3,,0,
"campbell fetter bank","Not tracked","Not tracked",56.67,,0,,3,,0,
"car max title loans","Not tracked","Not tracked",29,,0,,3,,0,
"cardinal financial corp","Not tracked","Not tracked",54.33,,0,,3,,0,
"carver bank new york","Not tracked","Not tracked",82.67,,0,,3,,0,
"casco credit union","Not tracked","Not tracked",53.33,,0,,3,,0,
"cash 1 tempe","Not tracked","Not tracked",48.33,,0,,3,,0,
"cash 1 title loan","Not tracked","Not tracked",49.67,,0,,3,,0,
"cash one title loans","Not tracked","Not tracked",43.33,,0,,3,,0,
"cash store tomball","Not tracked","Not tracked",35.33,,0,,3,,0,
"cash time auto loans","Not tracked","Not tracked",37.67,,0,,3,,0,
cbtx,"Not tracked","Not tracked",41,,0,,3,,0,
"cccs debt consolidation","Not tracked","Not tracked",88,,0,,3,,0,
"ccu corning","Not tracked","Not tracked",66,,0,,3,,0,
"ceda program in chicago","Not tracked","Not tracked",77.67,,0,,3,,0,
"cedar point federal credit union auto loan rates","Not tracked","Not tracked",75,,0,,3,,0,
"cenla credit union","Not tracked","Not tracked",53.67,,0,,3,,0,
"central national bank review","Not tracked","Not tracked",74.67,,0,,3,,0,
"central virginia credit union","Not tracked","Not tracked",38.33,,0,,3,,0,
"central virginia federal credit union routing number","Not tracked","Not tracked",43.33,,0,,3,,0,
"chac colorado springs","Not tracked","Not tracked",84,,0,,3,,0,
"champion pawn and jewelry","Not tracked","Not tracked",60.67,,0,,3,,0,
"charter west","Not tracked","Not tracked",39,,0,,3,,0,
"charter west bank walthill","Not tracked","Not tracked",41,,0,,3,,0,
"charter west bank west point ne","Not tracked","Not tracked",49.33,,0,,3,,0,
"charterwest bank walthill","Not tracked","Not tracked",37.67,,0,,3,,0,
"check cashing austin tx","Not tracked","Not tracked",16,,0,,3,,0,
"check cashing murfreesboro tn","Not tracked","Not tracked",74,,0,,3,,0,
"check city cheyenne","Not tracked","Not tracked",66.33,,0,,3,,0,
"check city north las vegas","Not tracked","Not tracked",44.33,,0,,3,,0,
"checksmart taylor","Not tracked","Not tracked",52.67,,0,,3,,0,
"chelsea employees federal credit union","Not tracked","Not tracked",43.33,,0,,3,,0,
"cheque express","Not tracked","Not tracked",44.67,,0,,3,,0,
"cheques express","Not tracked","Not tracked",31,,0,,3,,0,
"chevron cfcu","Not tracked","Not tracked",29,,0,,3,,0,
"chevron credit union houston","Not tracked","Not tracked",43.33,,0,,3,,0,
"chevron federal credit union auto loan rates","Not tracked","Not tracked",67.33,,0,,3,,0,
"chevron federal credit union houston","Not tracked","Not tracked",32.67,,0,,3,,0,
chevronfcu,"Not tracked","Not tracked",22,,0,,3,,0,
"chicago fire credit union","Not tracked","Not tracked",61.67,,0,,3,,0,
"chief financial credit union","Not tracked","Not tracked",57.67,,0,,3,,0,
"chief pontiac credit union","Not tracked","Not tracked",64,,0,,3,,0,
"christian debt relief","Not tracked","Not tracked",96,,0,,3,,0,
"cic credit on credit report","Not tracked","Not tracked",86.67,,0,,3,,0,
"ciment law firm","Not tracked","Not tracked",64,,0,,3,,0,
"cincinnati cadillac llc cadillac","Not tracked","Not tracked",75.33,,0,,3,,0,
"cinfed personal loans","Not tracked","Not tracked",68.67,,0,,3,,0,
"citizen bank wi","Not tracked","Not tracked",54.67,,0,,3,,0,
"citizens bank elizabethton","Not tracked","Not tracked",71,,0,,3,,0,
"citizens bank lebanon ky","Not tracked","Not tracked",76.67,,0,,3,,0,
"citizens bank of clovis","Not tracked","Not tracked",67.67,,0,,3,,0,
"citizens bank of west virginia","Not tracked","Not tracked",61,,0,,3,,0,
"citizens bank waukesha","Not tracked","Not tracked",58,,0,,3,,0,
"city cash pawn","Not tracked","Not tracked",49.33,,0,,3,,0,
clarifi,"Not tracked","Not tracked",59,,0,,3,,0,
"clark & washington","Not tracked","Not tracked",83.33,,0,,3,,0,
"clark & washington llc","Not tracked","Not tracked",81.67,,0,,3,,0,
"clark and washington atlanta","Not tracked","Not tracked",88.67,,0,,3,,0,
"clarke and washington","Not tracked","Not tracked",84,,0,,3,,0,
"class act federal credit union","Not tracked","Not tracked",66,,0,,3,,0,
"classic bank bastrop","Not tracked","Not tracked",28.67,,0,,3,,0,
"closing services arlington, texas","Not tracked","Not tracked",85.33,,0,,3,,0,
"coffee county bank manchester tn","Not tracked","Not tracked",46.33,,0,,3,,0,
"collins ccu","Not tracked","Not tracked",41.33,,0,,3,,0,
"collins community credit union cedar rapids","Not tracked","Not tracked",42,,0,,3,,0,
"colonial savings","Not tracked","Not tracked",65.33,,0,,3,,0,
"colony bank fitzgerald georgia","Not tracked","Not tracked",54,,0,,3,,0,
"colony banking","Not tracked","Not tracked",26.33,,0,,3,,0,
"colorado enterprise","Not tracked","Not tracked",71,,0,,3,,0,
"columbus credit bureau","Not tracked","Not tracked",92,,0,,3,,0,
"commerce bank kansas city ks","Not tracked","Not tracked",48,,0,,3,,0,
"commerce bank of missouri","Not tracked","Not tracked",36.33,,0,,3,,0,
commerceone,"Not tracked","Not tracked",40.33,,0,,3,,0,
"commerceone bank","Not tracked","Not tracked",65,,0,,3,,0,
"commercial bank mason tx","Not tracked","Not tracked",66,,0,,3,,0,
"commercial bank of ca","Not tracked","Not tracked",64,,0,,3,,0,
"commercial bank texas","Not tracked","Not tracked",67,,0,,3,,0,
"commercial savings bank carroll iowa","Not tracked","Not tracked",62.33,,0,,3,,0,
"communities of abilene fcu","Not tracked","Not tracked",37.67,,0,,3,,0,
"communities of abilene tx","Not tracked","Not tracked",27.33,,0,,3,,0,
"community choice bank","Not tracked","Not tracked",63.67,,0,,3,,0,
"community choice banking","Not tracked","Not tracked",57,,0,,3,,0,
"community choice credit card","Not tracked","Not tracked",53.67,,0,,3,,0,
"community choice credit union rates","Not tracked","Not tracked",81.67,,0,,3,,0,
"community choice credit union redford","Not tracked","Not tracked",71.33,,0,,3,,0,
"community credit line","Not tracked","Not tracked",87.67,,0,,3,,0,
"community credit union warrenton","Not tracked","Not tracked",89,,0,,3,,0,
"community first credit union st augustine","Not tracked","Not tracked",54.67,,0,,3,,0,
"community first st augustine fl","Not tracked","Not tracked",49.33,,0,,3,,0,
"community wide plymouth","Not tracked","Not tracked",49.33,,0,,3,,0,
"communityamerica credit union investment services","Not tracked","Not tracked",67,,0,,3,,0,
"communityamerica credit union personal loan","Not tracked","Not tracked",31,,0,,3,,0,
"communityamerica credit union vehicle loan","Not tracked","Not tracked",74,,0,,3,,0,
"communitywide federal credit union south bend in","Not tracked","Not tracked",41.67,,0,,3,,0,
"consumer financial service corporation","Not tracked","Not tracked",93.67,,0,,3,,0,
"consumer loan services","Not tracked","Not tracked",99.67,,0,,3,,0,
"coosa valley federal credit union","Not tracked","Not tracked",18.33,,0,,3,,0,
core-plus,"Not tracked","Not tracked",94.33,,0,,3,,0,
"corning ccu","Not tracked","Not tracked",56.33,,0,,3,,0,
"corning credit","Not tracked","Not tracked",67.33,,0,,3,,0,
"corning credit union corning ny","Not tracked","Not tracked",53.67,,0,,3,,0,
"corning fcu","Not tracked","Not tracked",64.67,,0,,3,,0,
"corningcu credit union","Not tracked","Not tracked",78,,0,,3,,0,
"credit of texas","Not tracked","Not tracked",57,,0,,3,,0,
"credit repair norwalk","Not tracked","Not tracked",96,,0,,3,,0,
"credit union financial resources","Not tracked","Not tracked",73.67,,0,,3,,0,
"credit union hawaii","Not tracked","Not tracked",84,,0,,3,,0,
"credit union helena mt","Not tracked","Not tracked",81.67,,0,,3,,0,
"credit union lynchburg va","Not tracked","Not tracked",84.33,,0,,3,,0,
"credit union of texas reviews","Not tracked","Not tracked",62.67,,0,,3,,0,
"credit union springfield mo","Not tracked","Not tracked",84.67,,0,,3,,0,
"credit unions austin tx","Not tracked","Not tracked",79.67,,0,,3,,0,
"credit unions in brodie","Not tracked","Not tracked",90.33,,0,,3,,0,
"cres bank","Not tracked","Not tracked",51,,0,,3,,0,
"crest savings","Not tracked","Not tracked",61,,0,,3,,0,
"crest savings wildwood","Not tracked","Not tracked",66.67,,0,,3,,0,
"crews banking corporation","Not tracked","Not tracked",35,,0,,3,,0,
"cs credit union","Not tracked","Not tracked",91.33,,0,,3,,0,
"cu hawaii personal loan","Not tracked","Not tracked",74,,0,,3,,0,
"cu hawaii personal loans","Not tracked","Not tracked",71.67,,0,,3,,0,
"currency exchange illinois","Not tracked","Not tracked",36,,0,,3,,0,
"cy-fair federal credit union","Not tracked","Not tracked",40.33,,0,,3,,0,
"debt relief consultation sugar land tx","Not tracked","Not tracked",95,,0,,3,,0,
"debt wave","Not tracked","Not tracked",54,,0,,3,,0,
debtoredu,"Not tracked","Not tracked",29.33,,0,,3,,0,
"deerwood bank waite park","Not tracked","Not tracked",48.67,,0,,3,,0,
"del-one bank","Not tracked","Not tracked",60.33,,0,,3,,0,
"denver auto loan rates","Not tracked","Not tracked",70.33,,0,,3,,0,
"desert finance llc","Not tracked","Not tracked",65.67,,0,,3,,0,
"discover auto sales reviews","Not tracked","Not tracked",64.67,,0,,3,,0,
"diversified credit union in detroit","Not tracked","Not tracked",70.67,,0,,3,,0,
"dm credit union","Not tracked","Not tracked",68.67,,0,,3,,0,
"do apartments build credit","Not tracked","Not tracked",91.67,,0,,3,,0,
"doc holliday's pawn shop","Not tracked","Not tracked",55.67,,0,,3,,0,
dolex,"Not tracked","Not tracked",43.67,,0,,3,,0,
drbank,"Not tracked","Not tracked",35.67,,0,,3,,0,
"dream first bank syracuse ks","Not tracked","Not tracked",38,,0,,3,,0,
"dreams bank","Not tracked","Not tracked",68.67,,0,,3,,0,
"drive casa harry hines","Not tracked","Not tracked",42.33,,0,,3,,0,
"duke fcu","Not tracked","Not tracked",49.67,,0,,3,,0,
"dupont ccu","Not tracked","Not tracked",43.33,,0,,3,,0,
"dynamic fcu","Not tracked","Not tracked",46.33,,0,,3,,0,
"e pawn atlanta","Not tracked","Not tracked",48,,0,,3,,0,
"eagle bank glenwood","Not tracked","Not tracked",66.33,,0,,3,,0,
"eagle bank starbuck mn","Not tracked","Not tracked",69.33,,0,,3,,0,
"east river federal credit union","Not tracked","Not tracked",38.33,,0,,3,,0,
"east texas professional","Not tracked","Not tracked",56,,0,,3,,0,
"east texas professional credit union tyler texas","Not tracked","Not tracked",78.33,,0,,3,,0,
"eastrise credit union vt","Not tracked","Not tracked",49.67,,0,,3,,0,
"edinburg teachers credit union review","Not tracked","Not tracked",39.33,,0,,3,,0,
"education personnel","Not tracked","Not tracked",66.67,,0,,3,,0,
"educational employees credit union","Not tracked","Not tracked",68.33,,0,,3,,0,
"eecu auto refinance","Not tracked","Not tracked",66.33,,0,,3,,0,
"eecu business checking","Not tracked","Not tracked",41.33,,0,,3,,0,
"eecu credit union","Not tracked","Not tracked",52.33,,0,,3,,0,
"element finacial","Not tracked","Not tracked",56.33,,0,,3,,0,
"elements financial reviews","Not tracked","Not tracked",28.67,,0,,3,,0,
"elevate credit union","Not tracked","Not tracked",60.33,,0,,3,,0,
"ent bank colorado","Not tracked","Not tracked",33.33,,0,,3,,0,
"ent credit","Not tracked","Not tracked",49.67,,0,,3,,0,
ent-bank,"Not tracked","Not tracked",52.67,,0,,3,,0,
"envista credit union topeka ks","Not tracked","Not tracked",48.33,,0,,3,,0,
"envista cu","Not tracked","Not tracked",50.67,,0,,3,,0,
"equitable bank grand island nebraska","Not tracked","Not tracked",64.67,,0,,3,,0,
"equitable bank north platte","Not tracked","Not tracked",62,,0,,3,,0,
"erie insurance chicago","Not tracked","Not tracked",38.33,,0,,3,,0,
"everbank financial","Not tracked","Not tracked",69.67,,0,,3,,0,
"everence federal credit union lancaster pa","Not tracked","Not tracked",88.67,,0,,3,,0,
"everence financial","Not tracked","Not tracked",30.67,,0,,3,,0,
"evergreen direct","Not tracked","Not tracked",42.33,,0,,3,,0,
"evergreen federal bank","Not tracked","Not tracked",62.67,,0,,3,,0,
"eweb federal credit union","Not tracked","Not tracked",48,,0,,3,,0,
"expedition cu","Not tracked","Not tracked",41.67,,0,,3,,0,
"express cheques","Not tracked","Not tracked",53,,0,,3,,0,
"ez money check cashing","Not tracked","Not tracked",45,,0,,3,,0,
"ez money check cashing omaha ne","Not tracked","Not tracked",48,,0,,3,,0,
"fairfield federal bank lancaster ohio","Not tracked","Not tracked",60,,0,,3,,0,
"fairfield federal online banking","Not tracked","Not tracked",56.33,,0,,3,,0,
"fairfield national bank lancaster ohio","Not tracked","Not tracked",79,,0,,3,,0,
"family bank camilla","Not tracked","Not tracked",56,,0,,3,,0,
"family bank pelham","Not tracked","Not tracked",41.33,,0,,3,,0,
"family credit management reviews","Not tracked","Not tracked",59.67,,0,,3,,0,
"family first credit","Not tracked","Not tracked",84.67,,0,,3,,0,
"farm bureau credit","Not tracked","Not tracked",40.33,,0,,3,,0,
"farmers and merchants bank ohio","Not tracked","Not tracked",66.33,,0,,3,,0,
"farmers deposit bank","Not tracked","Not tracked",92.67,,0,,3,,0,
"farmers national bank danville","Not tracked","Not tracked",69.67,,0,,3,,0,
"farmers national bank danville ky","Not tracked","Not tracked",55,,0,,3,,0,
"farmers savings bank colesburg iowa","Not tracked","Not tracked",62,,0,,3,,0,
"farmers savings bank strawberry point iowa","Not tracked","Not tracked",76.33,,0,,3,,0,
"farmers state bank cameron","Not tracked","Not tracked",52.33,,0,,3,,0,
"farmers state bank cameron missouri","Not tracked","Not tracked",87.67,,0,,3,,0,
"farmers state bank st joseph mo","Not tracked","Not tracked",76.67,,0,,3,,0,
"fast auto loan","Not tracked","Not tracked",46.33,,0,,3,,0,
"fccu fort","Not tracked","Not tracked",27.33,,0,,3,,0,
"federal security bank","Not tracked","Not tracked",84,,0,,3,,0,
ffccu,"Not tracked","Not tracked",48.33,,0,,3,,0,
"ficare federal credit union","Not tracked","Not tracked",54.33,,0,,3,,0,
"finance factor","Not tracked","Not tracked",81.67,,0,,3,,0,
"financial ally","Not tracked","Not tracked",39,,0,,3,,0,
"financial credit services","Not tracked","Not tracked",96,,0,,3,,0,
"financial partners credit union reviews","Not tracked","Not tracked",56.67,,0,,3,,0,
"find banks near me","Not tracked","Not tracked",72,,0,,3,,0,
"fire first credit union","Not tracked","Not tracked",51.33,,0,,3,,0,
"firefighter credit union","Not tracked","Not tracked",84.67,,0,,3,,0,
"firefighter first","Not tracked","Not tracked",55,,0,,3,,0,
"firefighter first credit union","Not tracked","Not tracked",50.67,,0,,3,,0,
"firefighters credit union cleveland ohio","Not tracked","Not tracked",50.33,,0,,3,,0,
"firefighters first","Not tracked","Not tracked",56.33,,0,,3,,0,
"firefighters first cu","Not tracked","Not tracked",43,,0,,3,,0,
"fireman first credit union","Not tracked","Not tracked",35.33,,0,,3,,0,
"first bank of berne secureinternetbank","Not tracked","Not tracked",40.33,,0,,3,,0,
"first cash pawn haltom city","Not tracked","Not tracked",55.67,,0,,3,,0,
"first century bank tazewell","Not tracked","Not tracked",55.33,,0,,3,,0,
"first citizens bank mansfield","Not tracked","Not tracked",71,,0,,3,,0,
"first city credit union logo","Not tracked","Not tracked",70.67,,0,,3,,0,
"first family credit","Not tracked","Not tracked",76,,0,,3,,0,
"first family okmulgee","Not tracked","Not tracked",58.67,,0,,3,,0,
"first financial credit union south valley","Not tracked","Not tracked",70,,0,,3,,0,
"first fl","Not tracked","Not tracked",76.67,,0,,3,,0,
"first national bank burleson tx","Not tracked","Not tracked",62.67,,0,,3,,0,
"first national bank of burleson","Not tracked","Not tracked",80.67,,0,,3,,0,
"first ohio community federal credit union","Not tracked","Not tracked",40.33,,0,,3,,0,
"first south credit union","Not tracked","Not tracked",63.67,,0,,3,,0,
"first southern bank scottsboro","Not tracked","Not tracked",62,,0,,3,,0,
"first southern state bank alabama","Not tracked","Not tracked",61,,0,,3,,0,
"first state bank norton ks","Not tracked","Not tracked",61,,0,,3,,0,
"first united bank","Not tracked","Not tracked",66.33,,0,,3,,0,
"first united bank & trust frederick md","Not tracked","Not tracked",66.33,,0,,3,,0,
"first united bank & trust oakland md","Not tracked","Not tracked",63.33,,0,,3,,0,
"first united loan","Not tracked","Not tracked",85,,0,,3,,0,
"firstbank trust","Not tracked","Not tracked",83,,0,,3,,0,
"firstcitizen bank","Not tracked","Not tracked",71,,0,,3,,0,
firstfamilyfcu,"Not tracked","Not tracked",24.67,,0,,3,,0,
"firstrust savings bank","Not tracked","Not tracked",56.33,,0,,3,,0,
"fitz credit union","Not tracked","Not tracked",50.33,,0,,3,,0,
"florida business development corporation","Not tracked","Not tracked",49.33,,0,,3,,0,
"florida commercial collection agency","Not tracked","Not tracked",86.33,,0,,3,,0,
"fort financial","Not tracked","Not tracked",45,,0,,3,,0,
"fort sill federal","Not tracked","Not tracked",38.67,,0,,3,,0,
"four seasons loan","Not tracked","Not tracked",70.67,,0,,3,,0,
"foward bank","Not tracked","Not tracked",47,,0,,3,,0,
"fowler state bank","Not tracked","Not tracked",63.67,,0,,3,,0,
"franklin state bank","Not tracked","Not tracked",69.33,,0,,3,,0,
"fremon bank","Not tracked","Not tracked",41.33,,0,,3,,0,
"fremont bank credit card","Not tracked","Not tracked",86.33,,0,,3,,0,
"fremont bank livermore","Not tracked","Not tracked",54,,0,,3,,0,
"fremont bank livermore california","Not tracked","Not tracked",61.67,,0,,3,,0,
"fremont banking","Not tracked","Not tracked",54.33,,0,,3,,0,
"fremont loan","Not tracked","Not tracked",55,,0,,3,,0,
"garden financial","Not tracked","Not tracked",87,,0,,3,,0,
"gbc finance houston","Not tracked","Not tracked",64.67,,0,,3,,0,
"georgia pawn","Not tracked","Not tracked",37.67,,0,,3,,0,
"georgia united credit union bank","Not tracked","Not tracked",37.67,,0,,3,,0,
"georgia united credit union financial","Not tracked","Not tracked",69,,0,,3,,0,
"geovista credit union","Not tracked","Not tracked",45,,0,,3,,0,
"gerogia united credit union","Not tracked","Not tracked",33,,0,,3,,0,
gerogiaunitedcu,"Not tracked","Not tracked",31.67,,0,,3,,0,
"gfnational bank","Not tracked","Not tracked",38,,0,,3,,0,
"glendale savings","Not tracked","Not tracked",67.67,,0,,3,,0,
glendalefcu,"Not tracked","Not tracked",30,,0,,3,,0,
"glenn falls national bank","Not tracked","Not tracked",40.33,,0,,3,,0,
"glens fall national bank","Not tracked","Not tracked",42.33,,0,,3,,0,
"global credit union business savings","Not tracked","Not tracked",73,,0,,3,,0,
"global credit union checking account","Not tracked","Not tracked",75.67,,0,,3,,0,
"global credit union mastercard","Not tracked","Not tracked",80,,0,,3,,0,
"global credit union member","Not tracked","Not tracked",77.67,,0,,3,,0,
"global credit union savings account","Not tracked","Not tracked",78.67,,0,,3,,0,
globalcu,"Not tracked","Not tracked",55,,0,,3,,0,
"gold rush llc","Not tracked","Not tracked",95.33,,0,,3,,0,
"goodfield state bank","Not tracked","Not tracked",51.33,,0,,3,,0,
"greater metro","Not tracked","Not tracked",62,,0,,3,,0,
"greater metro fcu","Not tracked","Not tracked",45.33,,0,,3,,0,
"greater texas bank","Not tracked","Not tracked",39,,0,,3,,0,
"green river area","Not tracked","Not tracked",58.67,,0,,3,,0,
"greenfield banking company greenfield tn","Not tracked","Not tracked",74.67,,0,,3,,0,
"greenville national bank","Not tracked","Not tracked",63.33,,0,,3,,0,
"gte federal credit union","Not tracked","Not tracked",45.67,,0,,3,,0,
gtefcu,"Not tracked","Not tracked",43.33,,0,,3,,0,
"guaranty bank belzoni","Not tracked","Not tracked",50.33,,0,,3,,0,
"guardian checking account","Not tracked","Not tracked",58.33,,0,,3,,0,
"health net covered california","Not tracked","Not tracked",70.33,,0,,3,,0,
"health net insurance","Not tracked","Not tracked",65.33,,0,,3,,0,
"healthnet medicare","Not tracked","Not tracked",68,,0,,3,,0,
"heritage bank na","Not tracked","Not tracked",51.67,,0,,3,,0,
"herring bank amarillo tx","Not tracked","Not tracked",54.33,,0,,3,,0,
"hfs federal credit union","Not tracked","Not tracked",36.67,,0,,3,,0,
"hfs personal loan","Not tracked","Not tracked",58,,0,,3,,0,
"hills bank and trust leak","Not tracked","Not tracked",58,,0,,3,,0,
"home loan savings bank coshocton","Not tracked","Not tracked",51.33,,0,,3,,0,
"home loan savings bank coshocton oh","Not tracked","Not tracked",62,,0,,3,,0,
"home loan savings bank coshocton ohio","Not tracked","Not tracked",59.67,,0,,3,,0,
"home money global system reviews","Not tracked","Not tracked",28.67,,0,,3,,0,
"homewise reviews","Not tracked","Not tracked",63,,0,,3,,0,
"housing consultants group","Not tracked","Not tracked",66,,0,,3,,0,
"huron community bank oscoda","Not tracked","Not tracked",37.67,,0,,3,,0,
"hyperion bank","Not tracked","Not tracked",64,,0,,3,,0,
"idaho central bank","Not tracked","Not tracked",65,,0,,3,,0,
"idaho credit","Not tracked","Not tracked",65.33,,0,,3,,0,
"ilwu credit union in wilmington","Not tracked","Not tracked",24,,0,,3,,0,
"ilwu cu","Not tracked","Not tracked",27,,0,,3,,0,
"in charge credit counseling","Not tracked","Not tracked",45.67,,0,,3,,0,
"infuze cc","Not tracked","Not tracked",39.33,,0,,3,,0,
"inroads scappoose","Not tracked","Not tracked",39.67,,0,,3,,0,
"instaloan tampa fl","Not tracked","Not tracked",69,,0,,3,,0,
"is security bank good","Not tracked","Not tracked",58,,0,,3,,0,
"is upmc health plan medicaid","Not tracked","Not tracked",72.33,,0,,3,,0,
"jackson county bank credit union","Not tracked","Not tracked",42.67,,0,,3,,0,
"jackson county bank financial","Not tracked","Not tracked",41,,0,,3,,0,
"jackson county bank secure","Not tracked","Not tracked",39.33,,0,,3,,0,
"jackson county federal credit union","Not tracked","Not tracked",77.33,,0,,3,,0,
"jet homeloans reviews","Not tracked","Not tracked",65,,0,,3,,0,
"jet loans","Not tracked","Not tracked",49.67,,0,,3,,0,
"jetstream fcu","Not tracked","Not tracked",29.67,,0,,3,,0,
"justice federal credit union reviews","Not tracked","Not tracked",64,,0,,3,,0,
"kansas city national bank","Not tracked","Not tracked",74.67,,0,,3,,0,
"kinetic bank","Not tracked","Not tracked",38.33,,0,,3,,0,
"kinetic credit","Not tracked","Not tracked",47.67,,0,,3,,0,
"kirtland credit union","Not tracked","Not tracked",30,,0,,3,,0,
"kirtland fcu","Not tracked","Not tracked",30.33,,0,,3,,0,
"koster's cash loans","Not tracked","Not tracked",46.33,,0,,3,,0,
"la porte indiana credit union","Not tracked","Not tracked",68,,0,,3,,0,
"lafd credit union","Not tracked","Not tracked",63.33,,0,,3,,0,
lampco,"Not tracked","Not tracked",61.67,,0,,3,,0,
"laporte community credit union","Not tracked","Not tracked",65.33,,0,,3,,0,
"las vegas pawn shop victorville","Not tracked","Not tracked",94.67,,0,,3,,0,
"las vegas pawn shop victorville california","Not tracked","Not tracked",82,,0,,3,,0,
"legacy bank hinton ok","Not tracked","Not tracked",69,,0,,3,,0,
lendingclub,"Not tracked","Not tracked",86.67,,0,,3,,0,
lendnation,"Not tracked","Not tracked",39,,0,,3,,0,
"lendnation kcmo","Not tracked","Not tracked",60,,0,,3,,0,
"leo hamel jewelry buyers","Not tracked","Not tracked",57.33,,0,,3,,0,
"lfg consulting","Not tracked","Not tracked",92.67,,0,,3,,0,
"liveoak bank","Not tracked","Not tracked",76.33,,0,,3,,0,
"livonia community choice credit union","Not tracked","Not tracked",62.33,,0,,3,,0,
"loan care servicing","Not tracked","Not tracked",39.67,,0,,3,,0,
"loan nation","Not tracked","Not tracked",34.33,,0,,3,,0,
"loan people","Not tracked","Not tracked",81,,0,,3,,0,
"loancare llc virginia beach reviews","Not tracked","Not tracked",50,,0,,3,,0,
"local austin credit unions","Not tracked","Not tracked",69.67,,0,,3,,0,
"local banks","Not tracked","Not tracked",57.67,,0,,3,,0,
"lockhart bank","Not tracked","Not tracked",70.33,,0,,3,,0,
"lockhart national bank","Not tracked","Not tracked",51.33,,0,,3,,0,
"lone star financing reviews","Not tracked","Not tracked",54.67,,0,,3,,0,
"luckmore finance","Not tracked","Not tracked",54,,0,,3,,0,
"lynchburg virginia credit union","Not tracked","Not tracked",84,,0,,3,,0,
"mainstreet bank","Not tracked","Not tracked",67,,0,,3,,0,
"malden federal credit union","Not tracked","Not tracked",46.67,,0,,3,,0,
"malden teachers credit union","Not tracked","Not tracked",58,,0,,3,,0,
"manasquan cd rates","Not tracked","Not tracked",36.33,,0,,3,,0,
"marine finance company","Not tracked","Not tracked",49,,0,,3,,0,
"mccoy credit union","Not tracked","Not tracked",40.67,,0,,3,,0,
"mccoy federal","Not tracked","Not tracked",39.67,,0,,3,,0,
"mcu mortgage loan reviews","Not tracked","Not tracked",45.67,,0,,3,,0,
"medina county federal credit union","Not tracked","Not tracked",58.33,,0,,3,,0,
"members first nj","Not tracked","Not tracked",40,,0,,3,,0,
"members first of nj","Not tracked","Not tracked",38,,0,,3,,0,
"mercantile banking","Not tracked","Not tracked",39.33,,0,,3,,0,
"mercedes benz of seattle","Not tracked","Not tracked",60.67,,0,,3,,0,
"merchants and citizens bank","Not tracked","Not tracked",63,,0,,3,,0,
"mercury sf","Not tracked","Not tracked",77.33,,0,,3,,0,
"meriwest mortgage","Not tracked","Not tracked",78,,0,,3,,0,
"mesa title loans","Not tracked","Not tracked",85,,0,,3,,0,
"metro north fcu","Not tracked","Not tracked",77.33,,0,,3,,0,
"metrobank new york","Not tracked","Not tracked",65.33,,0,,3,,0,
"michigan bank","Not tracked","Not tracked",86,,0,,3,,0,
"mid 1st bank","Not tracked","Not tracked",61.67,,0,,3,,0,
"mid atlantic credit management","Not tracked","Not tracked",68,,0,,3,,0,
"mid first bank and trust","Not tracked","Not tracked",67,,0,,3,,0,
"mid hudson valley bank","Not tracked","Not tracked",52.67,,0,,3,,0,
"mid hudson valley fcu","Not tracked","Not tracked",59.33,,0,,3,,0,
"midfirst bank.","Not tracked","Not tracked",59,,0,,3,,0,
"midfirst bank.com","Not tracked","Not tracked",26.33,,0,,3,,0,
"midwest family federal credit union","Not tracked","Not tracked",82.67,,0,,3,,0,
"mifflin county savings bank","Not tracked","Not tracked",39,,0,,3,,0,
"mil way","Not tracked","Not tracked",44.33,,0,,3,,0,
"milford federal bank","Not tracked","Not tracked",44.67,,0,,3,,0,
"milway federal credit union","Not tracked","Not tracked",54,,0,,3,,0,
"milway federal credit union routing number","Not tracked","Not tracked",77.33,,0,,3,,0,
"misfirst bank","Not tracked","Not tracked",76.33,,0,,3,,0,
"mj auto sales oklahoma","Not tracked","Not tracked",56.67,,0,,3,,0,
"moneygram check cashing","Not tracked","Not tracked",52.67,,0,,3,,0,
"moody national bank galveston","Not tracked","Not tracked",59.67,,0,,3,,0,
"mulligan funding reviews","Not tracked","Not tracked",55.67,,0,,3,,0,
"mutual credit union","Not tracked","Not tracked",60,,0,,3,,0,
"my city personal loans","Not tracked","Not tracked",72.67,,0,,3,,0,
"naca detroit office","Not tracked","Not tracked",27.67,,0,,3,,0,
"nation lending","Not tracked","Not tracked",74.67,,0,,3,,0,
"national bank of texas burleson","Not tracked","Not tracked",70.33,,0,,3,,0,
"national funding","Not tracked","Not tracked",75.67,,0,,3,,0,
"national valley bank","Not tracked","Not tracked",34,,0,,3,,0,
"nave money","Not tracked","Not tracked",50,,0,,3,,0,
"navicore solutions","Not tracked","Not tracked",36.33,,0,,3,,0,
nbtbank,"Not tracked","Not tracked",51.67,,0,,3,,0,
"ncpd credit union","Not tracked","Not tracked",48.67,,0,,3,,0,
"neches fcu personal loans","Not tracked","Not tracked",60.67,,0,,3,,0,
"neches fcu rates","Not tracked","Not tracked",59.67,,0,,3,,0,
"neighborhood home solutions","Not tracked","Not tracked",74,,0,,3,,0,
"neighborhood works great falls mt","Not tracked","Not tracked",50.33,,0,,3,,0,
"neighborworks great falls","Not tracked","Not tracked",59.33,,0,,3,,0,
"new castle bellco","Not tracked","Not tracked",41.67,,0,,3,,0,
"new hampshire mutual savings bank of walpole","Not tracked","Not tracked",73.33,,0,,3,,0,
"new york business development corp","Not tracked","Not tracked",46,,0,,3,,0,
"nfg 2","Not tracked","Not tracked",56.67,,0,,3,,0,
"no easton savings bank","Not tracked","Not tracked",48.67,,0,,3,,0,
"nomad credit","Not tracked","Not tracked",44.33,,0,,3,,0,
"norfolk community","Not tracked","Not tracked",93.33,,0,,3,,0,
"norfolk federal credit union","Not tracked","Not tracked",68,,0,,3,,0,
"north american savings bank grandview mo","Not tracked","Not tracked",77,,0,,3,,0,
"north american savings bank reviews","Not tracked","Not tracked",66,,0,,3,,0,
"north coast credit union cd rates","Not tracked","Not tracked",75,,0,,3,,0,
"north easton savings bank online banking","Not tracked","Not tracked",35.67,,0,,3,,0,
"north idaho credit union","Not tracked","Not tracked",36.67,,0,,3,,0,
"northeastern title loan","Not tracked","Not tracked",49.33,,0,,3,,0,
"northwestern bank cornell wi","Not tracked","Not tracked",52.67,,0,,3,,0,
"norway savings","Not tracked","Not tracked",47.33,,0,,3,,0,
"norway savings bank norway maine","Not tracked","Not tracked",52,,0,,3,,0,
"nova credit reviews","Not tracked","Not tracked",53.33,,0,,3,,0,
nuseda,"Not tracked","Not tracked",40,,0,,3,,0,
"nuvision credit union reviews","Not tracked","Not tracked",59,,0,,3,,0,
"nuvision federal credit union review","Not tracked","Not tracked",61,,0,,3,,0,
"obee credit union","Not tracked","Not tracked",42,,0,,3,,0,
"oconee federal savings and loan","Not tracked","Not tracked",56.67,,0,,3,,0,
"oconee state bank watkinsville ga","Not tracked","Not tracked",51.67,,0,,3,,0,
"old missouri bank review","Not tracked","Not tracked",61,,0,,3,,0,
"on point home loans","Not tracked","Not tracked",84,,0,,3,,0,
"one trust mortgage","Not tracked","Not tracked",60,,0,,3,,0,
"oneaz credit union scam","Not tracked","Not tracked",58,,0,,3,,0,
"onemain financial charlotte","Not tracked","Not tracked",71,,0,,3,,0,
"onemain financial charlotte nc","Not tracked","Not tracked",70.67,,0,,3,,0,
"onemain financial kansas city","Not tracked","Not tracked",59.33,,0,,3,,0,
"onemain financial raleigh nc","Not tracked","Not tracked",61.33,,0,,3,,0,
"online atm","Not tracked","Not tracked",93.33,,0,,3,,0,
"open bank near me","Not tracked","Not tracked",61,,0,,3,,0,
"openland cu","Not tracked","Not tracked",29,,0,,3,,0,
"oportun phoenix","Not tracked","Not tracked",47.33,,0,,3,,0,
"orion credit","Not tracked","Not tracked",58,,0,,3,,0,
"ozark federal credit union cape girardeau reviews","Not tracked","Not tracked",10,,0,,3,,0,
"ozark federal farmington mo","Not tracked","Not tracked",56.33,,0,,3,,0,
"ozarks federal savings and loan","Not tracked","Not tracked",46.33,,0,,3,,0,
"pacific cascade credit union","Not tracked","Not tracked",53,,0,,3,,0,
"pacific cash advance hours","Not tracked","Not tracked",51.67,,0,,3,,0,
"panhandle first bank","Not tracked","Not tracked",46.33,,0,,3,,0,
"paradise pawnbrokers inc","Not tracked","Not tracked",56,,0,,3,,0,
"park place finance","Not tracked","Not tracked",60.33,,0,,3,,0,
"park place finance austin","Not tracked","Not tracked",57.67,,0,,3,,0,
"parkview federal credit union","Not tracked","Not tracked",38,,0,,3,,0,
"partner colorado","Not tracked","Not tracked",46.67,,0,,3,,0,
"pawn shop essex md","Not tracked","Not tracked",51,,0,,3,,0,
"pawn shop georgetown tx","Not tracked","Not tracked",60,,0,,3,,0,
"pawn shop haltom city","Not tracked","Not tracked",77.67,,0,,3,,0,
"pawn shop in marrero","Not tracked","Not tracked",69.33,,0,,3,,0,
"pawn shop san diego","Not tracked","Not tracked",63.67,,0,,3,,0,
"pawn shop van nuys","Not tracked","Not tracked",74.33,,0,,3,,0,
"pawn shops austin","Not tracked","Not tracked",41.67,,0,,3,,0,
"pawn shops clinton township","Not tracked","Not tracked",51.33,,0,,3,,0,
"pawn shops denver","Not tracked","Not tracked",61.33,,0,,3,,0,
"pawn shops in albuquerque new mexico","Not tracked","Not tracked",67,,0,,3,,0,
"pawn shops in buckhead","Not tracked","Not tracked",61,,0,,3,,0,
"pawn shops in buckhead atlanta","Not tracked","Not tracked",71.67,,0,,3,,0,
"payment nerds","Not tracked","Not tracked",48.67,,0,,3,,0,
"people credit","Not tracked","Not tracked",92.33,,0,,3,,0,
"people national bank","Not tracked","Not tracked",70.67,,0,,3,,0,
"peoples credit union","Not tracked","Not tracked",66.67,,0,,3,,0,
"peoples national bank centralia il","Not tracked","Not tracked",56.33,,0,,3,,0,
"personal loan rockland trust","Not tracked","Not tracked",41,,0,,3,,0,
"personal loans northwestern bank","Not tracked","Not tracked",68.33,,0,,3,,0,
"pfb bank","Not tracked","Not tracked",95.33,,0,,3,,0,
"pilgrim mortgage reviews","Not tracked","Not tracked",28.67,,0,,3,,0,
"pima federal credit union reviews","Not tracked","Not tracked",55.33,,0,,3,,0,
"pioneer debt consolidation","Not tracked","Not tracked",49.67,,0,,3,,0,
"plainscapital bank credit card features","Not tracked","Not tracked",51,,0,,3,,0,
plainscapitalbank,"Not tracked","Not tracked",37.67,,0,,3,,0,
"plato's closet fort worth","Not tracked","Not tracked",56,,0,,3,,0,
"pls check cashers reviews","Not tracked","Not tracked",45.67,,0,,3,,0,
"plus atm","Not tracked","Not tracked",93,,0,,3,,0,
"pomona pawn","Not tracked","Not tracked",57,,0,,3,,0,
"precious metals group","Not tracked","Not tracked",90,,0,,3,,0,
"precious metals portland oregon","Not tracked","Not tracked",86.33,,0,,3,,0,
"premier members","Not tracked","Not tracked",49,,0,,3,,0,
"premier members cu","Not tracked","Not tracked",69,,0,,3,,0,
"premier members federal credit union","Not tracked","Not tracked",63,,0,,3,,0,
"priority trust","Not tracked","Not tracked",49,,0,,3,,0,
"propel credit union","Not tracked","Not tracked",45,,0,,3,,0,
"qc loans","Not tracked","Not tracked",81,,0,,3,,0,
"railway bank","Not tracked","Not tracked",62.33,,0,,3,,0,
"railway credit union bismarck","Not tracked","Not tracked",41,,0,,3,,0,
"railway credit union mandan","Not tracked","Not tracked",35.67,,0,,3,,0,
"rays check cashing reviews","Not tracked","Not tracked",42.67,,0,,3,,0,
"red canoe car loan rates","Not tracked","Not tracked",87,,0,,3,,0,
"red canoe castle rock","Not tracked","Not tracked",51,,0,,3,,0,
"red canoe credit union cd rates","Not tracked","Not tracked",64.33,,0,,3,,0,
"red canoe federal way","Not tracked","Not tracked",63,,0,,3,,0,
"red noland cadillac","Not tracked","Not tracked",45.67,,0,,3,,0,
"regional credit","Not tracked","Not tracked",48,,0,,3,,0,
"regional finance","Not tracked","Not tracked",36.33,,0,,3,,0,
"regional finance asheboro nc","Not tracked","Not tracked",47.67,,0,,3,,0,
"regional finance cookeville tn","Not tracked","Not tracked",43.67,,0,,3,,0,
"regional finance jackson tn","Not tracked","Not tracked",47,,0,,3,,0,
"regional finance okc","Not tracked","Not tracked",37,,0,,3,,0,
"regional finance oklahoma city","Not tracked","Not tracked",34.67,,0,,3,,0,
"regional finance raleigh nc","Not tracked","Not tracked",45.33,,0,,3,,0,
"regional finance reviews","Not tracked","Not tracked",64,,0,,3,,0,
"regional loans","Not tracked","Not tracked",28.67,,0,,3,,0,
"reliabank sioux falls sd","Not tracked","Not tracked",73.33,,0,,3,,0,
"reliant capital solutions reviews","Not tracked","Not tracked",44.33,,0,,3,,0,
"rent debt","Not tracked","Not tracked",89.33,,0,,3,,0,
"republic finance austin","Not tracked","Not tracked",45.67,,0,,3,,0,
"reputable personal loan lenders","Not tracked","Not tracked",93.67,,0,,3,,0,
"rio bank mcallen tx","Not tracked","Not tracked",51,,0,,3,,0,
"river city federal credit union san antonio","Not tracked","Not tracked",34.33,,0,,3,,0,
"rivercity fcu","Not tracked","Not tracked",38.33,,0,,3,,0,
"rocket financial services","Not tracked","Not tracked",79.33,,0,,3,,0,
"rockland trust auto loans","Not tracked","Not tracked",77.33,,0,,3,,0,
"rok financial reviews","Not tracked","Not tracked",72.67,,0,,3,,0,
rokfi,"Not tracked","Not tracked",48,,0,,3,,0,
rokfinancial,"Not tracked","Not tracked",74,,0,,3,,0,
"rolls royce motor cars manhattan","Not tracked","Not tracked",86.67,,0,,3,,0,
"rolls-royce motor cars charlotte","Not tracked","Not tracked",63,,0,,3,,0,
"roswell community credit union","Not tracked","Not tracked",60.33,,0,,3,,0,
"rs bellco fcu","Not tracked","Not tracked",44,,0,,3,,0,
"russell country federal credit","Not tracked","Not tracked",36,,0,,3,,0,
"sagesure claims number","Not tracked","Not tracked",95.67,,0,,3,,0,
"san antonio federal credit union texas","Not tracked","Not tracked",48,,0,,3,,0,
"san jose debt management","Not tracked","Not tracked",87,,0,,3,,0,
"sandia area federal credit union","Not tracked","Not tracked",44.33,,0,,3,,0,
"sandia federal credit union","Not tracked","Not tracked",45.67,,0,,3,,0,
"saratoga national bank and trust","Not tracked","Not tracked",45.33,,0,,3,,0,
"saratoga national bank and trust co","Not tracked","Not tracked",37,,0,,3,,0,
"savings bank of massachusetts","Not tracked","Not tracked",85.67,,0,,3,,0,
"seattle metro cu","Not tracked","Not tracked",59.33,,0,,3,,0,
"security bank bank","Not tracked","Not tracked",96,,0,,3,,0,
"senate federal credit union","Not tracked","Not tracked",38,,0,,3,,0,
"sewell lexus pre owned dallas","Not tracked","Not tracked",57.67,,0,,3,,0,
"sewell lexus used cars","Not tracked","Not tracked",81.33,,0,,3,,0,
"sewell pre owned lexus","Not tracked","Not tracked",56,,0,,3,,0,
"sewell used cars dallas","Not tracked","Not tracked",70,,0,,3,,0,
"shamrock bank clayton ok","Not tracked","Not tracked",56,,0,,3,,0,
"sharon bank login","Not tracked","Not tracked",25.33,,0,,3,,0,
"sharon credit","Not tracked","Not tracked",49.67,,0,,3,,0,
"sharon credit union foxboro","Not tracked","Not tracked",51.67,,0,,3,,0,
"skyline payments","Not tracked","Not tracked",86,,0,,3,,0,
"smartbank gatlinburg tn","Not tracked","Not tracked",49.67,,0,,3,,0,
"smartbank pigeon forge","Not tracked","Not tracked",52.33,,0,,3,,0,
smartfinancial,"Not tracked","Not tracked",73.67,,0,,3,,0,
"smith financial llc","Not tracked","Not tracked",82.33,,0,,3,,0,
"smyrna pawn","Not tracked","Not tracked",53,,0,,3,,0,
"south bay credit union","Not tracked","Not tracked",47.67,,0,,3,,0,
"south central bank elizabethtown kentucky","Not tracked","Not tracked",52,,0,,3,,0,
"south central bank inc","Not tracked","Not tracked",41.67,,0,,3,,0,
"south central bank owensboro","Not tracked","Not tracked",41,,0,,3,,0,
"southeast financial credit union auto loan","Not tracked","Not tracked",69.33,,0,,3,,0,
"southeast financial services","Not tracked","Not tracked",80.33,,0,,3,,0,
"southland credit union santa monica","Not tracked","Not tracked",46,,0,,3,,0,
"southwest recovery","Not tracked","Not tracked",48.33,,0,,3,,0,
"southwest recovery ser","Not tracked","Not tracked",49.33,,0,,3,,0,
"southwest title loans","Not tracked","Not tracked",47,,0,,3,,0,
"space coast credit union","Not tracked","Not tracked",43,,0,,3,,0,
"space coast credit union miami","Not tracked","Not tracked",28.67,,0,,3,,0,
"space coast credit union miami-dade","Not tracked","Not tracked",26,,0,,3,,0,
"speedy cash in arlington texas","Not tracked","Not tracked",76,,0,,3,,0,
"speedy cash phoenix","Not tracked","Not tracked",67.33,,0,,3,,0,
"speedy cash scottsdale az","Not tracked","Not tracked",69.33,,0,,3,,0,
"spero credit card","Not tracked","Not tracked",69.67,,0,,3,,0,
"spero online loan pay","Not tracked","Not tracked",60,,0,,3,,0,
"sphero financial","Not tracked","Not tracked",31.67,,0,,3,,0,
"spirit of alaska fcu","Not tracked","Not tracked",35,,0,,3,,0,
"spoton capital","Not tracked","Not tracked",65.67,,0,,3,,0,
"st mary's credit","Not tracked","Not tracked",58.33,,0,,3,,0,
"star one credit union checking account","Not tracked","Not tracked",67.67,,0,,3,,0,
"sterling bank cape","Not tracked","Not tracked",73,,0,,3,,0,
"stifel bank and trust","Not tracked","Not tracked",68.67,,0,,3,,0,
"student auto title loans glendale","Not tracked","Not tracked",77.67,,0,,3,,0,
"summit bank petaluma","Not tracked","Not tracked",50,,0,,3,,0,
sunloans,"Not tracked","Not tracked",31.67,,0,,3,,0,
"superior national bank","Not tracked","Not tracked",62.67,,0,,3,,0,
"swap shop irwin pa","Not tracked","Not tracked",48.67,,0,,3,,0,
"telcoe credit union","Not tracked","Not tracked",40.33,,0,,3,,0,
"tenn valley credit union","Not tracked","Not tracked",60,,0,,3,,0,
"texan credit corp","Not tracked","Not tracked",31,,0,,3,,0,
"texas credit loan","Not tracked","Not tracked",28.33,,0,,3,,0,
"texas exchange bank crowley tx","Not tracked","Not tracked",65.67,,0,,3,,0,
"texas title max","Not tracked","Not tracked",81,,0,,3,,0,
"texas trust federal credit union","Not tracked","Not tracked",50.33,,0,,3,,0,
"the adirondack trust company review","Not tracked","Not tracked",49.33,,0,,3,,0,
"the colorado mortgage team","Not tracked","Not tracked",79.33,,0,,3,,0,
"the commercial bank mason tx","Not tracked","Not tracked",77.33,,0,,3,,0,
"the debt management group","Not tracked","Not tracked",74,,0,,3,,0,
"the equitable bank","Not tracked","Not tracked",61.33,,0,,3,,0,
"the first citizens bank","Not tracked","Not tracked",52.33,,0,,3,,0,
"the lenders group","Not tracked","Not tracked",94,,0,,3,,0,
"the pawn man","Not tracked","Not tracked",74,,0,,3,,0,
"the wright credit union","Not tracked","Not tracked",58.67,,0,,3,,0,
"third federal bank","Not tracked","Not tracked",56.67,,0,,3,,0,
thirdfederal,"Not tracked","Not tracked",61,,0,,3,,0,
"thomaston bank","Not tracked","Not tracked",45.67,,0,,3,,0,
"tidal loans reviews","Not tracked","Not tracked",52,,0,,3,,0,
"tigard pawn 4 more","Not tracked","Not tracked",48.33,,0,,3,,0,
"time financial company","Not tracked","Not tracked",68.67,,0,,3,,0,
"titan credit line","Not tracked","Not tracked",95.33,,0,,3,,0,
"title loans pearland","Not tracked","Not tracked",69.33,,0,,3,,0,
"title loans rock hill sc","Not tracked","Not tracked",92,,0,,3,,0,
"title max.com","Not tracked","Not tracked",26,,0,,3,,0,
"titlemax atlanta","Not tracked","Not tracked",67.33,,0,,3,,0,
"titlemax loan","Not tracked","Not tracked",50.33,,0,,3,,0,
"tn bank atm card","Not tracked","Not tracked",73.67,,0,,3,,0,
"tn bank business digital banking","Not tracked","Not tracked",66.33,,0,,3,,0,
"tn bank commercial debit card","Not tracked","Not tracked",72.33,,0,,3,,0,
"tn bank digital banking","Not tracked","Not tracked",46,,0,,3,,0,
"tom thomas legal reviews","Not tracked","Not tracked",40,,0,,3,,0,
"tower federal credit union reviews","Not tracked","Not tracked",69.33,,0,,3,,0,
"town square mortgage reviews","Not tracked","Not tracked",61,,0,,3,,0,
"trading post northwest","Not tracked","Not tracked",71.67,,0,,3,,0,
"tri valley bank","Not tracked","Not tracked",74,,0,,3,,0,
"trivalley bank","Not tracked","Not tracked",49.33,,0,,3,,0,
"trubank login","Not tracked","Not tracked",24,,0,,3,,0,
"trumark financial credit union scam","Not tracked","Not tracked",82.33,,0,,3,,0,
trunorth,"Not tracked","Not tracked",92.67,,0,,3,,0,
"trust bank review","Not tracked","Not tracked",81,,0,,3,,0,
"trust co","Not tracked","Not tracked",81,,0,,3,,0,
"tulane university of louisiana loans","Not tracked","Not tracked",59.33,,0,,3,,0,
"tvfcu bank","Not tracked","Not tracked",40,,0,,3,,0,
"tvfcu credit union","Not tracked","Not tracked",41.33,,0,,3,,0,
"ufcw local 1776 fcu","Not tracked","Not tracked",46.67,,0,,3,,0,
"union county bank","Not tracked","Not tracked",72.33,,0,,3,,0,
"union county savings bank cd rates","Not tracked","Not tracked",87,,0,,3,,0,
"union pacific streamliner credit union","Not tracked","Not tracked",52.33,,0,,3,,0,
"united bank business loan","Not tracked","Not tracked",94,,0,,3,,0,
"united business funding","Not tracked","Not tracked",98,,0,,3,,0,
"united minnesota bank new london mn","Not tracked","Not tracked",35.67,,0,,3,,0,
"united mn bank","Not tracked","Not tracked",67.67,,0,,3,,0,
"united states senate federal credit union","Not tracked","Not tracked",49.33,,0,,3,,0,
"unity bank auto loans","Not tracked","Not tracked",94.67,,0,,3,,0,
"unity catholic","Not tracked","Not tracked",67,,0,,3,,0,
"unity loans","Not tracked","Not tracked",93.67,,0,,3,,0,
"up arkansas","Not tracked","Not tracked",74,,0,,3,,0,
"up employees federal credit union","Not tracked","Not tracked",65,,0,,3,,0,
"upmc health plan marketplace","Not tracked","Not tracked",65,,0,,3,,0,
"upmc insurance","Not tracked","Not tracked",50,,0,,3,,0,
"upmc insurance coverage","Not tracked","Not tracked",31.33,,0,,3,,0,
"upmc medical insurance","Not tracked","Not tracked",33.67,,0,,3,,0,
"uptown mortgage","Not tracked","Not tracked",76.67,,0,,3,,0,
"ur approved credit reviews","Not tracked","Not tracked",31.67,,0,,3,,0,
"us bridging loan fast","Not tracked","Not tracked",86.67,,0,,3,,0,
"utah credit","Not tracked","Not tracked",81.33,,0,,3,,0,
"va national bank","Not tracked","Not tracked",46.33,,0,,3,,0,
"valley 1st credit union","Not tracked","Not tracked",66.33,,0,,3,,0,
"valley bank of commerce roswell nm","Not tracked","Not tracked",69.33,,0,,3,,0,
"valley bank passaic","Not tracked","Not tracked",55,,0,,3,,0,
"valley first accounts","Not tracked","Not tracked",63.67,,0,,3,,0,
"valley first credit union","Not tracked","Not tracked",57.67,,0,,3,,0,
"valley first credit union online banking","Not tracked","Not tracked",53.33,,0,,3,,0,
"valley first lines of credit","Not tracked","Not tracked",62.33,,0,,3,,0,
"valley first planning","Not tracked","Not tracked",69,,0,,3,,0,
"valley first services","Not tracked","Not tracked",72,,0,,3,,0,
"valley national bank passaic","Not tracked","Not tracked",62.67,,0,,3,,0,
"vanderbilt credit union","Not tracked","Not tracked",61,,0,,3,,0,
"vccu rates","Not tracked","Not tracked",43.33,,0,,3,,0,
"vegas watch loan","Not tracked","Not tracked",93,,0,,3,,0,
"ventura county bank","Not tracked","Not tracked",48,,0,,3,,0,
"ventura county credit","Not tracked","Not tracked",40.67,,0,,3,,0,
"ventura credit union","Not tracked","Not tracked",47,,0,,3,,0,
"verity credit","Not tracked","Not tracked",49.67,,0,,3,,0,
"vibrant credit card","Not tracked","Not tracked",91,,0,,3,,0,
"vibrant online banking","Not tracked","Not tracked",51.67,,0,,3,,0,
"virginia national","Not tracked","Not tracked",58,,0,,3,,0,
"vision financial durham nc","Not tracked","Not tracked",40,,0,,3,,0,
"vocal credit union online banking","Not tracked","Not tracked",46.33,,0,,3,,0,
"vumc credit union","Not tracked","Not tracked",55.33,,0,,3,,0,
wafd,"Not tracked","Not tracked",70.67,,0,,3,,0,
"wailuku fcu","Not tracked","Not tracked",34.67,,0,,3,,0,
"walpole cooperative bank","Not tracked","Not tracked",63.67,,0,,3,,0,
"walpole cooperative bank cd rates","Not tracked","Not tracked",68,,0,,3,,0,
"walpole savings bank","Not tracked","Not tracked",43.33,,0,,3,,0,
"washington bank lowell ma","Not tracked","Not tracked",27.33,,0,,3,,0,
"washington saving bank","Not tracked","Not tracked",61.67,,0,,3,,0,
"washington savings bank dracut","Not tracked","Not tracked",26.67,,0,,3,,0,
"waterford bank perrysburg","Not tracked","Not tracked",40,,0,,3,,0,
"waterford bank waterford ohio","Not tracked","Not tracked",76.33,,0,,3,,0,
"waterford commercial bank","Not tracked","Not tracked",51,,0,,3,,0,
"wave credit union","Not tracked","Not tracked",57.67,,0,,3,,0,
wbvfcu,"Not tracked","Not tracked",27,,0,,3,,0,
"wesbanco vienna wv","Not tracked","Not tracked",42.67,,0,,3,,0,
"wesbanco wv","Not tracked","Not tracked",40.67,,0,,3,,0,
wescom,"Not tracked","Not tracked",75.33,,0,,3,,0,
"west branch valley credit union","Not tracked","Not tracked",49.67,,0,,3,,0,
"western sun credit union","Not tracked","Not tracked",40.67,,0,,3,,0,
"westside la luxury loan","Not tracked","Not tracked",59,,0,,3,,0,
"wexford credit union","Not tracked","Not tracked",35,,0,,3,,0,
"whitman check cashing","Not tracked","Not tracked",47,,0,,3,,0,
"wilmington police and fire fcu","Not tracked","Not tracked",68.67,,0,,3,,0,
"wilmington trust savings account","Not tracked","Not tracked",34,,0,,3,,0,
"woodmen financial services","Not tracked","Not tracked",75.67,,0,,3,,0,
"woodmen life","Not tracked","Not tracked",62.67,,0,,3,,0,
"woodsfield savings bank","Not tracked","Not tracked",48.33,,0,,3,,0,
"xcel credit union","Not tracked","Not tracked",43.67,,0,,3,,0,
"your legacy","Not tracked","Not tracked",75.67,,0,,3,,0,
"zing credit","Not tracked","Not tracked",44.67,,0,,3,,0,
"zing funding reviews","Not tracked","Not tracked",43.67,,0,,3,,0,
"affordable debt consolidation, san antonio, texas 78205","Not tracked","Not tracked",11,,0,,2,,0,
"clarifi - consumer credit counseling service of delaware valley west chester","Not tracked","Not tracked",10.5,,0,,2,,0,
"credit restoration of texas 78229","Not tracked","Not tracked",39,,0,,2,,0,
"debt consolidation austin texas 78759","Not tracked","Not tracked",20.5,,0,,2,,0,
"debt consolidation austin texas 9420 research blvd","Not tracked","Not tracked",11,,0,,2,,0,
"debt redemption - texas debt relief 78216","Not tracked","Not tracked",43.5,,0,,2,,0,
"financial rescue llc 95113","Not tracked","Not tracked",47,,0,,2,,0,
"first national bullion del mar 1125 camino del mar unit c","Not tracked","Not tracked",15.5,,0,,2,,0,
"good credit 4 life austin","Not tracked","Not tracked",12,,0,,2,,0,
"tax workout group","Not tracked","Not tracked",2.5,,0,,2,,0,
#firstcitycu,"Not tracked","Not tracked",92,,0,,2,,0,
"113102714 routing","Not tracked","Not tracked",27.5,,0,,2,,0,
"1199 credit union loan","Not tracked","Not tracked",89.5,,0,,2,,0,
"1892 founders club checking fairfield il","Not tracked","Not tracked",9.5,,0,,2,,0,
"1892 founders club checking louisville il","Not tracked","Not tracked",11.5,,0,,2,,0,
"1st choice credit","Not tracked","Not tracked",60.5,,0,,2,,0,
"1st city cu","Not tracked","Not tracked",75.5,,0,,2,,0,
"1st fidelity bank","Not tracked","Not tracked",68,,0,,2,,0,
"1st lockhart national bank","Not tracked","Not tracked",53.5,,0,,2,,0,
"1st mid america","Not tracked","Not tracked",27.5,,0,,2,,0,
"1st security bank deer lodge","Not tracked","Not tracked",68.5,,0,,2,,0,
"1st security bank deer lodge montana","Not tracked","Not tracked",82,,0,,2,,0,
"3 rivers fort wayne","Not tracked","Not tracked",39.5,,0,,2,,0,
"3rd federal","Not tracked","Not tracked",58.5,,0,,2,,0,
"4front credit union home loan rates","Not tracked","Not tracked",81,,0,,2,,0,
"4front credit union savings account","Not tracked","Not tracked",68.5,,0,,2,,0,
"4front savings account","Not tracked","Not tracked",69,,0,,2,,0,
"5 star credit builder","Not tracked","Not tracked",80,,0,,2,,0,
"77th depot credit union","Not tracked","Not tracked",74.5,,0,,2,,0,
"a 1 check cashing","Not tracked","Not tracked",62,,0,,2,,0,
"aa credit union bank","Not tracked","Not tracked",55,,0,,2,,0,
"abco fcu","Not tracked","Not tracked",70,,0,,2,,0,
"aberdeen federal credit union","Not tracked","Not tracked",68,,0,,2,,0,
"aberdeen proving ground credit union","Not tracked","Not tracked",59,,0,,2,,0,
"aberdeen proving ground federal credit union spam","Not tracked","Not tracked",45.5,,0,,2,,0,
aberdeen+proving+ground+federal+credit+union+dump,"Not tracked","Not tracked",60,,0,,2,,0,
"absolute credit","Not tracked","Not tracked",94,,0,,2,,0,
"absolute mortgage and lending","Not tracked","Not tracked",59,,0,,2,,0,
academybankco,"Not tracked","Not tracked",72,,0,,2,,0,
"ace advance cash loans","Not tracked","Not tracked",29,,0,,2,,0,
"ace cash anaheim","Not tracked","Not tracked",53,,0,,2,,0,
"ace cash express tampa fl","Not tracked","Not tracked",55.5,,0,,2,,0,
"ace cash san antonio","Not tracked","Not tracked",44,,0,,2,,0,
"ace check cashing loans","Not tracked","Not tracked",29.5,,0,,2,,0,
"ace express cash","Not tracked","Not tracked",45.5,,0,,2,,0,
"ace express cash loans","Not tracked","Not tracked",45.5,,0,,2,,0,
"ace express loans","Not tracked","Not tracked",39.5,,0,,2,,0,
"ace payday loan","Not tracked","Not tracked",42.5,,0,,2,,0,
"acme continental credit union","Not tracked","Not tracked",55.5,,0,,2,,0,
"acu credit union","Not tracked","Not tracked",76,,0,,2,,0,
"adams community bank mortgage rates","Not tracked","Not tracked",82,,0,,2,,0,
"advance america hammond indiana","Not tracked","Not tracked",66,,0,,2,,0,
"advance america las vegas","Not tracked","Not tracked",81.5,,0,,2,,0,
"advance cash express inc","Not tracked","Not tracked",34.5,,0,,2,,0,
"advance financial antioch tn","Not tracked","Not tracked",45.5,,0,,2,,0,
"advance financial madison tn","Not tracked","Not tracked",59,,0,,2,,0,
"advance point capital bbb","Not tracked","Not tracked",60.5,,0,,2,,0,
"advanced financials","Not tracked","Not tracked",85,,0,,2,,0,
"advancial auto loan rates","Not tracked","Not tracked",53.5,,0,,2,,0,
"advancial cu","Not tracked","Not tracked",41.5,,0,,2,,0,
"advancial financial","Not tracked","Not tracked",38,,0,,2,,0,
"advancial financial credit union","Not tracked","Not tracked",48,,0,,2,,0,
advanical,"Not tracked","Not tracked",39.5,,0,,2,,0,
"advantage mortgage","Not tracked","Not tracked",97.5,,0,,2,,0,
"advantage plus credit union terre haute","Not tracked","Not tracked",64.5,,0,,2,,0,
"advantage plus credit union terre haute indiana","Not tracked","Not tracked",69,,0,,2,,0,
"advantage plus of indiana","Not tracked","Not tracked",63,,0,,2,,0,
"advantageplus of indiana fcu","Not tracked","Not tracked",67,,0,,2,,0,
advantial,"Not tracked","Not tracked",30.5,,0,,2,,0,
"affinity first federal credit union","Not tracked","Not tracked",57,,0,,2,,0,
"affinity plus refinance rates","Not tracked","Not tracked",77,,0,,2,,0,
"afgm credit union","Not tracked","Not tracked",58,,0,,2,,0,
"aftra sag credit union","Not tracked","Not tracked",54.5,,0,,2,,0,
"aftra sag fcu","Not tracked","Not tracked",29,,0,,2,,0,
"alabama educators credit union","Not tracked","Not tracked",58.5,,0,,2,,0,
"albuquerque nm pawn shops","Not tracked","Not tracked",58.5,,0,,2,,0,
"albuquerque pawn","Not tracked","Not tracked",61,,0,,2,,0,
"alden state bank lancaster ny","Not tracked","Not tracked",34.5,,0,,2,,0,
"alexandria va credit union signature loan","Not tracked","Not tracked",84,,0,,2,,0,
"alive credit union jacksonville","Not tracked","Not tracked",34.5,,0,,2,,0,
"all american payday loans","Not tracked","Not tracked",52,,0,,2,,0,
"alley financial","Not tracked","Not tracked",32.5,,0,,2,,0,
"alliance financial services reviews","Not tracked","Not tracked",55,,0,,2,,0,
alliantcu,"Not tracked","Not tracked",68,,0,,2,,0,
"allied federal credit union reviews","Not tracked","Not tracked",71.5,,0,,2,,0,
"ally bank philadelphia","Not tracked","Not tracked",79.5,,0,,2,,0,
"ally financial inc","Not tracked","Not tracked",35.5,,0,,2,,0,
"ally financial inc.","Not tracked","Not tracked",36,,0,,2,,0,
"ally financials","Not tracked","Not tracked",45.5,,0,,2,,0,
"als check cashing","Not tracked","Not tracked",43,,0,,2,,0,
"altabank alpine","Not tracked","Not tracked",87,,0,,2,,0,
"alternative lending solutions","Not tracked","Not tracked",79.5,,0,,2,,0,
"amarillo community federal credit union","Not tracked","Not tracked",43.5,,0,,2,,0,
"amboy bank nj","Not tracked","Not tracked",39,,0,,2,,0,
"amboy bank old bridge","Not tracked","Not tracked",78,,0,,2,,0,
"america one unsecured","Not tracked","Not tracked",64,,0,,2,,0,
"america one unsecured loans","Not tracked","Not tracked",46,,0,,2,,0,
"america's best cash advance","Not tracked","Not tracked",81.5,,0,,2,,0,
"america's credit union","Not tracked","Not tracked",85,,0,,2,,0,
"american cash and loan","Not tracked","Not tracked",84,,0,,2,,0,
"american cash express","Not tracked","Not tracked",31.5,,0,,2,,0,
"american cash payday loan","Not tracked","Not tracked",85.5,,0,,2,,0,
"american consumer credit counseling accc","Not tracked","Not tracked",64.5,,0,,2,,0,
"american eagle credit union hartford ct","Not tracked","Not tracked",51.5,,0,,2,,0,
"american eagle credit union southington ct","Not tracked","Not tracked",43.5,,0,,2,,0,
"american eagle credit union vernon ct","Not tracked","Not tracked",47,,0,,2,,0,
"american eagle fcu","Not tracked","Not tracked",59.5,,0,,2,,0,
"american eagle federal credit union east hartford","Not tracked","Not tracked",57,,0,,2,,0,
"american eagle federal credit union east hartford ct","Not tracked","Not tracked",53,,0,,2,,0,
"american exchange bank lindsay ok","Not tracked","Not tracked",72,,0,,2,,0,
"american express bank nyc","Not tracked","Not tracked",67.5,,0,,2,,0,
"american express co","Not tracked","Not tracked",25.5,,0,,2,,0,
"american express new york city","Not tracked","Not tracked",77.5,,0,,2,,0,
"american express passport renewal","Not tracked","Not tracked",88.5,,0,,2,,0,
"american heritage bank long prairie minnesota","Not tracked","Not tracked",79,,0,,2,,0,
"american one federal","Not tracked","Not tracked",29,,0,,2,,0,
"american one unsecured loan","Not tracked","Not tracked",37,,0,,2,,0,
"american trust bank","Not tracked","Not tracked",83,,0,,2,,0,
americaneaglefcu,"Not tracked","Not tracked",55.5,,0,,2,,0,
"americanexpress co","Not tracked","Not tracked",45,,0,,2,,0,
americanpridebank,"Not tracked","Not tracked",61.5,,0,,2,,0,
"americas cash express","Not tracked","Not tracked",48,,0,,2,,0,
"americor irvine","Not tracked","Not tracked",42.5,,0,,2,,0,
"ameris bank atlanta","Not tracked","Not tracked",41.5,,0,,2,,0,
"ameris bank defuniak springs","Not tracked","Not tracked",32,,0,,2,,0,
"ameris bank fayetteville ga","Not tracked","Not tracked",60.5,,0,,2,,0,
"amplify credit","Not tracked","Not tracked",39.5,,0,,2,,0,
"amplify credit union rates","Not tracked","Not tracked",66,,0,,2,,0,
"amplify lending","Not tracked","Not tracked",42,,0,,2,,0,
"amscot financial services","Not tracked","Not tracked",37,,0,,2,,0,
"andrew johnson bank johnson city","Not tracked","Not tracked",57.5,,0,,2,,0,
"andrew johnson bank johnson city tn","Not tracked","Not tracked",57.5,,0,,2,,0,
aneca,"Not tracked","Not tracked",47,,0,,2,,0,
"apg federal credit union aberdeen md","Not tracked","Not tracked",46,,0,,2,,0,
"aplus credit services","Not tracked","Not tracked",93.5,,0,,2,,0,
"approved credit","Not tracked","Not tracked",71,,0,,2,,0,
"approved loans okc","Not tracked","Not tracked",89,,0,,2,,0,
"arapahoe credit union","Not tracked","Not tracked",37,,0,,2,,0,
"areow bank","Not tracked","Not tracked",35.5,,0,,2,,0,
argentcu,"Not tracked","Not tracked",36.5,,0,,2,,0,
"arizona diamonds & gold","Not tracked","Not tracked",66.5,,0,,2,,0,
"arizona jewelry & pawnbrokers","Not tracked","Not tracked",76.5,,0,,2,,0,
"arrow bank cambridge ny","Not tracked","Not tracked",38,,0,,2,,0,
"arrow bank na","Not tracked","Not tracked",21.5,,0,,2,,0,
"arrow funding","Not tracked","Not tracked",78,,0,,2,,0,
"arrowhead card","Not tracked","Not tracked",60,,0,,2,,0,
"arrowhead credit union auto loan rates","Not tracked","Not tracked",74.5,,0,,2,,0,
"arrowhead credit union car loan","Not tracked","Not tracked",90.5,,0,,2,,0,
"arrowhead credit union personal loan","Not tracked","Not tracked",77.5,,0,,2,,0,
"arrowhead credit union savings account interest rate","Not tracked","Not tracked",90.5,,0,,2,,0,
"artesian city federal credit union","Not tracked","Not tracked",39.5,,0,,2,,0,
"artesian city federal credit union albany ga","Not tracked","Not tracked",37,,0,,2,,0,
"artesian credit union albany ga","Not tracked","Not tracked",33,,0,,2,,0,
"asap credit repair","Not tracked","Not tracked",31,,0,,2,,0,
"asap finance reviews","Not tracked","Not tracked",56,,0,,2,,0,
"ashland credit union ashland ohio","Not tracked","Not tracked",60.5,,0,,2,,0,
"ashland credit unions","Not tracked","Not tracked",50,,0,,2,,0,
"associated credit union atlanta ga","Not tracked","Not tracked",30.5,,0,,2,,0,
"associated credit union ga","Not tracked","Not tracked",22.5,,0,,2,,0,
"associated credit union of texas pearland","Not tracked","Not tracked",80,,0,,2,,0,
assurant,"Not tracked","Not tracked",29.5,,0,,2,,0,
"atlanta pawn shops","Not tracked","Not tracked",63,,0,,2,,0,
"atlas credit co inc","Not tracked","Not tracked",62,,0,,2,,0,
"atlas credit co inc dallas tx","Not tracked","Not tracked",65.5,,0,,2,,0,
"atlas credit company review","Not tracked","Not tracked",67.5,,0,,2,,0,
"atlas credit company san antonio","Not tracked","Not tracked",62.5,,0,,2,,0,
"atlas credit loans round rock tx","Not tracked","Not tracked",67,,0,,2,,0,
"atlas credit loans san antonio","Not tracked","Not tracked",64.5,,0,,2,,0,
"atlas loans application","Not tracked","Not tracked",85.5,,0,,2,,0,
"atm banco","Not tracked","Not tracked",75.5,,0,,2,,0,
"atm cash points","Not tracked","Not tracked",64.5,,0,,2,,0,
"atm provider","Not tracked","Not tracked",89,,0,,2,,0,
"aura inc","Not tracked","Not tracked",93.5,,0,,2,,0,
"austin credit unions","Not tracked","Not tracked",72.5,,0,,2,,0,
"austin pawn shop","Not tracked","Not tracked",43,,0,,2,,0,
"austin telco","Not tracked","Not tracked",45,,0,,2,,0,
"austin telco mortgage rates","Not tracked","Not tracked",84.5,,0,,2,,0,
"austin telcom","Not tracked","Not tracked",45.5,,0,,2,,0,
"auto bank of kansas city","Not tracked","Not tracked",88.5,,0,,2,,0,
"auto money anderson sc","Not tracked","Not tracked",40,,0,,2,,0,
"auto money fort mill sc","Not tracked","Not tracked",42,,0,,2,,0,
"auto money georgetown","Not tracked","Not tracked",47.5,,0,,2,,0,
"auto money loan","Not tracked","Not tracked",52.5,,0,,2,,0,
"auto money title loan","Not tracked","Not tracked",46,,0,,2,,0,
"auto money title loans columbia sc","Not tracked","Not tracked",46.5,,0,,2,,0,
"auto money york","Not tracked","Not tracked",46,,0,,2,,0,
"auto title loans","Not tracked","Not tracked",93,,0,,2,,0,
"avadian auto loan","Not tracked","Not tracked",68.5,,0,,2,,0,
"avadian credit card","Not tracked","Not tracked",54.5,,0,,2,,0,
"avadian credit union reviews","Not tracked","Not tracked",51.5,,0,,2,,0,
"az signature motorsports","Not tracked","Not tracked",68,,0,,2,,0,
"azura credit union","Not tracked","Not tracked",45.5,,0,,2,,0,
"b1 bank lafayette la","Not tracked","Not tracked",50.5,,0,,2,,0,
"b1 banking","Not tracked","Not tracked",41.5,,0,,2,,0,
"bad credit car financing staten island","Not tracked","Not tracked",89.5,,0,,2,,0,
"banco oriental","Not tracked","Not tracked",36.5,,0,,2,,0,
"banco popular personal loans","Not tracked","Not tracked",47.5,,0,,2,,0,
"bangor federal credit union","Not tracked","Not tracked",50,,0,,2,,0,
"bank atms","Not tracked","Not tracked",61,,0,,2,,0,
"bank branch near me","Not tracked","Not tracked",86.5,,0,,2,,0,
"bank branches near me","Not tracked","Not tracked",97,,0,,2,,0,
"bank midfirst","Not tracked","Not tracked",53.5,,0,,2,,0,
"bank near me","Not tracked","Not tracked",70.5,,0,,2,,0,
"bank near me now","Not tracked","Not tracked",76.5,,0,,2,,0,
"bank of commerce chelsea oklahoma","Not tracked","Not tracked",60.5,,0,,2,,0,
"bank of commerce kansas","Not tracked","Not tracked",54,,0,,2,,0,
"bank of india","Not tracked","Not tracked",66.5,,0,,2,,0,
"bank of india new york","Not tracked","Not tracked",46,,0,,2,,0,
"bank of mauston","Not tracked","Not tracked",65,,0,,2,,0,
"bank of mauston new lisbon","Not tracked","Not tracked",49,,0,,2,,0,
"bank of mauston online banking","Not tracked","Not tracked",42,,0,,2,,0,
"bank of mauston wisconsin dells","Not tracked","Not tracked",61,,0,,2,,0,
"bank of romney","Not tracked","Not tracked",38.5,,0,,2,,0,
"bank of romney wv","Not tracked","Not tracked",59,,0,,2,,0,
"bank of springfield il review","Not tracked","Not tracked",58.5,,0,,2,,0,
"bank of the panhandle guymon ok","Not tracked","Not tracked",39,,0,,2,,0,
"bank of western oklahoma","Not tracked","Not tracked",66,,0,,2,,0,
"bank of western oklahoma elk city","Not tracked","Not tracked",52.5,,0,,2,,0,
"bank of western oklahoma weatherford","Not tracked","Not tracked",91.5,,0,,2,,0,
"bank of western oklahoma weatherford ok","Not tracked","Not tracked",65.5,,0,,2,,0,
"bank sachs goldman","Not tracked","Not tracked",74.5,,0,,2,,0,
bankboc,"Not tracked","Not tracked",19,,0,,2,,0,
"bankers bank of kansas","Not tracked","Not tracked",57.5,,0,,2,,0,
"bankfirst financial","Not tracked","Not tracked",50.5,,0,,2,,0,
"bankfirst petal ms","Not tracked","Not tracked",35,,0,,2,,0,
"bankfirst taylorsville mississippi","Not tracked","Not tracked",12.5,,0,,2,,0,
bankhcb,"Not tracked","Not tracked",30,,0,,2,,0,
"banking centers","Not tracked","Not tracked",93.5,,0,,2,,0,
bankofmauston,"Not tracked","Not tracked",33,,0,,2,,0,
bankofwesternoklahoma,"Not tracked","Not tracked",58.5,,0,,2,,0,
"bankruptcy servicing","Not tracked","Not tracked",96,,0,,2,,0,
"banner bank","Not tracked","Not tracked",89,,0,,2,,0,
"banner federal credit","Not tracked","Not tracked",46.5,,0,,2,,0,
"banner financial services","Not tracked","Not tracked",67.5,,0,,2,,0,
"baptist credit union","Not tracked","Not tracked",65,,0,,2,,0,
"barclay delaware","Not tracked","Not tracked",70.5,,0,,2,,0,
"barclays wilmington de","Not tracked","Not tracked",82.5,,0,,2,,0,
"bay atlantic federal credit union","Not tracked","Not tracked",42,,0,,2,,0,
"bay to bay lending","Not tracked","Not tracked",58,,0,,2,,0,
bayfirst,"Not tracked","Not tracked",45.5,,0,,2,,0,
"beal bank rating","Not tracked","Not tracked",71.5,,0,,2,,0,
"beal bank review","Not tracked","Not tracked",67,,0,,2,,0,
"beal bank usa","Not tracked","Not tracked",55.5,,0,,2,,0,
"beal bank usa las vegas","Not tracked","Not tracked",67,,0,,2,,0,
bealbank,"Not tracked","Not tracked",56.5,,0,,2,,0,
"belong lending","Not tracked","Not tracked",80,,0,,2,,0,
"belt valley bank belt mt","Not tracked","Not tracked",50.5,,0,,2,,0,
"bennington state bank minneapolis ks","Not tracked","Not tracked",48.5,,0,,2,,0,
"best bank near me","Not tracked","Not tracked",49,,0,,2,,0,
"best bridge loan lenders","Not tracked","Not tracked",97.5,,0,,2,,0,
"best business line of credit","Not tracked","Not tracked",43,,0,,2,,0,
"best business term loans","Not tracked","Not tracked",83.5,,0,,2,,0,
"best credit counseling services","Not tracked","Not tracked",87.5,,0,,2,,0,
"best earn cash back checking colorado springs co","Not tracked","Not tracked",83.5,,0,,2,,0,
"best pawn shop in denver","Not tracked","Not tracked",71.5,,0,,2,,0,
"best pawn shops in atlanta","Not tracked","Not tracked",64.5,,0,,2,,0,
"best pawn shops in denver","Not tracked","Not tracked",67,,0,,2,,0,
"best pawn shops san diego","Not tracked","Not tracked",66.5,,0,,2,,0,
"best personal loans","Not tracked","Not tracked",48,,0,,2,,0,
"best place personal loan","Not tracked","Not tracked",75.5,,0,,2,,0,
"bethpage credit union","Not tracked","Not tracked",47,,0,,2,,0,
"bethpage federal credit","Not tracked","Not tracked",45.5,,0,,2,,0,
"bethpage federal credit union central islip","Not tracked","Not tracked",51,,0,,2,,0,
"bethpage federal credit union seaford","Not tracked","Not tracked",47,,0,,2,,0,
"better credit bureau","Not tracked","Not tracked",37.5,,0,,2,,0,
"better lending","Not tracked","Not tracked",71,,0,,2,,0,
betterloan,"Not tracked","Not tracked",97.5,,0,,2,,0,
"beyond finance chicago","Not tracked","Not tracked",21.5,,0,,2,,0,
"bhg capital","Not tracked","Not tracked",96,,0,,2,,0,
"bhg llc","Not tracked","Not tracked",98,,0,,2,,0,
bhg-inc,"Not tracked","Not tracked",90.5,,0,,2,,0,
"bi bank","Not tracked","Not tracked",74.5,,0,,2,,0,
"blink lending","Not tracked","Not tracked",41.5,,0,,2,,0,
"blue eagle credit","Not tracked","Not tracked",54,,0,,2,,0,
"blue eagle credit union reviews","Not tracked","Not tracked",55.5,,0,,2,,0,
"blue gate capital reviews","Not tracked","Not tracked",59,,0,,2,,0,
"blue sky bank pawhuska","Not tracked","Not tracked",53,,0,,2,,0,
"bluebird finance","Not tracked","Not tracked",78,,0,,2,,0,
"bluestone bank commercial checking","Not tracked","Not tracked",90,,0,,2,,0,
"bmi credit union dublin","Not tracked","Not tracked",35.5,,0,,2,,0,
"bmi fcu","Not tracked","Not tracked",47,,0,,2,,0,
"bmi fcu dublin","Not tracked","Not tracked",49,,0,,2,,0,
"bmi federal","Not tracked","Not tracked",40,,0,,2,,0,
"bmi federal credit union dublin oh","Not tracked","Not tracked",29,,0,,2,,0,
"bmi finance","Not tracked","Not tracked",59.5,,0,,2,,0,
"bmi loans","Not tracked","Not tracked",36,,0,,2,,0,
bmifcu,"Not tracked","Not tracked",58,,0,,2,,0,
"bnc national bank mortgage reviews","Not tracked","Not tracked",85.5,,0,,2,,0,
"bnc national bank review","Not tracked","Not tracked",77.5,,0,,2,,0,
"bond community credit union","Not tracked","Not tracked",65.5,,0,,2,,0,
"boom rent reporting review","Not tracked","Not tracked",71,,0,,2,,0,
"brazos star credit union","Not tracked","Not tracked",36,,0,,2,,0,
"bridge lending solution","Not tracked","Not tracked",94.5,,0,,2,,0,
"bridge loans lenders","Not tracked","Not tracked",77,,0,,2,,0,
"bridging loans","Not tracked","Not tracked",91,,0,,2,,0,
"brooklyn bridge capital","Not tracked","Not tracked",86,,0,,2,,0,
"buckhead pawn shop atlanta","Not tracked","Not tracked",65,,0,,2,,0,
"buffalo federal metropolitan credit union","Not tracked","Not tracked",75.5,,0,,2,,0,
"build credit history with rent payments","Not tracked","Not tracked",74.5,,0,,2,,0,
"business bank of california","Not tracked","Not tracked",91,,0,,2,,0,
"business credit loans","Not tracked","Not tracked",81.5,,0,,2,,0,
"business loan fees explained","Not tracked","Not tracked",44.5,,0,,2,,0,
"buy sell trade shop irwin pa","Not tracked","Not tracked",46,,0,,2,,0,
"byrider san antonio south","Not tracked","Not tracked",59,,0,,2,,0,
"ca health net","Not tracked","Not tracked",68,,0,,2,,0,
"ca luxury collateral","Not tracked","Not tracked",88.5,,0,,2,,0,
"cabrillo credit union","Not tracked","Not tracked",23,,0,,2,,0,
calcomfcu,"Not tracked","Not tracked",58,,0,,2,,0,
"california check cashing clovis","Not tracked","Not tracked",46,,0,,2,,0,
"california check cashing clovis ca","Not tracked","Not tracked",85,,0,,2,,0,
"california coast cd","Not tracked","Not tracked",58,,0,,2,,0,
"california coast credit","Not tracked","Not tracked",37,,0,,2,,0,
"california coast credit union carlsbad","Not tracked","Not tracked",34.5,,0,,2,,0,
"california coast cu","Not tracked","Not tracked",42.5,,0,,2,,0,
"california coastal bank","Not tracked","Not tracked",29.5,,0,,2,,0,
"campbell and fetter kendallville","Not tracked","Not tracked",51,,0,,2,,0,
"capital fundings llc","Not tracked","Not tracked",82,,0,,2,,0,
"capitalbankmd scam","Not tracked","Not tracked",79,,0,,2,,0,
"capra bank","Not tracked","Not tracked",47,,0,,2,,0,
"cardconnect paradise","Not tracked","Not tracked",49,,0,,2,,0,
"cardinal finance","Not tracked","Not tracked",58,,0,,2,,0,
"cardinal financial company limited partnership","Not tracked","Not tracked",49.5,,0,,2,,0,
"cardinal financial corporation","Not tracked","Not tracked",58.5,,0,,2,,0,
"cardinal financial services","Not tracked","Not tracked",53,,0,,2,,0,
"caribe credit union review","Not tracked","Not tracked",26,,0,,2,,0,
"carolina trust","Not tracked","Not tracked",42,,0,,2,,0,
"carolinas telco","Not tracked","Not tracked",50,,0,,2,,0,
"carver federal bank","Not tracked","Not tracked",76,,0,,2,,0,
"carver federal savings","Not tracked","Not tracked",68.5,,0,,2,,0,
"carver online banking","Not tracked","Not tracked",39,,0,,2,,0,
"casco federal credit union","Not tracked","Not tracked",47.5,,0,,2,,0,
"cash 1 henderson nv","Not tracked","Not tracked",45,,0,,2,,0,
"cash advance shelbyville indiana","Not tracked","Not tracked",67.5,,0,,2,,0,
"cash city pawn","Not tracked","Not tracked",65,,0,,2,,0,
"cash cow car","Not tracked","Not tracked",75,,0,,2,,0,
"cash cow chalmette","Not tracked","Not tracked",50.5,,0,,2,,0,
"cash cow coursey","Not tracked","Not tracked",35.5,,0,,2,,0,
"cash cow hammond la","Not tracked","Not tracked",57.5,,0,,2,,0,
"cash cow in new orleans","Not tracked","Not tracked",50,,0,,2,,0,
"cash cow lafayette","Not tracked","Not tracked",51.5,,0,,2,,0,
"cash cow zachary la","Not tracked","Not tracked",40.5,,0,,2,,0,
"cash express murfreesboro tn","Not tracked","Not tracked",45,,0,,2,,0,
"cash in a flash denver","Not tracked","Not tracked",55.5,,0,,2,,0,
"cash machine bank","Not tracked","Not tracked",76,,0,,2,,0,
"cash now title loans","Not tracked","Not tracked",90.5,,0,,2,,0,
"cash oasis charleston","Not tracked","Not tracked",38,,0,,2,,0,
"cash plus loans","Not tracked","Not tracked",58,,0,,2,,0,
"cash store tomball tx","Not tracked","Not tracked",60.5,,0,,2,,0,
cash-express,"Not tracked","Not tracked",74,,0,,2,,0,
"cashmax arlington","Not tracked","Not tracked",57.5,,0,,2,,0,
"cbtx bank","Not tracked","Not tracked",57.5,,0,,2,,0,
"cbw schools fcu","Not tracked","Not tracked",49,,0,,2,,0,
"cd secured loan greater houston","Not tracked","Not tracked",71.5,,0,,2,,0,
"ceda program chicago","Not tracked","Not tracked",78,,0,,2,,0,
"cedar rapids credit union","Not tracked","Not tracked",79,,0,,2,,0,
cenla,"Not tracked","Not tracked",69.5,,0,,2,,0,
"central bank florida","Not tracked","Not tracked",59.5,,0,,2,,0,
"central state bank kinderhook il","Not tracked","Not tracked",67,,0,,2,,0,
"central state credit union lodi","Not tracked","Not tracked",34.5,,0,,2,,0,
"central state credit union stockton ca","Not tracked","Not tracked",40.5,,0,,2,,0,
"central va credit union","Not tracked","Not tracked",43.5,,0,,2,,0,
"central va federal credit union","Not tracked","Not tracked",44.5,,0,,2,,0,
"central virginia bank","Not tracked","Not tracked",63,,0,,2,,0,
"central virginia community credit union","Not tracked","Not tracked",48.5,,0,,2,,0,
"central virginia fcu","Not tracked","Not tracked",41.5,,0,,2,,0,
"central virginia federal credit union lynchburg va","Not tracked","Not tracked",44,,0,,2,,0,
"century consulting","Not tracked","Not tracked",66,,0,,2,,0,
"century services","Not tracked","Not tracked",77.5,,0,,2,,0,
"champion first","Not tracked","Not tracked",38.5,,0,,2,,0,
"champions credit union","Not tracked","Not tracked",67,,0,,2,,0,
"champions first cu","Not tracked","Not tracked",30.5,,0,,2,,0,
"charter west bank","Not tracked","Not tracked",44,,0,,2,,0,
"charter west bank nebraska","Not tracked","Not tracked",40,,0,,2,,0,
"check cashing 76th mill road","Not tracked","Not tracked",49,,0,,2,,0,
"check city reno","Not tracked","Not tracked",78,,0,,2,,0,
"check city reno nv","Not tracked","Not tracked",76,,0,,2,,0,
"check city silverado ranch","Not tracked","Not tracked",57,,0,,2,,0,
"check into cash colorado springs","Not tracked","Not tracked",40.5,,0,,2,,0,
"check into cash columbus ms","Not tracked","Not tracked",67,,0,,2,,0,
"check into cash columbus reviews","Not tracked","Not tracked",51.5,,0,,2,,0,
"check into cash fees","Not tracked","Not tracked",55,,0,,2,,0,
"check into cash lexington ky","Not tracked","Not tracked",40,,0,,2,,0,
"check into cash louisville ky","Not tracked","Not tracked",54,,0,,2,,0,
"check into cash murfreesboro","Not tracked","Not tracked",59.5,,0,,2,,0,
"check into cash oklahoma city","Not tracked","Not tracked",47,,0,,2,,0,
"check into cash west allis","Not tracked","Not tracked",58,,0,,2,,0,
"check n go west allis","Not tracked","Not tracked",68,,0,,2,,0,
"check smart columbus ohio","Not tracked","Not tracked",55,,0,,2,,0,
"checkcity las vegas","Not tracked","Not tracked",65,,0,,2,,0,
"checking account credit union charlottesville","Not tracked","Not tracked",68.5,,0,,2,,0,
"checkmate aurora","Not tracked","Not tracked",33.5,,0,,2,,0,
"checkomatic reviews","Not tracked","Not tracked",37,,0,,2,,0,
"checksmart hilliard ohio","Not tracked","Not tracked",67,,0,,2,,0,
"checksmart indianapolis","Not tracked","Not tracked",58,,0,,2,,0,
"checksmart taylor mi","Not tracked","Not tracked",44.5,,0,,2,,0,
"checksmart willoughby","Not tracked","Not tracked",64,,0,,2,,0,
"chelsea federal credit union","Not tracked","Not tracked",47,,0,,2,,0,
"chevron bank","Not tracked","Not tracked",46,,0,,2,,0,
"chevron federal","Not tracked","Not tracked",29,,0,,2,,0,
"chicago fire department credit union","Not tracked","Not tracked",71,,0,,2,,0,
"chicago pawners","Not tracked","Not tracked",55,,0,,2,,0,
"chicago pawners & jewelers","Not tracked","Not tracked",49.5,,0,,2,,0,
"chicago super pawn","Not tracked","Not tracked",54.5,,0,,2,,0,
"chief financial credit","Not tracked","Not tracked",48.5,,0,,2,,0,
"chief financial credit union 24/7","Not tracked","Not tracked",41,,0,,2,,0,
"chime san francisco reviews","Not tracked","Not tracked",12,,0,,2,,0,
"chime sf","Not tracked","Not tracked",85,,0,,2,,0,
"chivaho credit union chillicothe ohio","Not tracked","Not tracked",26.5,,0,,2,,0,
"choice credit union","Not tracked","Not tracked",76,,0,,2,,0,
"christian credit debt counseling","Not tracked","Not tracked",92,,0,,2,,0,
"christian debt management","Not tracked","Not tracked",96.5,,0,,2,,0,
"cic credit corporate","Not tracked","Not tracked",55.5,,0,,2,,0,
"cic credit report","Not tracked","Not tracked",69,,0,,2,,0,
"cigna wellnet","Not tracked","Not tracked",75.5,,0,,2,,0,
cinfed,"Not tracked","Not tracked",42,,0,,2,,0,
"circle credit union niles mi","Not tracked","Not tracked",30,,0,,2,,0,
"citizen bank of ada","Not tracked","Not tracked",55.5,,0,,2,,0,
"citizens bank ada","Not tracked","Not tracked",58.5,,0,,2,,0,
"citizens bank and trust louisiana","Not tracked","Not tracked",79.5,,0,,2,,0,
"citizens bank buffalo ny","Not tracked","Not tracked",49.5,,0,,2,,0,
"citizens bank charleston mo","Not tracked","Not tracked",42.5,,0,,2,,0,
"citizens bank clovis nm","Not tracked","Not tracked",67.5,,0,,2,,0,
"citizens bank kingsport tn","Not tracked","Not tracked",79,,0,,2,,0,
"citizens bank knoxville tn","Not tracked","Not tracked",74,,0,,2,,0,
"citizens bank louisiana","Not tracked","Not tracked",75,,0,,2,,0,
"citizens bank of ada","Not tracked","Not tracked",59,,0,,2,,0,
"citizens bank of charleston","Not tracked","Not tracked",45,,0,,2,,0,
"citizens bank of clovis nm","Not tracked","Not tracked",85.5,,0,,2,,0,
"citizens bank storm lake iowa","Not tracked","Not tracked",73,,0,,2,,0,
"citizens bank tennessee","Not tracked","Not tracked",70,,0,,2,,0,
"citizens bank wi","Not tracked","Not tracked",56,,0,,2,,0,
"citizens community federal national association","Not tracked","Not tracked",70,,0,,2,,0,
"citizens first national bank storm lake","Not tracked","Not tracked",70,,0,,2,,0,
"citizens first national bank storm lake iowa","Not tracked","Not tracked",67.5,,0,,2,,0,
"citizens national bank mcconnelsville","Not tracked","Not tracked",52.5,,0,,2,,0,
"citizens national bank wv","Not tracked","Not tracked",81,,0,,2,,0,
"city finance services","Not tracked","Not tracked",12.5,,0,,2,,0,
"city of memphis employees credit union","Not tracked","Not tracked",84,,0,,2,,0,
"clarity payments","Not tracked","Not tracked",78,,0,,2,,0,
"clark and washington","Not tracked","Not tracked",86,,0,,2,,0,
"class act credit union","Not tracked","Not tracked",44.5,,0,,2,,0,
classact,"Not tracked","Not tracked",79,,0,,2,,0,
"cleveland firefighters credit union","Not tracked","Not tracked",51.5,,0,,2,,0,
"closest bank near me","Not tracked","Not tracked",80,,0,,2,,0,
coast2coast,"Not tracked","Not tracked",81.5,,0,,2,,0,
"coastal loans","Not tracked","Not tracked",65,,0,,2,,0,
"coastal tradelines","Not tracked","Not tracked",51,,0,,2,,0,
"cochise credit union","Not tracked","Not tracked",59,,0,,2,,0,
"coffee county bank manchester","Not tracked","Not tracked",41,,0,,2,,0,
"coffee county bank tullahoma","Not tracked","Not tracked",42,,0,,2,,0,
"coin counter near me","Not tracked","Not tracked",58.5,,0,,2,,0,
"collins community credit union cd rates","Not tracked","Not tracked",69.5,,0,,2,,0,
"collins community credit union marion","Not tracked","Not tracked",47,,0,,2,,0,
"collins credit union cedar rapids","Not tracked","Not tracked",43.5,,0,,2,,0,
"collins credit union marion","Not tracked","Not tracked",40,,0,,2,,0,
"collins cu","Not tracked","Not tracked",47,,0,,2,,0,
collinscu,"Not tracked","Not tracked",45,,0,,2,,0,
"colonial savings bank","Not tracked","Not tracked",74,,0,,2,,0,
"colonial savings fa","Not tracked","Not tracked",67.5,,0,,2,,0,
"colony bank georgia","Not tracked","Not tracked",29.5,,0,,2,,0,
"colony bank macon ga","Not tracked","Not tracked",49.5,,0,,2,,0,
"colony bank review","Not tracked","Not tracked",58.5,,0,,2,,0,
"colony bank reviews","Not tracked","Not tracked",63,,0,,2,,0,
"colony bankcorp","Not tracked","Not tracked",42,,0,,2,,0,
"colquitt county teachers federal credit union","Not tracked","Not tracked",77.5,,0,,2,,0,
"combined employees credit union","Not tracked","Not tracked",47.5,,0,,2,,0,
"comenity capital bank","Not tracked","Not tracked",47,,0,,2,,0,
"commerce bank kansas","Not tracked","Not tracked",32.5,,0,,2,,0,
"commerce bank kansas city","Not tracked","Not tracked",40.5,,0,,2,,0,
"commerce bank kansas city mo","Not tracked","Not tracked",61.5,,0,,2,,0,
"commerce bank kc","Not tracked","Not tracked",40,,0,,2,,0,
"commercial bank lufkin","Not tracked","Not tracked",63.5,,0,,2,,0,
"commercial bank sc","Not tracked","Not tracked",74.5,,0,,2,,0,
"commercial savings bank carroll ia","Not tracked","Not tracked",59,,0,,2,,0,
"community 1st bank","Not tracked","Not tracked",83.5,,0,,2,,0,
"community choice credit union eastpointe","Not tracked","Not tracked",68,,0,,2,,0,
"community choice credit union in livonia","Not tracked","Not tracked",90,,0,,2,,0,
"community choice credit union livonia","Not tracked","Not tracked",68,,0,,2,,0,
"community choice credit union loan rates","Not tracked","Not tracked",73.5,,0,,2,,0,
"community choice credit union mortgage rates","Not tracked","Not tracked",73,,0,,2,,0,
"community choice credit union roseville","Not tracked","Not tracked",59.5,,0,,2,,0,
"community choice credit union royal oak mi","Not tracked","Not tracked",66.5,,0,,2,,0,
"community choice federal credit union","Not tracked","Not tracked",55,,0,,2,,0,
"community connect titusville pa","Not tracked","Not tracked",73,,0,,2,,0,
"community credit union lynchburg va","Not tracked","Not tracked",49.5,,0,,2,,0,
"community credit union michigan","Not tracked","Not tracked",79.5,,0,,2,,0,
"community economic defense project","Not tracked","Not tracked",67.5,,0,,2,,0,
"community first bank las vegas nm","Not tracked","Not tracked",91,,0,,2,,0,
"community first credit union mount pleasant iowa","Not tracked","Not tracked",68,,0,,2,,0,
"community first st augustine","Not tracked","Not tracked",59.5,,0,,2,,0,
"community mortgage reviews","Not tracked","Not tracked",95,,0,,2,,0,
"community national bank and trust","Not tracked","Not tracked",90.5,,0,,2,,0,
"community national bank and trust independence ks","Not tracked","Not tracked",49.5,,0,,2,,0,
"community national bank independence kansas","Not tracked","Not tracked",68.5,,0,,2,,0,
"community of abilene federal credit union","Not tracked","Not tracked",56,,0,,2,,0,
"community partners federal credit union","Not tracked","Not tracked",69.5,,0,,2,,0,
"community plus federal credit union","Not tracked","Not tracked",50.5,,0,,2,,0,
"community state bank arkansas","Not tracked","Not tracked",70.5,,0,,2,,0,
"community wide bank","Not tracked","Not tracked",54,,0,,2,,0,
"community wide fcu south bend","Not tracked","Not tracked",44,,0,,2,,0,
"community wide federal","Not tracked","Not tracked",46.5,,0,,2,,0,
"community wide federal credit","Not tracked","Not tracked",44,,0,,2,,0,
"community wide federal credit union south bend","Not tracked","Not tracked",31.5,,0,,2,,0,
"community wide plymouth in","Not tracked","Not tracked",47,,0,,2,,0,
"community wide south bend","Not tracked","Not tracked",48.5,,0,,2,,0,
"community wide south bend indiana","Not tracked","Not tracked",46.5,,0,,2,,0,
"community wide warsaw","Not tracked","Not tracked",45,,0,,2,,0,
community-wide,"Not tracked","Not tracked",48.5,,0,,2,,0,
"community-wide federal credit union","Not tracked","Not tracked",42,,0,,2,,0,
"communityamerica credit union business select","Not tracked","Not tracked",51,,0,,2,,0,
"communityamerica credit union extended warranty","Not tracked","Not tracked",35,,0,,2,,0,
"communityamerica credit union health savings","Not tracked","Not tracked",54,,0,,2,,0,
"communityamerica credit union savings calculator","Not tracked","Not tracked",50,,0,,2,,0,
"communityamerica credit union savings ira","Not tracked","Not tracked",60.5,,0,,2,,0,
"communityamerica credit union va loan","Not tracked","Not tracked",87.5,,0,,2,,0,
communitychoice,"Not tracked","Not tracked",64,,0,,2,,0,
communitychoicecu,"Not tracked","Not tracked",67,,0,,2,,0,
communitywide,"Not tracked","Not tracked",43,,0,,2,,0,
"compare business loan rates","Not tracked","Not tracked",40,,0,,2,,0,
"compass concierge review","Not tracked","Not tracked",70.5,,0,,2,,0,
"comtrust credit union","Not tracked","Not tracked",82.5,,0,,2,,0,
"connect bank","Not tracked","Not tracked",85,,0,,2,,0,
"connection banking","Not tracked","Not tracked",75.5,,0,,2,,0,
"consumer ez credit reviews","Not tracked","Not tracked",90.5,,0,,2,,0,
"consumer loans services","Not tracked","Not tracked",99,,0,,2,,0,
"consumercredit.com reviews","Not tracked","Not tracked",62,,0,,2,,0,
"cooperative choice credit union","Not tracked","Not tracked",46,,0,,2,,0,
"coopers cave fcu","Not tracked","Not tracked",31,,0,,2,,0,
"coosa pines alabama","Not tracked","Not tracked",77,,0,,2,,0,
"coosavalley credit union","Not tracked","Not tracked",21.5,,0,,2,,0,
"coreplus fcu","Not tracked","Not tracked",40.5,,0,,2,,0,
"cornerstone credit","Not tracked","Not tracked",95,,0,,2,,0,
"corning credit union rates","Not tracked","Not tracked",83,,0,,2,,0,
"corning cu","Not tracked","Not tracked",65,,0,,2,,0,
"corning federal","Not tracked","Not tracked",62.5,,0,,2,,0,
corningcu,"Not tracked","Not tracked",65.5,,0,,2,,0,
"corporate america credit","Not tracked","Not tracked",68,,0,,2,,0,
"corporate america credit union","Not tracked","Not tracked",64,,0,,2,,0,
"cottonwood valley bank","Not tracked","Not tracked",46,,0,,2,,0,
"country trust bank","Not tracked","Not tracked",63,,0,,2,,0,
"cport credit union maine","Not tracked","Not tracked",39,,0,,2,,0,
"cport credit union portland","Not tracked","Not tracked",40,,0,,2,,0,
cportcu,"Not tracked","Not tracked",34,,0,,2,,0,
"credex miami","Not tracked","Not tracked",48,,0,,2,,0,
"credit builder loan vermont","Not tracked","Not tracked",74.5,,0,,2,,0,
"credit repair indiana","Not tracked","Not tracked",92.5,,0,,2,,0,
"credit repair using cfpb complaints","Not tracked","Not tracked",82,,0,,2,,0,
"credit texas union","Not tracked","Not tracked",66,,0,,2,,0,
"credit union 1 chicago","Not tracked","Not tracked",41.5,,0,,2,,0,
"credit union community choice","Not tracked","Not tracked",57.5,,0,,2,,0,
"credit union for all","Not tracked","Not tracked",56,,0,,2,,0,
"credit union fort smith ar","Not tracked","Not tracked",86,,0,,2,,0,
"credit union kitsap","Not tracked","Not tracked",41,,0,,2,,0,
"credit union mesquite tx","Not tracked","Not tracked",79.5,,0,,2,,0,
"credit union of colorado reviews","Not tracked","Not tracked",64.5,,0,,2,,0,
"credit union of hawaii","Not tracked","Not tracked",83.5,,0,,2,,0,
"credit union of texas loan","Not tracked","Not tracked",38.5,,0,,2,,0,
"credit union of texas loans","Not tracked","Not tracked",28.5,,0,,2,,0,
"credit union of texas rates","Not tracked","Not tracked",52,,0,,2,,0,
"credit union one chicago","Not tracked","Not tracked",48.5,,0,,2,,0,
"credit union valley first","Not tracked","Not tracked",57,,0,,2,,0,
"credit union wescom","Not tracked","Not tracked",75,,0,,2,,0,
"credit unions abilene texas","Not tracked","Not tracked",70.5,,0,,2,,0,
"credit unions austin texas","Not tracked","Not tracked",78.5,,0,,2,,0,
"credit unions for nurses","Not tracked","Not tracked",94,,0,,2,,0,
"credit unions hampton roads","Not tracked","Not tracked",69.5,,0,,2,,0,
"credit unions lynchburg va","Not tracked","Not tracked",89.5,,0,,2,,0,
"creditfy reviews","Not tracked","Not tracked",19.5,,0,,2,,0,
"crews bank & trust","Not tracked","Not tracked",32,,0,,2,,0,
"crossroads financial credit union portland indiana","Not tracked","Not tracked",48.5,,0,,2,,0,
"crystal pawn","Not tracked","Not tracked",61.5,,0,,2,,0,
"cs credit","Not tracked","Not tracked",81,,0,,2,,0,
"cse loan rates","Not tracked","Not tracked",57,,0,,2,,0,
"cse personal loan","Not tracked","Not tracked",46,,0,,2,,0,
"current bank atm","Not tracked","Not tracked",59,,0,,2,,0,
"cvf credit union","Not tracked","Not tracked",86,,0,,2,,0,
"cvfcu hours","Not tracked","Not tracked",82,,0,,2,,0,
"cy fair bank","Not tracked","Not tracked",41,,0,,2,,0,
"cy fair credit union auto loan","Not tracked","Not tracked",73.5,,0,,2,,0,
"cy federal credit union","Not tracked","Not tracked",39.5,,0,,2,,0,
"dallas texas credit union","Not tracked","Not tracked",69.5,,0,,2,,0,
"davis trust company elkins wv","Not tracked","Not tracked",70.5,,0,,2,,0,
"davis trust online banking","Not tracked","Not tracked",54,,0,,2,,0,
dccu,"Not tracked","Not tracked",82.5,,0,,2,,0,
"dccu credit union","Not tracked","Not tracked",56.5,,0,,2,,0,
"debt consolidation fort worth","Not tracked","Not tracked",99.5,,0,,2,,0,
"debt management group","Not tracked","Not tracked",84,,0,,2,,0,
"debterasers attorneys","Not tracked","Not tracked",54,,0,,2,,0,
"del one credit union","Not tracked","Not tracked",73,,0,,2,,0,
"del one online banking","Not tracked","Not tracked",49,,0,,2,,0,
"del one payment","Not tracked","Not tracked",86,,0,,2,,0,
"del-one federal credit union","Not tracked","Not tracked",64,,0,,2,,0,
"delone credit","Not tracked","Not tracked",64.5,,0,,2,,0,
"delowe pawn shop","Not tracked","Not tracked",63,,0,,2,,0,
"denver pawn shops","Not tracked","Not tracked",64,,0,,2,,0,
"deposit money near me","Not tracked","Not tracked",82,,0,,2,,0,
"des moines metro credit union routing number","Not tracked","Not tracked",39,,0,,2,,0,
"desert financial loan","Not tracked","Not tracked",82,,0,,2,,0,
"desert pacific credit union","Not tracked","Not tracked",60.5,,0,,2,,0,
"detroit checks","Not tracked","Not tracked",81.5,,0,,2,,0,
"detroit jewelry & loan","Not tracked","Not tracked",11,,0,,2,,0,
"detroit jewelry hamtramck","Not tracked","Not tracked",78,,0,,2,,0,
"diamond loan san diego","Not tracked","Not tracked",98.5,,0,,2,,0,
"digital banking northwestern bank","Not tracked","Not tracked",66,,0,,2,,0,
"direct credit union","Not tracked","Not tracked",81,,0,,2,,0,
"diversified credit union detroit","Not tracked","Not tracked",49.5,,0,,2,,0,
"diversified members","Not tracked","Not tracked",41.5,,0,,2,,0,
dmmcu,"Not tracked","Not tracked",23,,0,,2,,0,
"does flex report to credit bureaus","Not tracked","Not tracked",73,,0,,2,,0,
"dolex dollar express","Not tracked","Not tracked",44.5,,0,,2,,0,
"drivetime used cars stone mountain","Not tracked","Not tracked",60,,0,,2,,0,
"duke credit union","Not tracked","Not tracked",56.5,,0,,2,,0,
"dunlop employees fcu","Not tracked","Not tracked",92,,0,,2,,0,
"dupage county employee credit union","Not tracked","Not tracked",55.5,,0,,2,,0,
"dupont community credit union mortgage rates","Not tracked","Not tracked",58,,0,,2,,0,
"dupont community credit union routing number","Not tracked","Not tracked",51.5,,0,,2,,0,
"dupont credit rating","Not tracked","Not tracked",42.5,,0,,2,,0,
"dupont employees credit union","Not tracked","Not tracked",35.5,,0,,2,,0,
"dynamic federal credit union routing number","Not tracked","Not tracked",39,,0,,2,,0,
"e pawn atlanta atlanta ga","Not tracked","Not tracked",57.5,,0,,2,,0,
"eagle bank elbow lake mn","Not tracked","Not tracked",69,,0,,2,,0,
"eagle bank glenwood minnesota","Not tracked","Not tracked",69,,0,,2,,0,
"eagle bank glenwood mn","Not tracked","Not tracked",74,,0,,2,,0,
"eagle bank mn","Not tracked","Not tracked",74.5,,0,,2,,0,
"eagle federal","Not tracked","Not tracked",58,,0,,2,,0,
"eagle federal credit union pineville la","Not tracked","Not tracked",54,,0,,2,,0,
"eagles federal credit union","Not tracked","Not tracked",86.5,,0,,2,,0,
"east cambridge savings bank","Not tracked","Not tracked",42,,0,,2,,0,
"east professional credit union","Not tracked","Not tracked",63.5,,0,,2,,0,
"east rise bank","Not tracked","Not tracked",43.5,,0,,2,,0,
"east rise credit","Not tracked","Not tracked",24.5,,0,,2,,0,
"east rise credit union williston vermont","Not tracked","Not tracked",65.5,,0,,2,,0,
"east rise williston","Not tracked","Not tracked",64,,0,,2,,0,
"east river credit union","Not tracked","Not tracked",39.5,,0,,2,,0,
"east texas credit professional","Not tracked","Not tracked",64.5,,0,,2,,0,
"east texas professional bank","Not tracked","Not tracked",56.5,,0,,2,,0,
"east texas professional credit","Not tracked","Not tracked",59.5,,0,,2,,0,
"east texas professional credit union kilgore texas","Not tracked","Not tracked",69,,0,,2,,0,
"east texas professional credit union nacogdoches","Not tracked","Not tracked",50.5,,0,,2,,0,
"east texas professional credit union tyler tx","Not tracked","Not tracked",57,,0,,2,,0,
"east texas professional cu","Not tracked","Not tracked",62,,0,,2,,0,
"eastrise credit union williston vt","Not tracked","Not tracked",48.5,,0,,2,,0,
"eastrise cu","Not tracked","Not tracked",50,,0,,2,,0,
"eastrise federal credit union","Not tracked","Not tracked",43.5,,0,,2,,0,
"eastrise williston","Not tracked","Not tracked",52,,0,,2,,0,
"easy check cashing","Not tracked","Not tracked",66,,0,,2,,0,
"eclipse bank louisville","Not tracked","Not tracked",39,,0,,2,,0,
"edifi credit union lending center","Not tracked","Not tracked",41.5,,0,,2,,0,
"education first federal credit union beaumont texas","Not tracked","Not tracked",41,,0,,2,,0,
"education personnel credit union danville il","Not tracked","Not tracked",74,,0,,2,,0,
"edwards federal credit union reviews","Not tracked","Not tracked",48.5,,0,,2,,0,
"eecu auto loan","Not tracked","Not tracked",59.5,,0,,2,,0,
"eecu auto loans","Not tracked","Not tracked",54,,0,,2,,0,
"eecu car refinance","Not tracked","Not tracked",58.5,,0,,2,,0,
"eecu loan","Not tracked","Not tracked",45,,0,,2,,0,
"eecu mansfield tx","Not tracked","Not tracked",50.5,,0,,2,,0,
"eecu personal loan rates","Not tracked","Not tracked",59.5,,0,,2,,0,
"eecu texas","Not tracked","Not tracked",39.5,,0,,2,,0,
effcu,"Not tracked","Not tracked",59,,0,,2,,0,
"electrical workers credit union","Not tracked","Not tracked",84,,0,,2,,0,
"element financial services","Not tracked","Not tracked",51,,0,,2,,0,
"elements indianapolis","Not tracked","Not tracked",45.5,,0,,2,,0,
"elite pawn conyers","Not tracked","Not tracked",68.5,,0,,2,,0,
"empower blue credit union","Not tracked","Not tracked",52.5,,0,,2,,0,
emprise,"Not tracked","Not tracked",81.5,,0,,2,,0,
"ent bank colorado springs","Not tracked","Not tracked",52.5,,0,,2,,0,
"ent banking","Not tracked","Not tracked",42,,0,,2,,0,
"ent credit union colorado","Not tracked","Not tracked",41,,0,,2,,0,
"ent cresit union","Not tracked","Not tracked",61.5,,0,,2,,0,
entchecking,"Not tracked","Not tracked",50.5,,0,,2,,0,
entcredit,"Not tracked","Not tracked",59.5,,0,,2,,0,
"equitable bank grand island","Not tracked","Not tracked",53.5,,0,,2,,0,
"equitable bank grand island ne","Not tracked","Not tracked",64,,0,,2,,0,
"espeeco credit union","Not tracked","Not tracked",41,,0,,2,,0,
"espeeco federal credit union","Not tracked","Not tracked",63.5,,0,,2,,0,
"evabank loan payment","Not tracked","Not tracked",72.5,,0,,2,,0,
"ever wise","Not tracked","Not tracked",60,,0,,2,,0,
"everbank jacksonville","Not tracked","Not tracked",68,,0,,2,,0,
"everbank na","Not tracked","Not tracked",50,,0,,2,,0,
"everence bank","Not tracked","Not tracked",50,,0,,2,,0,
"everence credit union","Not tracked","Not tracked",55.5,,0,,2,,0,
"everence fcu","Not tracked","Not tracked",59,,0,,2,,0,
"everglades federal credit union","Not tracked","Not tracked",83,,0,,2,,0,
"evergreen credit union neenah","Not tracked","Not tracked",47.5,,0,,2,,0,
"evergreen direct credit union","Not tracked","Not tracked",39,,0,,2,,0,
"evergreen personal loans","Not tracked","Not tracked",91,,0,,2,,0,
"everwise bank","Not tracked","Not tracked",43.5,,0,,2,,0,
"everwise credit union","Not tracked","Not tracked",74.5,,0,,2,,0,
"everything credit llc","Not tracked","Not tracked",86,,0,,2,,0,
"evolve bank and trust memphis tn","Not tracked","Not tracked",73,,0,,2,,0,
"evolve bank memphis","Not tracked","Not tracked",65,,0,,2,,0,
"eweb employees federal credit union","Not tracked","Not tracked",41,,0,,2,,0,
"expree credit union frankfort ky","Not tracked","Not tracked",47.5,,0,,2,,0,
"express cash","Not tracked","Not tracked",94,,0,,2,,0,
"express check","Not tracked","Not tracked",67.5,,0,,2,,0,
"express pawn shop chula vista","Not tracked","Not tracked",51.5,,0,,2,,0,
"fairfield county bank fairfield ct","Not tracked","Not tracked",60,,0,,2,,0,
"fairfield county bank wilton ct","Not tracked","Not tracked",54,,0,,2,,0,
"fairfield county savings bank","Not tracked","Not tracked",49,,0,,2,,0,
"fairfield federal","Not tracked","Not tracked",68.5,,0,,2,,0,
"fairfield federal lancaster ohio","Not tracked","Not tracked",54,,0,,2,,0,
fairmontfcu,"Not tracked","Not tracked",29,,0,,2,,0,
"fall river municipal credit union","Not tracked","Not tracked",40,,0,,2,,0,
"family 1st credit union","Not tracked","Not tracked",79.5,,0,,2,,0,
"family bank bainbridge","Not tracked","Not tracked",66,,0,,2,,0,
"family bank bainbridge ga","Not tracked","Not tracked",61.5,,0,,2,,0,
"family bank online","Not tracked","Not tracked",55.5,,0,,2,,0,
"family bank pelham ga","Not tracked","Not tracked",57.5,,0,,2,,0,
"family first credit union","Not tracked","Not tracked",82.5,,0,,2,,0,
"family healthcare credit union","Not tracked","Not tracked",87,,0,,2,,0,
"farm bureau bank fsb","Not tracked","Not tracked",32,,0,,2,,0,
"farmers & merchants bank ohio","Not tracked","Not tracked",73,,0,,2,,0,
"farmers and merchants bank archbold ohio","Not tracked","Not tracked",74,,0,,2,,0,
"farmers and merchants national bank","Not tracked","Not tracked",91.5,,0,,2,,0,
"farmers bank danville ky","Not tracked","Not tracked",65,,0,,2,,0,
"farmers bank ks","Not tracked","Not tracked",72.5,,0,,2,,0,
"farmers bank lancaster ky","Not tracked","Not tracked",47,,0,,2,,0,
"farmers bank portland tn","Not tracked","Not tracked",32.5,,0,,2,,0,
"farmers bank tennessee","Not tracked","Not tracked",72.5,,0,,2,,0,
"farmers bank tn","Not tracked","Not tracked",74.5,,0,,2,,0,
"farmers national bank ky","Not tracked","Not tracked",57.5,,0,,2,,0,
"farmers national bank liberty ky","Not tracked","Not tracked",62,,0,,2,,0,
"farmers savings bank colesburg","Not tracked","Not tracked",57,,0,,2,,0,
"farmers savings bank colesburg ia","Not tracked","Not tracked",60,,0,,2,,0,
"farmers savings bank strawberry point","Not tracked","Not tracked",72.5,,0,,2,,0,
"farmers state bank cameron mo","Not tracked","Not tracked",52.5,,0,,2,,0,
"fccu beloit","Not tracked","Not tracked",73.5,,0,,2,,0,
"fed choice fcu","Not tracked","Not tracked",50.5,,0,,2,,0,
"fedchoice credit union","Not tracked","Not tracked",52,,0,,2,,0,
"federal ohio","Not tracked","Not tracked",93.5,,0,,2,,0,
"fee free amplify credit union","Not tracked","Not tracked",74,,0,,2,,0,
"ferrari of austin","Not tracked","Not tracked",80,,0,,2,,0,
"ferrari of austin tx","Not tracked","Not tracked",71.5,,0,,2,,0,
"ferrari service center miami","Not tracked","Not tracked",87,,0,,2,,0,
"ff community credit union","Not tracked","Not tracked",46,,0,,2,,0,
"ff credit union","Not tracked","Not tracked",80.5,,0,,2,,0,
"ffcu bank","Not tracked","Not tracked",82,,0,,2,,0,
"fidelis payment systems","Not tracked","Not tracked",84.5,,0,,2,,0,
"finance factors hawaii","Not tracked","Not tracked",64,,0,,2,,0,
"financial builders","Not tracked","Not tracked",30,,0,,2,,0,
"financial builders credit union kokomo","Not tracked","Not tracked",29,,0,,2,,0,
"financial educators","Not tracked","Not tracked",85,,0,,2,,0,
"financial health credit union","Not tracked","Not tracked",58.5,,0,,2,,0,
"financial partners credit card","Not tracked","Not tracked",67,,0,,2,,0,
"financial partners online banking","Not tracked","Not tracked",50,,0,,2,,0,
"financial resources","Not tracked","Not tracked",82,,0,,2,,0,
"find bank near me","Not tracked","Not tracked",82,,0,,2,,0,
"find credit cards","Not tracked","Not tracked",98,,0,,2,,0,
"finger lakes credit union","Not tracked","Not tracked",46.5,,0,,2,,0,
"finger lakes federal credit union geneva ny","Not tracked","Not tracked",36.5,,0,,2,,0,
"fire fighter first credit union","Not tracked","Not tracked",45.5,,0,,2,,0,
"firefighter first cu","Not tracked","Not tracked",26.5,,0,,2,,0,
"firefighters community credit union cleveland ohio","Not tracked","Not tracked",45.5,,0,,2,,0,
"firefighters credit union cleveland","Not tracked","Not tracked",54,,0,,2,,0,
"first bank & trust co","Not tracked","Not tracked",82.5,,0,,2,,0,
"first bank & trust company","Not tracked","Not tracked",82.5,,0,,2,,0,
"first bank and trust bank","Not tracked","Not tracked",77,,0,,2,,0,
"first bank and trust clinton ok","Not tracked","Not tracked",84.5,,0,,2,,0,
"first bank and trust mortgage","Not tracked","Not tracked",78.5,,0,,2,,0,
"first bank co","Not tracked","Not tracked",71.5,,0,,2,,0,
"first bank lakewood co","Not tracked","Not tracked",53.5,,0,,2,,0,
"first bank of berne farm","Not tracked","Not tracked",71,,0,,2,,0,
"first bank of berne finance","Not tracked","Not tracked",74,,0,,2,,0,
"first bank of berne financial","Not tracked","Not tracked",85.5,,0,,2,,0,
"first bank of berne personal loans","Not tracked","Not tracked",85.5,,0,,2,,0,
"first bank united","Not tracked","Not tracked",66.5,,0,,2,,0,
"first cash pawn essex","Not tracked","Not tracked",51.5,,0,,2,,0,
"first century bank knoxville tn","Not tracked","Not tracked",43.5,,0,,2,,0,
"first century bank tn","Not tracked","Not tracked",53,,0,,2,,0,
"first choice personal loans","Not tracked","Not tracked",97.5,,0,,2,,0,
"first city credit union claremont","Not tracked","Not tracked",61,,0,,2,,0,
"first city credit union credit card","Not tracked","Not tracked",86.5,,0,,2,,0,
"first city credit union financial","Not tracked","Not tracked",56.5,,0,,2,,0,
"first city credit union los angeles","Not tracked","Not tracked",49,,0,,2,,0,
"first city credit union palmdale","Not tracked","Not tracked",53,,0,,2,,0,
"first city savings credit union","Not tracked","Not tracked",62.5,,0,,2,,0,
"first community bank ar review","Not tracked","Not tracked",67.5,,0,,2,,0,
"first community credit union beloit","Not tracked","Not tracked",70.5,,0,,2,,0,
"first community credit union beloit wi","Not tracked","Not tracked",64,,0,,2,,0,
"first community credit union in beloit wisconsin","Not tracked","Not tracked",88,,0,,2,,0,
"first dream bank","Not tracked","Not tracked",48,,0,,2,,0,
"first family fcu","Not tracked","Not tracked",55.5,,0,,2,,0,
"first federal bank lorain ohio","Not tracked","Not tracked",53,,0,,2,,0,
"first federal bank ohio","Not tracked","Not tracked",79.5,,0,,2,,0,
"first federal lorain","Not tracked","Not tracked",50,,0,,2,,0,
"first federal ohio","Not tracked","Not tracked",82.5,,0,,2,,0,
"first federal savings and loan of lorain","Not tracked","Not tracked",68,,0,,2,,0,
"first federal savings bank denver nc","Not tracked","Not tracked",67.5,,0,,2,,0,
"first federal savings bank lincolnton","Not tracked","Not tracked",79,,0,,2,,0,
"first federal savings of lorain ohio","Not tracked","Not tracked",68.5,,0,,2,,0,
"first fidelity bank edmond ok","Not tracked","Not tracked",63,,0,,2,,0,
"first fidelity bank ok","Not tracked","Not tracked",62,,0,,2,,0,
"first fidelity bank oklahoma","Not tracked","Not tracked",59,,0,,2,,0,
"first fidelity bank oklahoma city ok","Not tracked","Not tracked",65,,0,,2,,0,
"first fidelity loans","Not tracked","Not tracked",85,,0,,2,,0,
"first fidelity okc","Not tracked","Not tracked",64.5,,0,,2,,0,
"first financial credit union credit card","Not tracked","Not tracked",70.5,,0,,2,,0,
"first fire credit union","Not tracked","Not tracked",51.5,,0,,2,,0,
"first florida bank","Not tracked","Not tracked",74.5,,0,,2,,0,
"first florida credit union jacksonville","Not tracked","Not tracked",50,,0,,2,,0,
"first imperial credit union el centro","Not tracked","Not tracked",50,,0,,2,,0,
"first lockhart national bank lockhart texas","Not tracked","Not tracked",65,,0,,2,,0,
"first mid america bank","Not tracked","Not tracked",34.5,,0,,2,,0,
"first national bank alaska review","Not tracked","Not tracked",58,,0,,2,,0,
"first national bank burleson texas","Not tracked","Not tracked",63.5,,0,,2,,0,
"first national bank oklahoma","Not tracked","Not tracked",60.5,,0,,2,,0,
"first national bank spearville","Not tracked","Not tracked",68.5,,0,,2,,0,
"first national bank spearville ks","Not tracked","Not tracked",73,,0,,2,,0,
"first northern credit union chicago il","Not tracked","Not tracked",34.5,,0,,2,,0,
"first ohio community fcu","Not tracked","Not tracked",43,,0,,2,,0,
"first ohio credit union","Not tracked","Not tracked",41.5,,0,,2,,0,
"first ohio federal community credit union","Not tracked","Not tracked",41,,0,,2,,0,
"first security bank nora springs","Not tracked","Not tracked",79,,0,,2,,0,
"first sentinel","Not tracked","Not tracked",56,,0,,2,,0,
"first sentinel bank","Not tracked","Not tracked",51,,0,,2,,0,
"first sentinel bank richlands va","Not tracked","Not tracked",47,,0,,2,,0,
"first south bank","Not tracked","Not tracked",58.5,,0,,2,,0,
"first southern bank marion il","Not tracked","Not tracked",43,,0,,2,,0,
"first southern bank scottsboro al","Not tracked","Not tracked",62.5,,0,,2,,0,
"first southern bank stevenson","Not tracked","Not tracked",66,,0,,2,,0,
"first southern state bank stevenson al","Not tracked","Not tracked",57,,0,,2,,0,
"first state bank buxton","Not tracked","Not tracked",50.5,,0,,2,,0,
"first state bank haskell texas","Not tracked","Not tracked",92,,0,,2,,0,
"first state bank haskell tx","Not tracked","Not tracked",71,,0,,2,,0,
"first state bank jasper tx","Not tracked","Not tracked",68.5,,0,,2,,0,
"first state bank livingston","Not tracked","Not tracked",59.5,,0,,2,,0,
"first state bank norton","Not tracked","Not tracked",68.5,,0,,2,,0,
"first state bank of texas beaumont","Not tracked","Not tracked",92,,0,,2,,0,
"first state bank shepherd tx","Not tracked","Not tracked",72.5,,0,,2,,0,
"first state bank winfield al","Not tracked","Not tracked",83.5,,0,,2,,0,
"first trust bank pa","Not tracked","Not tracked",31.5,,0,,2,,0,
"first trust bank philadelphia","Not tracked","Not tracked",46,,0,,2,,0,
"first trust credit","Not tracked","Not tracked",61,,0,,2,,0,
"first trust federal credit union","Not tracked","Not tracked",61,,0,,2,,0,
"first unite bank","Not tracked","Not tracked",55.5,,0,,2,,0,
"first united bank & trust cumberland md","Not tracked","Not tracked",66,,0,,2,,0,
"first united bank credit","Not tracked","Not tracked",72,,0,,2,,0,
"first united bank horseshoe bay","Not tracked","Not tracked",83.5,,0,,2,,0,
"first united bank oakland","Not tracked","Not tracked",78,,0,,2,,0,
"first valley credit union","Not tracked","Not tracked",74.5,,0,,2,,0,
"firstbank and trust","Not tracked","Not tracked",74.5,,0,,2,,0,
"firstbank reviews","Not tracked","Not tracked",77,,0,,2,,0,
firstcitizensbank,"Not tracked","Not tracked",63.5,,0,,2,,0,
firstfedohio,"Not tracked","Not tracked",82,,0,,2,,0,
firstfidelitybank,"Not tracked","Not tracked",76.5,,0,,2,,0,
"firstrust bank philadelphia","Not tracked","Not tracked",48.5,,0,,2,,0,
"firstsouth financial","Not tracked","Not tracked",52.5,,0,,2,,0,
"firstunited bank","Not tracked","Not tracked",57,,0,,2,,0,
"fl central credit union","Not tracked","Not tracked",48.5,,0,,2,,0,
"florida business development","Not tracked","Not tracked",76,,0,,2,,0,
"florida central credit","Not tracked","Not tracked",42.5,,0,,2,,0,
"florida central credit inion","Not tracked","Not tracked",46,,0,,2,,0,
"fnb bank midwest city","Not tracked","Not tracked",35,,0,,2,,0,
"fora financial llc","Not tracked","Not tracked",67.5,,0,,2,,0,
"fora funding","Not tracked","Not tracked",56,,0,,2,,0,
"formation credit union","Not tracked","Not tracked",48,,0,,2,,0,
"formula funding","Not tracked","Not tracked",83.5,,0,,2,,0,
"fort community credit","Not tracked","Not tracked",28.5,,0,,2,,0,
"fort sill credit","Not tracked","Not tracked",40,,0,,2,,0,
"fort sill fcu","Not tracked","Not tracked",37.5,,0,,2,,0,
"forte bank hartford wi","Not tracked","Not tracked",33.5,,0,,2,,0,
fortebank,"Not tracked","Not tracked",49.5,,0,,2,,0,
"founders federal credit union monroe nc","Not tracked","Not tracked",54.5,,0,,2,,0,
"founders monroe nc","Not tracked","Not tracked",48.5,,0,,2,,0,
"four leaf banking","Not tracked","Not tracked",33.5,,0,,2,,0,
"fpcu credit union","Not tracked","Not tracked",72,,0,,2,,0,
"franklin state bank & trust co winnsboro la","Not tracked","Not tracked",60.5,,0,,2,,0,
"franklin state bank winnsboro louisiana","Not tracked","Not tracked",59,,0,,2,,0,
"freedom debt resolution","Not tracked","Not tracked",81,,0,,2,,0,
"freedom of maryland fcu credit union","Not tracked","Not tracked",48.5,,0,,2,,0,
"freedom of maryland fcu fee","Not tracked","Not tracked",32,,0,,2,,0,
"freedom of maryland federal credit union lender","Not tracked","Not tracked",46,,0,,2,,0,
"freedom of maryland federal credit union overdraft","Not tracked","Not tracked",39,,0,,2,,0,
"fremont bank business","Not tracked","Not tracked",69,,0,,2,,0,
"fremont bank fremont ca","Not tracked","Not tracked",43,,0,,2,,0,
"fresh start auto finance","Not tracked","Not tracked",98,,0,,2,,0,
freshstartheadstart,"Not tracked","Not tracked",90.5,,0,,2,,0,
"frisco credit union","Not tracked","Not tracked",91.5,,0,,2,,0,
"front royal federal credit union","Not tracked","Not tracked",31.5,,0,,2,,0,
"fsb cameron mo","Not tracked","Not tracked",58,,0,,2,,0,
"ga united credit union","Not tracked","Not tracked",35,,0,,2,,0,
"gallatin steam plant credit union","Not tracked","Not tracked",39.5,,0,,2,,0,
"ganas ya","Not tracked","Not tracked",52.5,,0,,2,,0,
"garden saving","Not tracked","Not tracked",56,,0,,2,,0,
"garden savings bank","Not tracked","Not tracked",47.5,,0,,2,,0,
"garden savings federal credit union reviews","Not tracked","Not tracked",51,,0,,2,,0,
"garden state savings","Not tracked","Not tracked",49.5,,0,,2,,0,
"gauntlet funding","Not tracked","Not tracked",68.5,,0,,2,,0,
"gbc finance","Not tracked","Not tracked",62,,0,,2,,0,
"gecu checking account monthly fee","Not tracked","Not tracked",53.5,,0,,2,,0,
"gecu ep","Not tracked","Not tracked",43,,0,,2,,0,
"generations bank junction city ar","Not tracked","Not tracked",58,,0,,2,,0,
"genisis bank","Not tracked","Not tracked",90,,0,,2,,0,
"georgia credit","Not tracked","Not tracked",72,,0,,2,,0,
"georgia credit union","Not tracked","Not tracked",41,,0,,2,,0,
"georgia power credit union carrollton ga","Not tracked","Not tracked",70.5,,0,,2,,0,
"georgia's own credit union reviews","Not tracked","Not tracked",63.5,,0,,2,,0,
"geovista credit","Not tracked","Not tracked",37.5,,0,,2,,0,
"geovista hinesville","Not tracked","Not tracked",41,,0,,2,,0,
ghfcu,"Not tracked","Not tracked",40,,0,,2,,0,
"glendale federal bank","Not tracked","Not tracked",58.5,,0,,2,,0,
"glendale federal credit union glendale ca","Not tracked","Not tracked",44.5,,0,,2,,0,
"glenn falls bank","Not tracked","Not tracked",38,,0,,2,,0,
"glens falls national bank & trust company","Not tracked","Not tracked",50,,0,,2,,0,
"glens falls national bank and trust co","Not tracked","Not tracked",50.5,,0,,2,,0,
"glens national bank","Not tracked","Not tracked",41.5,,0,,2,,0,
glensfallsnationalbank,"Not tracked","Not tracked",41,,0,,2,,0,
"glenwood state","Not tracked","Not tracked",57,,0,,2,,0,
"global bank credit union","Not tracked","Not tracked",57.5,,0,,2,,0,
"global credit union become a member","Not tracked","Not tracked",68.5,,0,,2,,0,
"global credit union business money market","Not tracked","Not tracked",72,,0,,2,,0,
"global credit union cash back","Not tracked","Not tracked",63,,0,,2,,0,
"global credit union fixed rate","Not tracked","Not tracked",87,,0,,2,,0,
"global credit union interest rate","Not tracked","Not tracked",84,,0,,2,,0,
"global credit union line of credit","Not tracked","Not tracked",74,,0,,2,,0,
"global credit union minimum balance","Not tracked","Not tracked",66.5,,0,,2,,0,
"global credit union overdraft protection","Not tracked","Not tracked",81.5,,0,,2,,0,
"global credit union paypal","Not tracked","Not tracked",75.5,,0,,2,,0,
"global credit union professional services","Not tracked","Not tracked",80.5,,0,,2,,0,
"global credit union provider","Not tracked","Not tracked",67.5,,0,,2,,0,
"global cu","Not tracked","Not tracked",56.5,,0,,2,,0,
"global federal credit union","Not tracked","Not tracked",54,,0,,2,,0,
"go bank atm","Not tracked","Not tracked",71.5,,0,,2,,0,
"gold and sachs bank","Not tracked","Not tracked",60.5,,0,,2,,0,
"gold loan arizona","Not tracked","Not tracked",89.5,,0,,2,,0,
"golden jewelers reviews","Not tracked","Not tracked",49.5,,0,,2,,0,
"golden oak lending reviews","Not tracked","Not tracked",62,,0,,2,,0,
"golden plains credit union","Not tracked","Not tracked",43,,0,,2,,0,
"goldman sachs bank usa","Not tracked","Not tracked",21.5,,0,,2,,0,
"goldman sachs banking","Not tracked","Not tracked",76.5,,0,,2,,0,
"gorascal mortgage","Not tracked","Not tracked",63,,0,,2,,0,
"gorascal reviews","Not tracked","Not tracked",68,,0,,2,,0,
"grand ridge national bank cd rates","Not tracked","Not tracked",58.5,,0,,2,,0,
"greater cleveland firefighters credit union","Not tracked","Not tracked",48,,0,,2,,0,
"greater credit","Not tracked","Not tracked",81,,0,,2,,0,
"greater kcu","Not tracked","Not tracked",54.5,,0,,2,,0,
"greenbelt bank","Not tracked","Not tracked",58.5,,0,,2,,0,
"greenfield banking co greenfield tn","Not tracked","Not tracked",51.5,,0,,2,,0,
"greenfield banking company tn","Not tracked","Not tracked",70,,0,,2,,0,
"greenville heritage bank","Not tracked","Not tracked",45,,0,,2,,0,
"greenville heritage credit union simpsonville","Not tracked","Not tracked",42.5,,0,,2,,0,
"greenville heritage fcu","Not tracked","Not tracked",47,,0,,2,,0,
"greenville heritage federal credit union greenville sc","Not tracked","Not tracked",61.5,,0,,2,,0,
"greenville heritage federal credit union simpsonville sc","Not tracked","Not tracked",41.5,,0,,2,,0,
"greenville heritage simpsonville sc","Not tracked","Not tracked",44,,0,,2,,0,
"greenville national bank bradford ohio","Not tracked","Not tracked",77,,0,,2,,0,
"greenville national bank greenville ohio","Not tracked","Not tracked",81,,0,,2,,0,
"gte fcu auto loan rates","Not tracked","Not tracked",73,,0,,2,,0,
"gte financial credit union","Not tracked","Not tracked",32.5,,0,,2,,0,
"guaranty bank and trust belzoni ms","Not tracked","Not tracked",48.5,,0,,2,,0,
"guaranty bank ms","Not tracked","Not tracked",52,,0,,2,,0,
"guaranty bank reviews","Not tracked","Not tracked",78,,0,,2,,0,
"guardian credit union reviews","Not tracked","Not tracked",65.5,,0,,2,,0,
"guide to credit scores","Not tracked","Not tracked",95.5,,0,,2,,0,
"gulf coast community federal credit union","Not tracked","Not tracked",51.5,,0,,2,,0,
"gulf winds credit","Not tracked","Not tracked",34,,0,,2,,0,
"gulf winds credt","Not tracked","Not tracked",29.5,,0,,2,,0,
"gulf winds cu","Not tracked","Not tracked",42,,0,,2,,0,
"harleysville checking accounts","Not tracked","Not tracked",25.5,,0,,2,,0,
"haverhill fire department credit union","Not tracked","Not tracked",51,,0,,2,,0,
healhtnet,"Not tracked","Not tracked",89.5,,0,,2,,0,
"health net com","Not tracked","Not tracked",59.5,,0,,2,,0,
"health net covered ca","Not tracked","Not tracked",64.5,,0,,2,,0,
"health net life insurance company","Not tracked","Not tracked",71,,0,,2,,0,
"health net medi cal","Not tracked","Not tracked",49.5,,0,,2,,0,
"health net medical","Not tracked","Not tracked",81,,0,,2,,0,
"health net medicare","Not tracked","Not tracked",69,,0,,2,,0,
"health net of ca","Not tracked","Not tracked",75,,0,,2,,0,
"healthnet insurance","Not tracked","Not tracked",56,,0,,2,,0,
"healthnet insurance plans","Not tracked","Not tracked",73,,0,,2,,0,
"hebrew free loan san francisco","Not tracked","Not tracked",47,,0,,2,,0,
"heights finance corp","Not tracked","Not tracked",54.5,,0,,2,,0,
"heights finance joliet","Not tracked","Not tracked",67.5,,0,,2,,0,
"heights finance louisville ky","Not tracked","Not tracked",57,,0,,2,,0,
"heights finance okc","Not tracked","Not tracked",42,,0,,2,,0,
"heights finance ottawa il","Not tracked","Not tracked",78.5,,0,,2,,0,
"heights financing","Not tracked","Not tracked",40.5,,0,,2,,0,
helathnet,"Not tracked","Not tracked",89.5,,0,,2,,0,
"heritage auto loan","Not tracked","Not tracked",97,,0,,2,,0,
"heritage bank dennison mn","Not tracked","Not tracked",57,,0,,2,,0,
"heritage bank mn","Not tracked","Not tracked",65,,0,,2,,0,
"heritage national bank","Not tracked","Not tracked",86.5,,0,,2,,0,
"herring bank reviews","Not tracked","Not tracked",50.5,,0,,2,,0,
"herring bank vernon","Not tracked","Not tracked",50.5,,0,,2,,0,
"herring bank vernon tx","Not tracked","Not tracked",49.5,,0,,2,,0,
"herring national bank","Not tracked","Not tracked",40,,0,,2,,0,
herringbank,"Not tracked","Not tracked",38,,0,,2,,0,
"hfs bank","Not tracked","Not tracked",47,,0,,2,,0,
"hfs credit union","Not tracked","Not tracked",37.5,,0,,2,,0,
"hfs cu","Not tracked","Not tracked",41.5,,0,,2,,0,
"hfs kona","Not tracked","Not tracked",61.5,,0,,2,,0,
hfsfcu,"Not tracked","Not tracked",35.5,,0,,2,,0,
"hi credit union payment processing","Not tracked","Not tracked",88,,0,,2,,0,
"hills bank and trust","Not tracked","Not tracked",45.5,,0,,2,,0,
hilltopnationalbank,"Not tracked","Not tracked",65.5,,0,,2,,0,
"home access financial","Not tracked","Not tracked",87,,0,,2,,0,
"home access financial llc","Not tracked","Not tracked",92.5,,0,,2,,0,
"home bank interest rates","Not tracked","Not tracked",89.5,,0,,2,,0,
"home federal savings","Not tracked","Not tracked",89,,0,,2,,0,
"home loan savings bank in coshocton ohio","Not tracked","Not tracked",81.5,,0,,2,,0,
"home loan savings bank mount vernon ohio","Not tracked","Not tracked",47,,0,,2,,0,
homebanksb,"Not tracked","Not tracked",33.5,,0,,2,,0,
"hometown credit","Not tracked","Not tracked",57,,0,,2,,0,
"hometown credit union","Not tracked","Not tracked",54,,0,,2,,0,
homewise,"Not tracked","Not tracked",84.5,,0,,2,,0,
"homewood federal savings bank","Not tracked","Not tracked",51,,0,,2,,0,
homewose,"Not tracked","Not tracked",81,,0,,2,,0,
"honda of seattle reviews","Not tracked","Not tracked",41,,0,,2,,0,
"horizon north credit union","Not tracked","Not tracked",36,,0,,2,,0,
"house of cars louisville","Not tracked","Not tracked",71,,0,,2,,0,
"houston finance","Not tracked","Not tracked",92,,0,,2,,0,
"houston highway credit union","Not tracked","Not tracked",43,,0,,2,,0,
"houston highway credit union houston tx","Not tracked","Not tracked",36,,0,,2,,0,
"houston pawn sharpstown","Not tracked","Not tracked",42.5,,0,,2,,0,
"how much does experian boost cost","Not tracked","Not tracked",24,,0,,2,,0,
"hud housing greensboro nc","Not tracked","Not tracked",65.5,,0,,2,,0,
"hughes federal credit union dox","Not tracked","Not tracked",85.5,,0,,2,,0,
"iaa credit union bloomington","Not tracked","Not tracked",26,,0,,2,,0,
"ibew 48 credit union","Not tracked","Not tracked",76.5,,0,,2,,0,
"ibew bank","Not tracked","Not tracked",90,,0,,2,,0,
"ibew credit union","Not tracked","Not tracked",96.5,,0,,2,,0,
"ibew local 48 credit union","Not tracked","Not tracked",76,,0,,2,,0,
ibewuwfcu,"Not tracked","Not tracked",45,,0,,2,,0,
"idaho credit union bank","Not tracked","Not tracked",46.5,,0,,2,,0,
idahocentral,"Not tracked","Not tracked",58.5,,0,,2,,0,
"iec federal credit union","Not tracked","Not tracked",71.5,,0,,2,,0,
"ilwu credit","Not tracked","Not tracked",26,,0,,2,,0,
"ilwu credit union oakland","Not tracked","Not tracked",32.5,,0,,2,,0,
"imperial federal credit union","Not tracked","Not tracked",39,,0,,2,,0,
"incharge debt solutions orlando","Not tracked","Not tracked",61,,0,,2,,0,
"indiana finance company reviews","Not tracked","Not tracked",65.5,,0,,2,,0,
"indiana heartland","Not tracked","Not tracked",45.5,,0,,2,,0,
"indiana heartland credit union","Not tracked","Not tracked",62,,0,,2,,0,
"indiana heartland federal credit union","Not tracked","Not tracked",67,,0,,2,,0,
"indiana heartland federal credit union kokomo indiana","Not tracked","Not tracked",66.5,,0,,2,,0,
"indy auto finance","Not tracked","Not tracked",86,,0,,2,,0,
"indy pawn","Not tracked","Not tracked",60.5,,0,,2,,0,
"indy pawn pendleton pike","Not tracked","Not tracked",51,,0,,2,,0,
"infuze credit","Not tracked","Not tracked",43,,0,,2,,0,
"infuze credit union waynesville","Not tracked","Not tracked",41,,0,,2,,0,
"inroads credit union rainier oregon","Not tracked","Not tracked",37,,0,,2,,0,
"instaloan on fowler","Not tracked","Not tracked",62,,0,,2,,0,
"instaloan tampa","Not tracked","Not tracked",57,,0,,2,,0,
"interbank business checking","Not tracked","Not tracked",81.5,,0,,2,,0,
"intercambio express inc","Not tracked","Not tracked",38,,0,,2,,0,
"intrepid bank","Not tracked","Not tracked",66.5,,0,,2,,0,
investex,"Not tracked","Not tracked",45,,0,,2,,0,
"investex credit union","Not tracked","Not tracked",54,,0,,2,,0,
"inwood national bank review","Not tracked","Not tracked",52,,0,,2,,0,
"is all in credit union legit","Not tracked","Not tracked",78.5,,0,,2,,0,
"is health net medicare","Not tracked","Not tracked",64,,0,,2,,0,
"is healthnet medicaid","Not tracked","Not tracked",80.5,,0,,2,,0,
"is tidal lending legit","Not tracked","Not tracked",57.5,,0,,2,,0,
"jackson county bank checking","Not tracked","Not tracked",40.5,,0,,2,,0,
"jackson county bank jcb","Not tracked","Not tracked",33,,0,,2,,0,
"jcb payment method","Not tracked","Not tracked",63.5,,0,,2,,0,
"jcbank secure","Not tracked","Not tracked",70,,0,,2,,0,
"jet lending, llc","Not tracked","Not tracked",54,,0,,2,,0,
"jet mortgage reviews","Not tracked","Not tracked",85.5,,0,,2,,0,
"jet simple loan","Not tracked","Not tracked",88.5,,0,,2,,0,
"jetstream federal credit union","Not tracked","Not tracked",38,,0,,2,,0,
"jsc fcu near me","Not tracked","Not tracked",55,,0,,2,,0,
"jsc personal loans","Not tracked","Not tracked",77,,0,,2,,0,
"justice finance east grand","Not tracked","Not tracked",43.5,,0,,2,,0,
"kansas blue cross credit union","Not tracked","Not tracked",50.5,,0,,2,,0,
"kansas state bank","Not tracked","Not tracked",73.5,,0,,2,,0,
"kansas state bank wichita","Not tracked","Not tracked",68.5,,0,,2,,0,
"kansas state university credit union","Not tracked","Not tracked",65,,0,,2,,0,
kasheesh,"Not tracked","Not tracked",27,,0,,2,,0,
"kemba business account","Not tracked","Not tracked",62.5,,0,,2,,0,
"kemba credit","Not tracked","Not tracked",71,,0,,2,,0,
"kemba credit union inc","Not tracked","Not tracked",68.5,,0,,2,,0,
"kemba financial","Not tracked","Not tracked",70,,0,,2,,0,
"kemba loans","Not tracked","Not tracked",64.5,,0,,2,,0,
"kemba louisville credit union","Not tracked","Not tracked",66.5,,0,,2,,0,
"kennett trust bank","Not tracked","Not tracked",44.5,,0,,2,,0,
"keystone credit","Not tracked","Not tracked",90,,0,,2,,0,
"keystone credit union tyler tx","Not tracked","Not tracked",62,,0,,2,,0,
"kimberly clark cu","Not tracked","Not tracked",39.5,,0,,2,,0,
"kinetic union","Not tracked","Not tracked",49,,0,,2,,0,
"king's pawn escondido","Not tracked","Not tracked",47,,0,,2,,0,
"kirtland bank","Not tracked","Not tracked",37.5,,0,,2,,0,
"kirtland federal credit union albuquerque nm","Not tracked","Not tracked",43,,0,,2,,0,
"kitsap cu","Not tracked","Not tracked",34,,0,,2,,0,
"koster cash loans","Not tracked","Not tracked",52.5,,0,,2,,0,
"koster finance","Not tracked","Not tracked",31,,0,,2,,0,
"ks state bank reviews","Not tracked","Not tracked",49,,0,,2,,0,
"la porte community federal credit union","Not tracked","Not tracked",61,,0,,2,,0,
"langley norfolk va","Not tracked","Not tracked",64.5,,0,,2,,0,
"larry h miller chrysler tucson","Not tracked","Not tracked",72.5,,0,,2,,0,
"larry miller jeep tucson az","Not tracked","Not tracked",54.5,,0,,2,,0,
"las vegas pawn shop in victorville","Not tracked","Not tracked",73.5,,0,,2,,0,
"las vegas pawn victorville","Not tracked","Not tracked",65.5,,0,,2,,0,
"las vegas pawn victorville ca","Not tracked","Not tracked",46.5,,0,,2,,0,
"leaf commercial capital capital alliance","Not tracked","Not tracked",88.5,,0,,2,,0,
"lee bank mortgage rates","Not tracked","Not tracked",82.5,,0,,2,,0,
"lee bank online","Not tracked","Not tracked",57,,0,,2,,0,
leebank,"Not tracked","Not tracked",58.5,,0,,2,,0,
"legacy bank hinton","Not tracked","Not tracked",69,,0,,2,,0,
"lending lcub","Not tracked","Not tracked",77,,0,,2,,0,
"lendingclub bank","Not tracked","Not tracked",58,,0,,2,,0,
"lendistry loan","Not tracked","Not tracked",45.5,,0,,2,,0,
"lendnation roeland park","Not tracked","Not tracked",42,,0,,2,,0,
"leo hamel old town","Not tracked","Not tracked",48.5,,0,,2,,0,
"leverage capital network reviews","Not tracked","Not tracked",43,,0,,2,,0,
"lfg lending","Not tracked","Not tracked",76.5,,0,,2,,0,
"lfg services","Not tracked","Not tracked",93.5,,0,,2,,0,
"lge credit union louisville","Not tracked","Not tracked",56.5,,0,,2,,0,
"lge credit union louisville ky","Not tracked","Not tracked",59,,0,,2,,0,
"lincoln maine federal credit union","Not tracked","Not tracked",42,,0,,2,,0,
"lincoln sda credit union","Not tracked","Not tracked",50.5,,0,,2,,0,
"link bank treasury management","Not tracked","Not tracked",86.5,,0,,2,,0,
"liv oak bank","Not tracked","Not tracked",80,,0,,2,,0,
"live oak bank headquarters","Not tracked","Not tracked",77.5,,0,,2,,0,
"live oak bank nc","Not tracked","Not tracked",68,,0,,2,,0,
"live oak bank north carolina","Not tracked","Not tracked",48.5,,0,,2,,0,
"live oak company","Not tracked","Not tracked",75,,0,,2,,0,
lmfcu,"Not tracked","Not tracked",44,,0,,2,,0,
"lmfcu lincoln maine","Not tracked","Not tracked",37,,0,,2,,0,
"loan depot okc","Not tracked","Not tracked",12.5,,0,,2,,0,
loancarellc,"Not tracked","Not tracked",41,,0,,2,,0,
"loanmax title loans","Not tracked","Not tracked",45.5,,0,,2,,0,
"loanmax title loans louisville","Not tracked","Not tracked",46.5,,0,,2,,0,
"loans for startup","Not tracked","Not tracked",90,,0,,2,,0,
"local 1776 credit union","Not tracked","Not tracked",58.5,,0,,2,,0,
"local 1776 federal credit union","Not tracked","Not tracked",50.5,,0,,2,,0,
"local 56 credit union","Not tracked","Not tracked",79,,0,,2,,0,
"local bank","Not tracked","Not tracked",95.5,,0,,2,,0,
"local bank tuscaloosa","Not tracked","Not tracked",9,,0,,2,,0,
"local lender","Not tracked","Not tracked",100,,0,,2,,0,
"lockheed martin federal credit union","Not tracked","Not tracked",53.5,,0,,2,,0,
"lokahi bank","Not tracked","Not tracked",41,,0,,2,,0,
"long island alliance","Not tracked","Not tracked",47.5,,0,,2,,0,
"long island city td bank","Not tracked","Not tracked",45.5,,0,,2,,0,
"longhorn financial","Not tracked","Not tracked",59.5,,0,,2,,0,
"longhorn lending","Not tracked","Not tracked",48.5,,0,,2,,0,
"lorain bank","Not tracked","Not tracked",53,,0,,2,,0,
"louisville gas and electric credit union","Not tracked","Not tracked",63.5,,0,,2,,0,
"lower payment auto title loans glendale","Not tracked","Not tracked",80.5,,0,,2,,0,
"lucky's pawn and loan","Not tracked","Not tracked",76,,0,,2,,0,
"lufthansa credit union","Not tracked","Not tracked",45,,0,,2,,0,
"lusitania bank","Not tracked","Not tracked",51.5,,0,,2,,0,
"lusitania bank newark nj","Not tracked","Not tracked",43.5,,0,,2,,0,
"lusitania savings bank hillside nj","Not tracked","Not tracked",52,,0,,2,,0,
"lusitania savings bank newark nj","Not tracked","Not tracked",46,,0,,2,,0,
"madison fire department credit union","Not tracked","Not tracked",33.5,,0,,2,,0,
"magnolia bank hodgenville ky","Not tracked","Not tracked",68,,0,,2,,0,
"main street bank fredericksburg ohio","Not tracked","Not tracked",51,,0,,2,,0,
"maine family federal credit union lewiston maine","Not tracked","Not tracked",42,,0,,2,,0,
"mainstreet banking","Not tracked","Not tracked",76.5,,0,,2,,0,
"mainstreet credit union","Not tracked","Not tracked",47.5,,0,,2,,0,
"malden credit union","Not tracked","Not tracked",45.5,,0,,2,,0,
"manasquan bank interest rates","Not tracked","Not tracked",73,,0,,2,,0,
"mandan railway credit union","Not tracked","Not tracked",47.5,,0,,2,,0,
"manufacture bank","Not tracked","Not tracked",55.5,,0,,2,,0,
"marina loan company","Not tracked","Not tracked",26.5,,0,,2,,0,
"mariner finance bowie md","Not tracked","Not tracked",60,,0,,2,,0,
"mariner finance high point north carolina","Not tracked","Not tracked",49.5,,0,,2,,0,
"mariner finance tampa","Not tracked","Not tracked",29,,0,,2,,0,
"marks jewelers reviews","Not tracked","Not tracked",57.5,,0,,2,,0,
"masters credit consultants","Not tracked","Not tracked",56.5,,0,,2,,0,
"masters group auto center","Not tracked","Not tracked",49.5,,0,,2,,0,
"mb capital solutions reviews","Not tracked","Not tracked",55.5,,0,,2,,0,
"mccoy fcu","Not tracked","Not tracked",42,,0,,2,,0,
"mccu battle creek","Not tracked","Not tracked",30.5,,0,,2,,0,
"mccu credit union","Not tracked","Not tracked",84,,0,,2,,0,
"mcm credit union","Not tracked","Not tracked",82,,0,,2,,0,
"mcs bank cd rates","Not tracked","Not tracked",63,,0,,2,,0,
"mcs bank routing number","Not tracked","Not tracked",74,,0,,2,,0,
"mcu home loan reviews","Not tracked","Not tracked",55.5,,0,,2,,0,
"medi cal health net","Not tracked","Not tracked",55.5,,0,,2,,0,
"mellon trust","Not tracked","Not tracked",94,,0,,2,,0,
"member trust","Not tracked","Not tracked",95,,0,,2,,0,
"members 1st of nj federal credit union","Not tracked","Not tracked",62.5,,0,,2,,0,
"members 1st vineland nj","Not tracked","Not tracked",40,,0,,2,,0,
"members first credit union decatur ga","Not tracked","Not tracked",47,,0,,2,,0,
"members first credit union ga","Not tracked","Not tracked",42.5,,0,,2,,0,
"members first credit union vineland nj","Not tracked","Not tracked",38,,0,,2,,0,
"members first ga","Not tracked","Not tracked",39.5,,0,,2,,0,
"members one","Not tracked","Not tracked",72,,0,,2,,0,
"members one nj","Not tracked","Not tracked",38,,0,,2,,0,
"members trust fcu","Not tracked","Not tracked",54.5,,0,,2,,0,
"members trust federal credit union houston","Not tracked","Not tracked",36,,0,,2,,0,
membersfirst,"Not tracked","Not tracked",80.5,,0,,2,,0,
"memorial federal credit union","Not tracked","Not tracked",64,,0,,2,,0,
"mercedes benz of seattle reviews","Not tracked","Not tracked",63.5,,0,,2,,0,
"mercedes of seattle","Not tracked","Not tracked",61,,0,,2,,0,
"mercedes-benz of seattle","Not tracked","Not tracked",57.5,,0,,2,,0,
"mercer county community credit union","Not tracked","Not tracked",53.5,,0,,2,,0,
"mercer county credit union","Not tracked","Not tracked",68,,0,,2,,0,
"mercer county credit union hermitage pa","Not tracked","Not tracked",58.5,,0,,2,,0,
"mercer county credit union sharon pa","Not tracked","Not tracked",58,,0,,2,,0,
"merchant banking resources","Not tracked","Not tracked",89,,0,,2,,0,
"merchant cash partners","Not tracked","Not tracked",80,,0,,2,,0,
"merchants and citizens bank mcrae ga","Not tracked","Not tracked",73.5,,0,,2,,0,
"mercury bank","Not tracked","Not tracked",53.5,,0,,2,,0,
"mercury finance company","Not tracked","Not tracked",55.5,,0,,2,,0,
"mercury san francisco","Not tracked","Not tracked",69.5,,0,,2,,0,
"meriwest credit","Not tracked","Not tracked",48,,0,,2,,0,
"meriwest cu","Not tracked","Not tracked",49,,0,,2,,0,
"meriwest mortgage rates","Not tracked","Not tracked",70.5,,0,,2,,0,
"mesa financial","Not tracked","Not tracked",90.5,,0,,2,,0,
"mesquite credit union","Not tracked","Not tracked",49.5,,0,,2,,0,
"metro bank ny","Not tracked","Not tracked",72,,0,,2,,0,
"metro bank nyc","Not tracked","Not tracked",77,,0,,2,,0,
"metro community bank","Not tracked","Not tracked",72.5,,0,,2,,0,
"metro employees credit union","Not tracked","Not tracked",55.5,,0,,2,,0,
"metro north credit union","Not tracked","Not tracked",60.5,,0,,2,,0,
"metro north federal credit union","Not tracked","Not tracked",85,,0,,2,,0,
"metropolitan credit union","Not tracked","Not tracked",72.5,,0,,2,,0,
"metropolitan personal loan","Not tracked","Not tracked",89,,0,,2,,0,
"mhv credit union","Not tracked","Not tracked",53,,0,,2,,0,
"mhv fcu","Not tracked","Not tracked",47.5,,0,,2,,0,
"mhvfcu middletown","Not tracked","Not tracked",52.5,,0,,2,,0,
"mhvfcu personal loan","Not tracked","Not tracked",78,,0,,2,,0,
"miami currency","Not tracked","Not tracked",77.5,,0,,2,,0,
"miami exchange money","Not tracked","Not tracked",81,,0,,2,,0,
"miami lakes am llc","Not tracked","Not tracked",62,,0,,2,,0,
"miami lakes automall reviews","Not tracked","Not tracked",43.5,,0,,2,,0,
"mid first bank okc","Not tracked","Not tracked",59,,0,,2,,0,
"mid hudson bank","Not tracked","Not tracked",51.5,,0,,2,,0,
"mid hudson valley credit","Not tracked","Not tracked",47.5,,0,,2,,0,
"mid-hudson valley federal credit union","Not tracked","Not tracked",51.5,,0,,2,,0,
"middle tn bank online banking","Not tracked","Not tracked",61.5,,0,,2,,0,
"midfirst babk","Not tracked","Not tracked",67.5,,0,,2,,0,
"midfirst bank checks","Not tracked","Not tracked",68,,0,,2,,0,
midfirst.,"Not tracked","Not tracked",65.5,,0,,2,,0,
"midhudson bank","Not tracked","Not tracked",59,,0,,2,,0,
"midland credit","Not tracked","Not tracked",70,,0,,2,,0,
"midwest american","Not tracked","Not tracked",92,,0,,2,,0,
"midwest family","Not tracked","Not tracked",34,,0,,2,,0,
"midwest family credit union","Not tracked","Not tracked",80,,0,,2,,0,
"mil way credit union","Not tracked","Not tracked",73.5,,0,,2,,0,
"milford federal bank milford ma","Not tracked","Not tracked",43,,0,,2,,0,
"milford federal savings and loan association","Not tracked","Not tracked",50,,0,,2,,0,
milfordfederal,"Not tracked","Not tracked",43.5,,0,,2,,0,
"millard credit union","Not tracked","Not tracked",70.5,,0,,2,,0,
"miller jeep tucson","Not tracked","Not tracked",56,,0,,2,,0,
"milway fcu","Not tracked","Not tracked",56.5,,0,,2,,0,
"minnesota bank and trust","Not tracked","Not tracked",85.5,,0,,2,,0,
"mission federal credit union interest rates","Not tracked","Not tracked",66.5,,0,,2,,0,
"missouri electric credit union","Not tracked","Not tracked",48.5,,0,,2,,0,
"modern loan","Not tracked","Not tracked",90,,0,,2,,0,
"modern loans","Not tracked","Not tracked",83.5,,0,,2,,0,
"money management company","Not tracked","Not tracked",75.5,,0,,2,,0,
"moneygram albuquerque","Not tracked","Not tracked",37.5,,0,,2,,0,
"moneygram fort lauderdale","Not tracked","Not tracked",44,,0,,2,,0,
"moneysharp credit counseling","Not tracked","Not tracked",53,,0,,2,,0,
"montana capital loan","Not tracked","Not tracked",31.5,,0,,2,,0,
"mortgage rates rockland trust","Not tracked","Not tracked",71,,0,,2,,0,
"mostar motors","Not tracked","Not tracked",53.5,,0,,2,,0,
"mr loan","Not tracked","Not tracked",88,,0,,2,,0,
"mr. pawn nyc","Not tracked","Not tracked",18,,0,,2,,0,
"mrs b's pawn & trading","Not tracked","Not tracked",32,,0,,2,,0,
"mulligan financial","Not tracked","Not tracked",81,,0,,2,,0,
"municipal credit","Not tracked","Not tracked",53.5,,0,,2,,0,
"my community credit union","Not tracked","Not tracked",60,,0,,2,,0,
"my education solutions","Not tracked","Not tracked",43.5,,0,,2,,0,
"my education solutions reviews","Not tracked","Not tracked",50.5,,0,,2,,0,
"my finance usa","Not tracked","Not tracked",41.5,,0,,2,,0,
"my financing usa","Not tracked","Not tracked",45,,0,,2,,0,
"my washington financial","Not tracked","Not tracked",88,,0,,2,,0,
"mycnb bank","Not tracked","Not tracked",59,,0,,2,,0,
"myfinancing usa","Not tracked","Not tracked",42,,0,,2,,0,
"naca nc","Not tracked","Not tracked",75,,0,,2,,0,
"naca north miami reviews","Not tracked","Not tracked",7.5,,0,,2,,0,
"naca philadelphia","Not tracked","Not tracked",48,,0,,2,,0,
"nation loan","Not tracked","Not tracked",56,,0,,2,,0,
"national care credit","Not tracked","Not tracked",78,,0,,2,,0,
"national foundation for consumer credit","Not tracked","Not tracked",53.5,,0,,2,,0,
"national foundation for debt management","Not tracked","Not tracked",65.5,,0,,2,,0,
"national funding reviews","Not tracked","Not tracked",80,,0,,2,,0,
"nations lending mortgage","Not tracked","Not tracked",54.5,,0,,2,,0,
"nations trust mortgage","Not tracked","Not tracked",84.5,,0,,2,,0,
"naveo credit union","Not tracked","Not tracked",34.5,,0,,2,,0,
"naveo credit union login","Not tracked","Not tracked",23.5,,0,,2,,0,
"nbt bank lee ma","Not tracked","Not tracked",54.5,,0,,2,,0,
"nbt bank new york","Not tracked","Not tracked",40.5,,0,,2,,0,
"nbt banking","Not tracked","Not tracked",57.5,,0,,2,,0,
ncpdfcu,"Not tracked","Not tracked",37,,0,,2,,0,
"nearest bank near me","Not tracked","Not tracked",86.5,,0,,2,,0,
"neches credit union in beaumont texas","Not tracked","Not tracked",62,,0,,2,,0,
"neches federal credit","Not tracked","Not tracked",35.5,,0,,2,,0,
nechesfcu,"Not tracked","Not tracked",42.5,,0,,2,,0,
"neighborhood cash advance","Not tracked","Not tracked",70,,0,,2,,0,
"neighborworks great falls mt","Not tracked","Not tracked",46,,0,,2,,0,
"neighbours credit union","Not tracked","Not tracked",74,,0,,2,,0,
nesb,"Not tracked","Not tracked",38,,0,,2,,0,
nesenda,"Not tracked","Not tracked",44,,0,,2,,0,
"netspend corp","Not tracked","Not tracked",59.5,,0,,2,,0,
"nevada credit builder loan","Not tracked","Not tracked",21.5,,0,,2,,0,
"nevada credit union mortgage","Not tracked","Not tracked",62.5,,0,,2,,0,
"nevada title payday loans","Not tracked","Not tracked",62,,0,,2,,0,
"new american funding san diego","Not tracked","Not tracked",38.5,,0,,2,,0,
"new castle bellco fcu","Not tracked","Not tracked",42,,0,,2,,0,
"new castle county federal employees credit union","Not tracked","Not tracked",71,,0,,2,,0,
"new gen motorsports","Not tracked","Not tracked",68,,0,,2,,0,
"new jersey community federal credit union","Not tracked","Not tracked",69,,0,,2,,0,
"newgen motorsports","Not tracked","Not tracked",49,,0,,2,,0,
"nfcc credit counseling","Not tracked","Not tracked",41.5,,0,,2,,0,
"nfcc credit counseling reviews","Not tracked","Not tracked",48.5,,0,,2,,0,
"nfcc reviews","Not tracked","Not tracked",43.5,,0,,2,,0,
"nfcc.org reviews","Not tracked","Not tracked",45.5,,0,,2,,0,
"niagara falls air force credit union","Not tracked","Not tracked",76,,0,,2,,0,
"niagara falls air force federal credit union","Not tracked","Not tracked",73,,0,,2,,0,
"niagara falls teachers credit union","Not tracked","Not tracked",47.5,,0,,2,,0,
"norfolk community federal credit union","Not tracked","Not tracked",60.5,,0,,2,,0,
"norfolk credit union ma","Not tracked","Not tracked",46.5,,0,,2,,0,
"norfolk fcu","Not tracked","Not tracked",43,,0,,2,,0,
"north coast credit union mount vernon","Not tracked","Not tracked",46,,0,,2,,0,
"north county credit union san diego","Not tracked","Not tracked",46,,0,,2,,0,
"north easton savings bank brockton ma","Not tracked","Not tracked",48,,0,,2,,0,
"north easton savings bank cd rates","Not tracked","Not tracked",69.5,,0,,2,,0,
"north scottsdale loan","Not tracked","Not tracked",56,,0,,2,,0,
"north scottsdale loan and gold","Not tracked","Not tracked",71.5,,0,,2,,0,
"north scottsdale loan and gold scottsdale az","Not tracked","Not tracked",87.5,,0,,2,,0,
"northeast texas credit union","Not tracked","Not tracked",55.5,,0,,2,,0,
"northern hills fcu","Not tracked","Not tracked",35,,0,,2,,0,
"northpointe bank michigan","Not tracked","Not tracked",33,,0,,2,,0,
"northpointe bank mortgage review","Not tracked","Not tracked",79.5,,0,,2,,0,
"northpointe bank mortgage reviews","Not tracked","Not tracked",52.5,,0,,2,,0,
"northpointe mortgage reviews","Not tracked","Not tracked",70,,0,,2,,0,
"northwestern bank chippewa falls","Not tracked","Not tracked",51.5,,0,,2,,0,
"northwestern bank chippewa falls wi","Not tracked","Not tracked",62,,0,,2,,0,
"northwestern bank online banking","Not tracked","Not tracked",58,,0,,2,,0,
"norway savings bank auburn maine","Not tracked","Not tracked",77,,0,,2,,0,
"norway savings bank me","Not tracked","Not tracked",41.5,,0,,2,,0,
"novation credit union","Not tracked","Not tracked",35,,0,,2,,0,
"npc credit card processing","Not tracked","Not tracked",72.5,,0,,2,,0,
"npc payment","Not tracked","Not tracked",37.5,,0,,2,,0,
"nu vision","Not tracked","Not tracked",65.5,,0,,2,,0,
"numerica car loans","Not tracked","Not tracked",74.5,,0,,2,,0,
"numerica credit","Not tracked","Not tracked",34,,0,,2,,0,
"nusenda auto loan rates","Not tracked","Not tracked",58.5,,0,,2,,0,
"nusenda bank","Not tracked","Not tracked",26.5,,0,,2,,0,
"nusenda cd rates","Not tracked","Not tracked",61.5,,0,,2,,0,
"nusenda credit","Not tracked","Not tracked",20,,0,,2,,0,
"nusenda federal credit union","Not tracked","Not tracked",34.5,,0,,2,,0,
"nusenda line of credit","Not tracked","Not tracked",51,,0,,2,,0,
"nusenda member","Not tracked","Not tracked",20,,0,,2,,0,
"nusenda mortgage rates","Not tracked","Not tracked",52.5,,0,,2,,0,
"nusenda personal loans","Not tracked","Not tracked",44,,0,,2,,0,
"nusenda rates","Not tracked","Not tracked",53.5,,0,,2,,0,
"ny bravest credit union","Not tracked","Not tracked",42.5,,0,,2,,0,
"o bee credit union","Not tracked","Not tracked",45.5,,0,,2,,0,
"oconee savings and loan","Not tracked","Not tracked",58,,0,,2,,0,
"ohio first credit union","Not tracked","Not tracked",70.5,,0,,2,,0,
"ohio valley loan","Not tracked","Not tracked",55,,0,,2,,0,
"old 2nd bank","Not tracked","Not tracked",42,,0,,2,,0,
"old kentucky home federal credit union","Not tracked","Not tracked",65.5,,0,,2,,0,
"omni financial san diego","Not tracked","Not tracked",41.5,,0,,2,,0,
"one az credit","Not tracked","Not tracked",47.5,,0,,2,,0,
"one local bank","Not tracked","Not tracked",63.5,,0,,2,,0,
"one main okc","Not tracked","Not tracked",74,,0,,2,,0,
"one nevada credit union reviews","Not tracked","Not tracked",50.5,,0,,2,,0,
"one time financial","Not tracked","Not tracked",47,,0,,2,,0,
"one trust bank","Not tracked","Not tracked",86,,0,,2,,0,
"onemain financial boynton beach","Not tracked","Not tracked",75,,0,,2,,0,
"onemain financial chicago il","Not tracked","Not tracked",67,,0,,2,,0,
"onetrust bank","Not tracked","Not tracked",59.5,,0,,2,,0,
"online banking northwestern bank","Not tracked","Not tracked",71,,0,,2,,0,
"onyx finance","Not tracked","Not tracked",97.5,,0,,2,,0,
"onyx lending llc","Not tracked","Not tracked",67,,0,,2,,0,
"open pawn shops near me","Not tracked","Not tracked",80,,0,,2,,0,
"operative bank","Not tracked","Not tracked",90.5,,0,,2,,0,
"optimum debt collector","Not tracked","Not tracked",83.5,,0,,2,,0,
"orca home loans","Not tracked","Not tracked",61.5,,0,,2,,0,
"order express money transfer","Not tracked","Not tracked",18,,0,,2,,0,
"oriental bank puerto rico mortgage","Not tracked","Not tracked",56,,0,,2,,0,
"oriental bank review","Not tracked","Not tracked",28,,0,,2,,0,
"orion credit union memphis","Not tracked","Not tracked",46.5,,0,,2,,0,
"orion federal","Not tracked","Not tracked",48.5,,0,,2,,0,
"orion financial","Not tracked","Not tracked",65.5,,0,,2,,0,
"orion financial credit union","Not tracked","Not tracked",45,,0,,2,,0,
"orion loan","Not tracked","Not tracked",77,,0,,2,,0,
"orion loans","Not tracked","Not tracked",75,,0,,2,,0,
"orion personal loans","Not tracked","Not tracked",60,,0,,2,,0,
orionfcu,"Not tracked","Not tracked",48,,0,,2,,0,
"ornl cd rates","Not tracked","Not tracked",52,,0,,2,,0,
"ornl loan rates","Not tracked","Not tracked",50.5,,0,,2,,0,
"ornl rates","Not tracked","Not tracked",42.5,,0,,2,,0,
"ozark federal savings and loan","Not tracked","Not tracked",52,,0,,2,,0,
"pacific cascade fcu","Not tracked","Not tracked",48.5,,0,,2,,0,
"pacific cash","Not tracked","Not tracked",48.5,,0,,2,,0,
"pacific credit union","Not tracked","Not tracked",59.5,,0,,2,,0,
"pacific horizon financial","Not tracked","Not tracked",80,,0,,2,,0,
"pacific service credit union","Not tracked","Not tracked",46.5,,0,,2,,0,
"panhandle bank","Not tracked","Not tracked",47.5,,0,,2,,0,
"panhandle federal","Not tracked","Not tracked",69.5,,0,,2,,0,
"panhandle federal credit union","Not tracked","Not tracked",65.5,,0,,2,,0,
"parkview bank","Not tracked","Not tracked",56.5,,0,,2,,0,
"parkway bank checking account","Not tracked","Not tracked",82,,0,,2,,0,
"partner colorado credit union - arvada branch","Not tracked","Not tracked",75,,0,,2,,0,
"partner credit union denver","Not tracked","Not tracked",49,,0,,2,,0,
"partners credit union colorado","Not tracked","Not tracked",51.5,,0,,2,,0,
"pathfinder bank online","Not tracked","Not tracked",23.5,,0,,2,,0,
"pathfinder online banking","Not tracked","Not tracked",28.5,,0,,2,,0,
pathfinderbank,"Not tracked","Not tracked",40.5,,0,,2,,0,
"pathway bank","Not tracked","Not tracked",80,,0,,2,,0,
"pathway bank ord","Not tracked","Not tracked",58,,0,,2,,0,
"patriot bank collierville","Not tracked","Not tracked",47,,0,,2,,0,
"patriot bank covington tn","Not tracked","Not tracked",37,,0,,2,,0,
"patriot bank memphis","Not tracked","Not tracked",41,,0,,2,,0,
"patriot bank munford","Not tracked","Not tracked",55.5,,0,,2,,0,
"patriot bank tennessee","Not tracked","Not tracked",42,,0,,2,,0,
"patriot bank tn","Not tracked","Not tracked",46,,0,,2,,0,
"patriot banking","Not tracked","Not tracked",83,,0,,2,,0,
"patriots bank","Not tracked","Not tracked",61.5,,0,,2,,0,
"pawn shop albuquerque","Not tracked","Not tracked",58,,0,,2,,0,
"pawn shop atlanta ga","Not tracked","Not tracked",64.5,,0,,2,,0,
"pawn shop austin","Not tracked","Not tracked",44.5,,0,,2,,0,
"pawn shop buckhead","Not tracked","Not tracked",58,,0,,2,,0,
"pawn shop des plaines","Not tracked","Not tracked",70,,0,,2,,0,
"pawn shop downtown atlanta","Not tracked","Not tracked",61,,0,,2,,0,
"pawn shop essex","Not tracked","Not tracked",62,,0,,2,,0,
"pawn shop garden city mi","Not tracked","Not tracked",69,,0,,2,,0,
"pawn shop georgetown texas","Not tracked","Not tracked",55.5,,0,,2,,0,
"pawn shop in van nuys","Not tracked","Not tracked",88.5,,0,,2,,0,
"pawn shop kenner","Not tracked","Not tracked",56,,0,,2,,0,
"pawn shop newberg oregon","Not tracked","Not tracked",59,,0,,2,,0,
"pawn shop oregon city","Not tracked","Not tracked",53,,0,,2,,0,
"pawn shop phoenix az","Not tracked","Not tracked",64.5,,0,,2,,0,
"pawn shops georgetown tx","Not tracked","Not tracked",58.5,,0,,2,,0,
"pawn shops in albuquerque nm","Not tracked","Not tracked",67.5,,0,,2,,0,
"pawn shops in austin","Not tracked","Not tracked",40.5,,0,,2,,0,
"pawn shops in essex","Not tracked","Not tracked",57.5,,0,,2,,0,
"pawn shops in van nuys","Not tracked","Not tracked",79,,0,,2,,0,
"pawn shops near me that are open","Not tracked","Not tracked",84,,0,,2,,0,
"pawn shops oregon city","Not tracked","Not tracked",40,,0,,2,,0,
"pawnshop san diego","Not tracked","Not tracked",65,,0,,2,,0,
"pay for delete agreements","Not tracked","Not tracked",84,,0,,2,,0,
"payday cash advance shelby county tn","Not tracked","Not tracked",76.5,,0,,2,,0,
"payment one loans","Not tracked","Not tracked",44,,0,,2,,0,
paymentnerds,"Not tracked","Not tracked",30.5,,0,,2,,0,
payomatic,"Not tracked","Not tracked",38,,0,,2,,0,
"payomatic reviews","Not tracked","Not tracked",36,,0,,2,,0,
pdcu,"Not tracked","Not tracked",25.5,,0,,2,,0,
"pecu austin","Not tracked","Not tracked",21.5,,0,,2,,0,
"people driven credit","Not tracked","Not tracked",17.5,,0,,2,,0,
"people driven credit union livonia","Not tracked","Not tracked",26,,0,,2,,0,
"people driven credit union reviews","Not tracked","Not tracked",49,,0,,2,,0,
"peoples driven","Not tracked","Not tracked",37.5,,0,,2,,0,
"peoples national bank benton illinois","Not tracked","Not tracked",74,,0,,2,,0,
"peoples national bank herrin il","Not tracked","Not tracked",54,,0,,2,,0,
"peoples national bank marion","Not tracked","Not tracked",41.5,,0,,2,,0,
"peoples national bank mcleansboro il","Not tracked","Not tracked",52.5,,0,,2,,0,
"peoples national bank mount vernon illinois","Not tracked","Not tracked",56,,0,,2,,0,
"peoples state bank livingston texas","Not tracked","Not tracked",95,,0,,2,,0,
"peoples state bank livingston tx","Not tracked","Not tracked",69,,0,,2,,0,
"peoples state bank of wells","Not tracked","Not tracked",87,,0,,2,,0,
"peoples state bank wells mn","Not tracked","Not tracked",52,,0,,2,,0,
"personal loan centre","Not tracked","Not tracked",97.5,,0,,2,,0,
"personal loan eecu","Not tracked","Not tracked",55.5,,0,,2,,0,
"personal loan pfcu","Not tracked","Not tracked",60,,0,,2,,0,
"philadelphia credit union","Not tracked","Not tracked",44.5,,0,,2,,0,
"philly credit union","Not tracked","Not tracked",53,,0,,2,,0,
"phoenix auto title loans","Not tracked","Not tracked",76,,0,,2,,0,
"phoenix financing","Not tracked","Not tracked",99.5,,0,,2,,0,
"phoenix title loans llc","Not tracked","Not tracked",42,,0,,2,,0,
"picasso pawn raleigh nc","Not tracked","Not tracked",79.5,,0,,2,,0,
"pilgrim mortgage","Not tracked","Not tracked",74.5,,0,,2,,0,
"planter bank","Not tracked","Not tracked",59.5,,0,,2,,0,
"planters bank and trust company","Not tracked","Not tracked",62,,0,,2,,0,
"planters bank checking account","Not tracked","Not tracked",62.5,,0,,2,,0,
"plus atm machines","Not tracked","Not tracked",59.5,,0,,2,,0,
"polam federal credit union","Not tracked","Not tracked",43.5,,0,,2,,0,
"port of houston credit union","Not tracked","Not tracked",52,,0,,2,,0,
"power finance arlington texas","Not tracked","Not tracked",67,,0,,2,,0,
"precious metals portland","Not tracked","Not tracked",81,,0,,2,,0,
"preferred funding","Not tracked","Not tracked",83.5,,0,,2,,0,
"preferred funding group reviews","Not tracked","Not tracked",45.5,,0,,2,,0,
"premier members bank","Not tracked","Not tracked",79.5,,0,,2,,0,
"presto loans mesa","Not tracked","Not tracked",73.5,,0,,2,,0,
"presto loans mesa az","Not tracked","Not tracked",71.5,,0,,2,,0,
"presto title loans az","Not tracked","Not tracked",57.5,,0,,2,,0,
"presto title loans mesa","Not tracked","Not tracked",79,,0,,2,,0,
"prime credit advisors","Not tracked","Not tracked",37.5,,0,,2,,0,
"primesource cu","Not tracked","Not tracked",54,,0,,2,,0,
"prosperity indiana","Not tracked","Not tracked",41,,0,,2,,0,
"psecu atm","Not tracked","Not tracked",84,,0,,2,,0,
"public employee credit union","Not tracked","Not tracked",84,,0,,2,,0,
"r s bellco","Not tracked","Not tracked",40,,0,,2,,0,
"radius credit union","Not tracked","Not tracked",53.5,,0,,2,,0,
"railway credit union","Not tracked","Not tracked",64,,0,,2,,0,
"rally bank","Not tracked","Not tracked",55,,0,,2,,0,
"rally cu","Not tracked","Not tracked",56,,0,,2,,0,
"rbc georgia","Not tracked","Not tracked",62.5,,0,,2,,0,
"red canoe cd rates","Not tracked","Not tracked",64,,0,,2,,0,
"red canoe savings account","Not tracked","Not tracked",49,,0,,2,,0,
"red noland ineos","Not tracked","Not tracked",61.5,,0,,2,,0,
"red river bank review","Not tracked","Not tracked",69,,0,,2,,0,
"redcanoe cu","Not tracked","Not tracked",56.5,,0,,2,,0,
"regal credit","Not tracked","Not tracked",56,,0,,2,,0,
"regional finance arlington tx","Not tracked","Not tracked",40.5,,0,,2,,0,
"regional finance corporation of north carolina","Not tracked","Not tracked",53.5,,0,,2,,0,
"regional finance corporation of tennessee","Not tracked","Not tracked",60.5,,0,,2,,0,
"regional finance hickory nc","Not tracked","Not tracked",40.5,,0,,2,,0,
"regional finance high point nc","Not tracked","Not tracked",38,,0,,2,,0,
"regional finance lumberton","Not tracked","Not tracked",70,,0,,2,,0,
"regional finance murfreesboro","Not tracked","Not tracked",44.5,,0,,2,,0,
"regional finance murfreesboro tn","Not tracked","Not tracked",51.5,,0,,2,,0,
"regional finance raleigh","Not tracked","Not tracked",31,,0,,2,,0,
"regional finance sapulpa","Not tracked","Not tracked",51,,0,,2,,0,
"reliabank sioux falls south dakota","Not tracked","Not tracked",71,,0,,2,,0,
"reliable capital solutions","Not tracked","Not tracked",66,,0,,2,,0,
"reliant capital","Not tracked","Not tracked",83,,0,,2,,0,
"reliant capital solutions","Not tracked","Not tracked",59,,0,,2,,0,
"reliant management solutions","Not tracked","Not tracked",81.5,,0,,2,,0,
"reliant payments","Not tracked","Not tracked",76,,0,,2,,0,
"rent debt phone number","Not tracked","Not tracked",75.5,,0,,2,,0,
"republic finance corporation","Not tracked","Not tracked",80,,0,,2,,0,
"republic finance durham nc","Not tracked","Not tracked",64,,0,,2,,0,
"republic finance loan requirements","Not tracked","Not tracked",68,,0,,2,,0,
"republic finance raleigh nc","Not tracked","Not tracked",60,,0,,2,,0,
"republic finance services","Not tracked","Not tracked",43,,0,,2,,0,
"republic financial","Not tracked","Not tracked",37,,0,,2,,0,
"republic nc","Not tracked","Not tracked",69.5,,0,,2,,0,
"republican finance","Not tracked","Not tracked",48.5,,0,,2,,0,
"reputable credit counseling","Not tracked","Not tracked",66.5,,0,,2,,0,
"residential lending northwestern bank","Not tracked","Not tracked",65.5,,0,,2,,0,
revity,"Not tracked","Not tracked",66.5,,0,,2,,0,
"ria money services","Not tracked","Not tracked",51,,0,,2,,0,
"rio bank marble falls","Not tracked","Not tracked",41,,0,,2,,0,
"rio bank mcallen texas","Not tracked","Not tracked",50.5,,0,,2,,0,
"rio bank mission tx","Not tracked","Not tracked",54.5,,0,,2,,0,
"rio bank palmview tx","Not tracked","Not tracked",69.5,,0,,2,,0,
"river city federal credit union","Not tracked","Not tracked",39,,0,,2,,0,
"river to river credit union","Not tracked","Not tracked",76,,0,,2,,0,
"river valley credit card","Not tracked","Not tracked",60.5,,0,,2,,0,
"riverfall credit union","Not tracked","Not tracked",48,,0,,2,,0,
"rockland mortgage","Not tracked","Not tracked",39,,0,,2,,0,
"rockland trust auto loan","Not tracked","Not tracked",84.5,,0,,2,,0,
"rockland trust auto loan rates","Not tracked","Not tracked",83.5,,0,,2,,0,
"rockland trust bank account","Not tracked","Not tracked",80.5,,0,,2,,0,
"rockland trust checking account","Not tracked","Not tracked",71,,0,,2,,0,
"rockland trust interest rates","Not tracked","Not tracked",73,,0,,2,,0,
"rockland trust mortgage rates","Not tracked","Not tracked",65,,0,,2,,0,
"rockland trust personal loan","Not tracked","Not tracked",37.5,,0,,2,,0,
"rockland trust rates","Not tracked","Not tracked",76.5,,0,,2,,0,
"rockland trust reviews","Not tracked","Not tracked",50,,0,,2,,0,
rocklandtrust,"Not tracked","Not tracked",52.5,,0,,2,,0,
"rocky mountain bank","Not tracked","Not tracked",43,,0,,2,,0,
"rocky mountain bank & trust","Not tracked","Not tracked",36,,0,,2,,0,
"rok capital","Not tracked","Not tracked",84.5,,0,,2,,0,
"rok financial sba loans","Not tracked","Not tracked",72.5,,0,,2,,0,
"rolls royce of charlotte","Not tracked","Not tracked",67,,0,,2,,0,
"rolls-royce motor cars manhattan","Not tracked","Not tracked",85.5,,0,,2,,0,
"routing number norway savings bank","Not tracked","Not tracked",38.5,,0,,2,,0,
"royal loan","Not tracked","Not tracked",78.5,,0,,2,,0,
"rs bellco","Not tracked","Not tracked",41,,0,,2,,0,
"rs bellco federal credit union","Not tracked","Not tracked",45,,0,,2,,0,
rsbellcofcu,"Not tracked","Not tracked",33,,0,,2,,0,
"russell country","Not tracked","Not tracked",47.5,,0,,2,,0,
"russell country credit union","Not tracked","Not tracked",38,,0,,2,,0,
"russell county federal credit union","Not tracked","Not tracked",39,,0,,2,,0,
"sachs bank","Not tracked","Not tracked",83,,0,,2,,0,
"saedi law group llc","Not tracked","Not tracked",62.5,,0,,2,,0,
"salisbury bank and trust","Not tracked","Not tracked",68.5,,0,,2,,0,
"san ann credit union","Not tracked","Not tracked",59,,0,,2,,0,
"san antonio credit union texas","Not tracked","Not tracked",49.5,,0,,2,,0,
"san antonio fcu","Not tracked","Not tracked",41.5,,0,,2,,0,
"san luis obispo credit union","Not tracked","Not tracked",74.5,,0,,2,,0,
"sanchez auto sales llc","Not tracked","Not tracked",65.5,,0,,2,,0,
"sanchez auto sales milwaukee","Not tracked","Not tracked",56,,0,,2,,0,
"sandia area fcu","Not tracked","Not tracked",46,,0,,2,,0,
"sandia credit union","Not tracked","Not tracked",47,,0,,2,,0,
"saratoga bank","Not tracked","Not tracked",39.5,,0,,2,,0,
"saratoga national bank and trust company","Not tracked","Not tracked",46.5,,0,,2,,0,
"sba lender match reviews","Not tracked","Not tracked",68.5,,0,,2,,0,
"screen actors guild credit union","Not tracked","Not tracked",66.5,,0,,2,,0,
"scurity bank","Not tracked","Not tracked",92,,0,,2,,0,
"sdccu scam","Not tracked","Not tracked",59,,0,,2,,0,
"sdccu spam","Not tracked","Not tracked",59,,0,,2,,0,
"sdccu sports arena","Not tracked","Not tracked",30,,0,,2,,0,
"security b","Not tracked","Not tracked",91,,0,,2,,0,
"security bacnk","Not tracked","Not tracked",94,,0,,2,,0,
"security bank loans","Not tracked","Not tracked",87,,0,,2,,0,
"security federal aiken sc","Not tracked","Not tracked",47,,0,,2,,0,
"security federal bank aiken","Not tracked","Not tracked",50.5,,0,,2,,0,
"security finance houston tx","Not tracked","Not tracked",31.5,,0,,2,,0,
securityfirst,"Not tracked","Not tracked",87,,0,,2,,0,
"self lender loans","Not tracked","Not tracked",73.5,,0,,2,,0,
"service credit union reviews","Not tracked","Not tracked",85.5,,0,,2,,0,
"services offered by msi credit solutions","Not tracked","Not tracked",88,,0,,2,,0,
"sesloc san luis obispo","Not tracked","Not tracked",31.5,,0,,2,,0,
"settlement one","Not tracked","Not tracked",33,,0,,2,,0,
"settlement one appraisal","Not tracked","Not tracked",62,,0,,2,,0,
"settlementone data","Not tracked","Not tracked",29.5,,0,,2,,0,
"seven seventeen personal loan","Not tracked","Not tracked",62,,0,,2,,0,
"sewell dallas lexus","Not tracked","Not tracked",45.5,,0,,2,,0,
"sewell dallas pre owned","Not tracked","Not tracked",63,,0,,2,,0,
"sewell dallas used","Not tracked","Not tracked",72.5,,0,,2,,0,
"sewell dallas used cars","Not tracked","Not tracked",69.5,,0,,2,,0,
"sewell lexus dallas certified pre owned","Not tracked","Not tracked",71,,0,,2,,0,
"sewell lexus of dallas","Not tracked","Not tracked",52.5,,0,,2,,0,
"sewell lexus of dallas cars","Not tracked","Not tracked",68,,0,,2,,0,
"sewell lexus of dallas used cars","Not tracked","Not tracked",91.5,,0,,2,,0,
"sewell lexus used","Not tracked","Not tracked",59.5,,0,,2,,0,
"sewell of dallas used cars","Not tracked","Not tracked",92.5,,0,,2,,0,
"sewell pre owned dallas","Not tracked","Not tracked",59.5,,0,,2,,0,
"shamrock bank caddo","Not tracked","Not tracked",50.5,,0,,2,,0,
"shamrock bank caddo ok","Not tracked","Not tracked",58.5,,0,,2,,0,
"shamrock bank clayton","Not tracked","Not tracked",60,,0,,2,,0,
"shamrock bank durant ok","Not tracked","Not tracked",61,,0,,2,,0,
"sharon credit union foxboro ma","Not tracked","Not tracked",50.5,,0,,2,,0,
"shelby county state","Not tracked","Not tracked",63.5,,0,,2,,0,
"shelters insurance","Not tracked","Not tracked",50.5,,0,,2,,0,
"sherman diamonds","Not tracked","Not tracked",48,,0,,2,,0,
"sherwood state bank defiance ohio","Not tracked","Not tracked",47.5,,0,,2,,0,
"shore to shore community federal credit union","Not tracked","Not tracked",54,,0,,2,,0,
"show me credit","Not tracked","Not tracked",76.5,,0,,2,,0,
"simply personal loans","Not tracked","Not tracked",78,,0,,2,,0,
"skyline payment","Not tracked","Not tracked",81,,0,,2,,0,
"skyline payment systems","Not tracked","Not tracked",87.5,,0,,2,,0,
"skyone bank","Not tracked","Not tracked",37.5,,0,,2,,0,
"smart bank tennessee","Not tracked","Not tracked",53.5,,0,,2,,0,
"smart bank tn","Not tracked","Not tracked",55.5,,0,,2,,0,
"smartbank jamestown tn","Not tracked","Not tracked",52.5,,0,,2,,0,
"smartbank wartburg tn","Not tracked","Not tracked",57,,0,,2,,0,
"sno falls credit union","Not tracked","Not tracked",48.5,,0,,2,,0,
"solarity credit card","Not tracked","Not tracked",62,,0,,2,,0,
"south central bank elizabethtown","Not tracked","Not tracked",38.5,,0,,2,,0,
"south central bank glasgow","Not tracked","Not tracked",39.5,,0,,2,,0,
"south central bank glasgow kentucky","Not tracked","Not tracked",52.5,,0,,2,,0,
"south central bank glasgow ky","Not tracked","Not tracked",40.5,,0,,2,,0,
"south central bank kentucky","Not tracked","Not tracked",41,,0,,2,,0,
"south central ky bank","Not tracked","Not tracked",39,,0,,2,,0,
"south central ky bank savings account","Not tracked","Not tracked",91,,0,,2,,0,
"south national bank","Not tracked","Not tracked",74.5,,0,,2,,0,
"south point credit union","Not tracked","Not tracked",16.5,,0,,2,,0,
"south point financial","Not tracked","Not tracked",21,,0,,2,,0,
"south texas credit union","Not tracked","Not tracked",62.5,,0,,2,,0,
"southeast financial","Not tracked","Not tracked",18.5,,0,,2,,0,
"southeast financial credit union","Not tracked","Not tracked",34.5,,0,,2,,0,
"southern bank loans","Not tracked","Not tracked",73,,0,,2,,0,
"southern gas federal credit union","Not tracked","Not tracked",53,,0,,2,,0,
"southside federal credit union","Not tracked","Not tracked",88.5,,0,,2,,0,
"southwest national","Not tracked","Not tracked",58,,0,,2,,0,
"southwest national bank loan payment","Not tracked","Not tracked",71,,0,,2,,0,
"southwest recovery service","Not tracked","Not tracked",54.5,,0,,2,,0,
"southwest recovery services scam","Not tracked","Not tracked",54.5,,0,,2,,0,
"sovita credit union online banking","Not tracked","Not tracked",30.5,,0,,2,,0,
"sovita cu","Not tracked","Not tracked",49.5,,0,,2,,0,
"space coast credit union broward","Not tracked","Not tracked",44,,0,,2,,0,
"space coast credit union in miami","Not tracked","Not tracked",38.5,,0,,2,,0,
"space coast personal loans","Not tracked","Not tracked",59,,0,,2,,0,
"speedy cash arlington tx","Not tracked","Not tracked",70,,0,,2,,0,
"speedy cash east la","Not tracked","Not tracked",61.5,,0,,2,,0,
"speedy cash fort worth tx","Not tracked","Not tracked",74,,0,,2,,0,
"speedy cash laredo tx","Not tracked","Not tracked",88.5,,0,,2,,0,
"speedy credit repair bbb","Not tracked","Not tracked",52,,0,,2,,0,
"spencer county bank","Not tracked","Not tracked",41.5,,0,,2,,0,
"spero financial columbia sc","Not tracked","Not tracked",56,,0,,2,,0,
"spero financial online banking","Not tracked","Not tracked",26.5,,0,,2,,0,
"spero financial routing number","Not tracked","Not tracked",47.5,,0,,2,,0,
"spero loan payment","Not tracked","Not tracked",49.5,,0,,2,,0,
"spero mortgage","Not tracked","Not tracked",92.5,,0,,2,,0,
"spirit alaska","Not tracked","Not tracked",52,,0,,2,,0,
"spot on capital","Not tracked","Not tracked",60,,0,,2,,0,
"star one credit union certificate account","Not tracked","Not tracked",77,,0,,2,,0,
"state bank and trust nevada iowa","Not tracked","Not tracked",60.5,,0,,2,,0,
"statute of limitations virginia credit card debt","Not tracked","Not tracked",89.5,,0,,2,,0,
"sterling bank","Not tracked","Not tracked",83.5,,0,,2,,0,
"sterling bank cape girardeau mo","Not tracked","Not tracked",62.5,,0,,2,,0,
"sterling bank clayton","Not tracked","Not tracked",56.5,,0,,2,,0,
"sterling bank missouri","Not tracked","Not tracked",71,,0,,2,,0,
"sterling bank poplar bluff","Not tracked","Not tracked",71,,0,,2,,0,
"stewart title edmond","Not tracked","Not tracked",76.5,,0,,2,,0,
stmaryscreditunion,"Not tracked","Not tracked",58,,0,,2,,0,
"stoughton co-operative bank","Not tracked","Not tracked",51,,0,,2,,0,
"straight4ward rewards checking","Not tracked","Not tracked",60.5,,0,,2,,0,
"strategic fcu","Not tracked","Not tracked",80,,0,,2,,0,
"streamliner fcu","Not tracked","Not tracked",49,,0,,2,,0,
"summit state bank santa rosa ca","Not tracked","Not tracked",51.5,,0,,2,,0,
"sun and loan","Not tracked","Not tracked",29.5,,0,,2,,0,
"sun credit financial","Not tracked","Not tracked",95.5,,0,,2,,0,
"sun federal credit","Not tracked","Not tracked",57,,0,,2,,0,
"sun loan hobbs nm","Not tracked","Not tracked",75.5,,0,,2,,0,
"sun loan on potranco","Not tracked","Not tracked",60,,0,,2,,0,
"sun loans albuquerque","Not tracked","Not tracked",53,,0,,2,,0,
"superior credit union bank","Not tracked","Not tracked",67,,0,,2,,0,
"superior credit union fostoria","Not tracked","Not tracked",83,,0,,2,,0,
"superior credit union tiffin ohio","Not tracked","Not tracked",50.5,,0,,2,,0,
"superior credit union troy ohio","Not tracked","Not tracked",57,,0,,2,,0,
"superior credit union van wert","Not tracked","Not tracked",53,,0,,2,,0,
"supreme lending reviews","Not tracked","Not tracked",72.5,,0,,2,,0,
"sw recovery","Not tracked","Not tracked",55.5,,0,,2,,0,
"tab bank utah","Not tracked","Not tracked",68.5,,0,,2,,0,
"tangipahoa parish teachers credit union","Not tracked","Not tracked",58.5,,0,,2,,0,
"tavares family jewelry & pawn","Not tracked","Not tracked",59.5,,0,,2,,0,
"td bank lic","Not tracked","Not tracked",46.5,,0,,2,,0,
"teamone cu","Not tracked","Not tracked",52,,0,,2,,0,
"telco credit union","Not tracked","Not tracked",96.5,,0,,2,,0,
"telco netbranch","Not tracked","Not tracked",38,,0,,2,,0,
"telcoe federal credit union little rock ar","Not tracked","Not tracked",42.5,,0,,2,,0,
"telcoe russellville ar","Not tracked","Not tracked",58.5,,0,,2,,0,
"tendto bank","Not tracked","Not tracked",41,,0,,2,,0,
"tennessee credit union","Not tracked","Not tracked",48,,0,,2,,0,
"tennessee quick cash inglewood","Not tracked","Not tracked",53.5,,0,,2,,0,
tento,"Not tracked","Not tracked",90.5,,0,,2,,0,
"texan credit loan","Not tracked","Not tracked",26,,0,,2,,0,
"texan credit loans","Not tracked","Not tracked",23.5,,0,,2,,0,
"texan finance","Not tracked","Not tracked",42.5,,0,,2,,0,
"texas credit corporation","Not tracked","Not tracked",34,,0,,2,,0,
"texas credit finance","Not tracked","Not tracked",30,,0,,2,,0,
"texas lending review","Not tracked","Not tracked",81.5,,0,,2,,0,
"texas loan credit","Not tracked","Not tracked",36,,0,,2,,0,
"texas loan star","Not tracked","Not tracked",84.5,,0,,2,,0,
"texas professional credit union","Not tracked","Not tracked",66,,0,,2,,0,
"texas trust credit union reviews","Not tracked","Not tracked",59.5,,0,,2,,0,
"texas trust personal loan","Not tracked","Not tracked",93,,0,,2,,0,
"texas trust personal loans","Not tracked","Not tracked",94,,0,,2,,0,
"the cash exchange pawnbrokers","Not tracked","Not tracked",68,,0,,2,,0,
"the commercial bank sc","Not tracked","Not tracked",65.5,,0,,2,,0,
"the debt defenders by ciment law firm pllc","Not tracked","Not tracked",74,,0,,2,,0,
"the farmers bank portland tn","Not tracked","Not tracked",56.5,,0,,2,,0,
"the farmers bank tn","Not tracked","Not tracked",75,,0,,2,,0,
"the freedom bank of virginia","Not tracked","Not tracked",57,,0,,2,,0,
"the gold rush store","Not tracked","Not tracked",82,,0,,2,,0,
"the greater bank","Not tracked","Not tracked",80,,0,,2,,0,
"the mint national bank","Not tracked","Not tracked",52,,0,,2,,0,
"the northwestern bank","Not tracked","Not tracked",75.5,,0,,2,,0,
"the trust bank","Not tracked","Not tracked",79,,0,,2,,0,
"think wise","Not tracked","Not tracked",61.5,,0,,2,,0,
"third federal credit union","Not tracked","Not tracked",55.5,,0,,2,,0,
"third federal savings & loan association","Not tracked","Not tracked",59.5,,0,,2,,0,
"third federal savings and loan association","Not tracked","Not tracked",59.5,,0,,2,,0,
"third federal savings bank","Not tracked","Not tracked",62,,0,,2,,0,
"third financial","Not tracked","Not tracked",66,,0,,2,,0,
thirdfederalbank,"Not tracked","Not tracked",61.5,,0,,2,,0,
thomastonsavingsbank,"Not tracked","Not tracked",33.5,,0,,2,,0,
"tic credit union","Not tracked","Not tracked",66.5,,0,,2,,0,
"tic federal credit union","Not tracked","Not tracked",55,,0,,2,,0,
"tiempo loans","Not tracked","Not tracked",39,,0,,2,,0,
"tigard pawn for more","Not tracked","Not tracked",54,,0,,2,,0,
"time finance services","Not tracked","Not tracked",71.5,,0,,2,,0,
"time financial","Not tracked","Not tracked",70,,0,,2,,0,
"time financing","Not tracked","Not tracked",77,,0,,2,,0,
"tinker federal credit union personal loan","Not tracked","Not tracked",55.5,,0,,2,,0,
"titan bank mineral wells","Not tracked","Not tracked",66,,0,,2,,0,
"titan bank mineral wells tx","Not tracked","Not tracked",65.5,,0,,2,,0,
"titan bank reviews","Not tracked","Not tracked",48,,0,,2,,0,
"titans banking","Not tracked","Not tracked",68.5,,0,,2,,0,
"title loans georgetown sc","Not tracked","Not tracked",79,,0,,2,,0,
"title loans in glendale az","Not tracked","Not tracked",98,,0,,2,,0,
"title loans in norfolk","Not tracked","Not tracked",64,,0,,2,,0,
"title loans rock hill","Not tracked","Not tracked",86,,0,,2,,0,
"title max carrollton tx","Not tracked","Not tracked",63,,0,,2,,0,
"title max dillon sc","Not tracked","Not tracked",70.5,,0,,2,,0,
"title max irving tx","Not tracked","Not tracked",81.5,,0,,2,,0,
"title mx","Not tracked","Not tracked",60.5,,0,,2,,0,
"titlemax buford","Not tracked","Not tracked",66.5,,0,,2,,0,
"titlemax corporate","Not tracked","Not tracked",81.5,,0,,2,,0,
"titlemax dillon sc","Not tracked","Not tracked",54,,0,,2,,0,
"titlemax georgia","Not tracked","Not tracked",70,,0,,2,,0,
"titlemax inc","Not tracked","Not tracked",45,,0,,2,,0,
"titlemax kingston pike","Not tracked","Not tracked",53,,0,,2,,0,
"titlemax rock hill sc","Not tracked","Not tracked",78,,0,,2,,0,
"titlemax title","Not tracked","Not tracked",30.5,,0,,2,,0,
"titlemax title loans","Not tracked","Not tracked",29.5,,0,,2,,0,
"titles max","Not tracked","Not tracked",50.5,,0,,2,,0,
"tmx georgia","Not tracked","Not tracked",42.5,,0,,2,,0,
"tn bank business checking account","Not tracked","Not tracked",78,,0,,2,,0,
"tn bank community bank","Not tracked","Not tracked",74.5,,0,,2,,0,
"tn bank wealth management","Not tracked","Not tracked",90,,0,,2,,0,
"tn community bank","Not tracked","Not tracked",73.5,,0,,2,,0,
"tn quick cash madison tn","Not tracked","Not tracked",65,,0,,2,,0,
"toledo finance","Not tracked","Not tracked",43.5,,0,,2,,0,
"tom thomas legal","Not tracked","Not tracked",97.5,,0,,2,,0,
"tomo lending reviews","Not tracked","Not tracked",61,,0,,2,,0,
"tomo loan reviews","Not tracked","Not tracked",61.5,,0,,2,,0,
"tomo personal loan","Not tracked","Not tracked",64,,0,,2,,0,
"tonawanda valley","Not tracked","Not tracked",36.5,,0,,2,,0,
"top tier bank","Not tracked","Not tracked",59,,0,,2,,0,
totalchoice,"Not tracked","Not tracked",69,,0,,2,,0,
"tower credit","Not tracked","Not tracked",67.5,,0,,2,,0,
"tower credit union","Not tracked","Not tracked",72.5,,0,,2,,0,
"town square mortgage","Not tracked","Not tracked",46,,0,,2,,0,
"town square mortgage dallas","Not tracked","Not tracked",35.5,,0,,2,,0,
"townsquare mortgage","Not tracked","Not tracked",41,,0,,2,,0,
"tpnb bank","Not tracked","Not tracked",38,,0,,2,,0,
"trax banking","Not tracked","Not tracked",57,,0,,2,,0,
"trax federal credit union","Not tracked","Not tracked",60,,0,,2,,0,
"trinity valley teachers credit union","Not tracked","Not tracked",55.5,,0,,2,,0,
"tru bank indianola","Not tracked","Not tracked",28.5,,0,,2,,0,
"tru north credit union ishpeming","Not tracked","Not tracked",54,,0,,2,,0,
"truliant federal credit union rates","Not tracked","Not tracked",65.5,,0,,2,,0,
"trumark financial","Not tracked","Not tracked",61,,0,,2,,0,
"trumark mortgage","Not tracked","Not tracked",87,,0,,2,,0,
"trunorth federal credit union ishpeming","Not tracked","Not tracked",46.5,,0,,2,,0,
"trupoint bank","Not tracked","Not tracked",41.5,,0,,2,,0,
"trust bank","Not tracked","Not tracked",97.5,,0,,2,,0,
"trust bank adel ga","Not tracked","Not tracked",69,,0,,2,,0,
"trust one financial","Not tracked","Not tracked",41.5,,0,,2,,0,
"trustco glenville","Not tracked","Not tracked",18,,0,,2,,0,
"trustco mortgage rates albany ny","Not tracked","Not tracked",34.5,,0,,2,,0,
"trustone auto loan","Not tracked","Not tracked",85,,0,,2,,0,
"trustone credit card","Not tracked","Not tracked",76,,0,,2,,0,
"trustone credit union","Not tracked","Not tracked",43,,0,,2,,0,
"trustone fin","Not tracked","Not tracked",37,,0,,2,,0,
"trustone financial bank","Not tracked","Not tracked",41,,0,,2,,0,
"tulane loan","Not tracked","Not tracked",65,,0,,2,,0,
"tvfcu personal loans","Not tracked","Not tracked",69.5,,0,,2,,0,
"u r approved credit reviews","Not tracked","Not tracked",27,,0,,2,,0,
"ufcw 1776 credit union","Not tracked","Not tracked",56,,0,,2,,0,
"ufcw local 1776 federal credit union","Not tracked","Not tracked",52,,0,,2,,0,
"umpqua bank atm","Not tracked","Not tracked",50,,0,,2,,0,
"uni bank","Not tracked","Not tracked",80.5,,0,,2,,0,
unibanl,"Not tracked","Not tracked",66,,0,,2,,0,
"union bank vt","Not tracked","Not tracked",28,,0,,2,,0,
"union county bank cd rates","Not tracked","Not tracked",69,,0,,2,,0,
"union county savings","Not tracked","Not tracked",65,,0,,2,,0,
"union county savings bank elizabeth","Not tracked","Not tracked",62,,0,,2,,0,
"union county savings bank nj cd rates","Not tracked","Not tracked",89.5,,0,,2,,0,
"union pacific bank","Not tracked","Not tracked",70,,0,,2,,0,
"union pacific employee credit union","Not tracked","Not tracked",74.5,,0,,2,,0,
"union pacific streamliner federal credit union","Not tracked","Not tracked",61,,0,,2,,0,
"union saving","Not tracked","Not tracked",72.5,,0,,2,,0,
"union trades federal credit union","Not tracked","Not tracked",67.5,,0,,2,,0,
"unison credit unions","Not tracked","Not tracked",56,,0,,2,,0,
"unison finance","Not tracked","Not tracked",92,,0,,2,,0,
"unison reviews","Not tracked","Not tracked",62,,0,,2,,0,
"united states senate credit union","Not tracked","Not tracked",48,,0,,2,,0,
"united states senate federal credit union reviews","Not tracked","Not tracked",53.5,,0,,2,,0,
"unity catholic brunswick","Not tracked","Not tracked",63,,0,,2,,0,
"unity catholic credit union","Not tracked","Not tracked",53.5,,0,,2,,0,
"unity catholic fcu","Not tracked","Not tracked",54.5,,0,,2,,0,
"university community credit union","Not tracked","Not tracked",80.5,,0,,2,,0,
"university of toledo federal credit union","Not tracked","Not tracked",49,,0,,2,,0,
"up credit union omaha","Not tracked","Not tracked",59.5,,0,,2,,0,
"up streamliner","Not tracked","Not tracked",44.5,,0,,2,,0,
"upenn credit union","Not tracked","Not tracked",61,,0,,2,,0,
"upgrade company","Not tracked","Not tracked",85.5,,0,,2,,0,
"upmc commercial insurance","Not tracked","Not tracked",47.5,,0,,2,,0,
"upmc health benefits inc","Not tracked","Not tracked",46.5,,0,,2,,0,
"upmc health care plan","Not tracked","Not tracked",27,,0,,2,,0,
"upmc health insurance plans","Not tracked","Not tracked",34,,0,,2,,0,
"upmc health plan coverage","Not tracked","Not tracked",51,,0,,2,,0,
"upmc health plan inc","Not tracked","Not tracked",56.5,,0,,2,,0,
"upmc health plan insurance","Not tracked","Not tracked",33,,0,,2,,0,
"upmc health services","Not tracked","Not tracked",68.5,,0,,2,,0,
"upmc healthcare","Not tracked","Not tracked",38,,0,,2,,0,
"upmc insurance plans","Not tracked","Not tracked",35.5,,0,,2,,0,
"uprr credit union","Not tracked","Not tracked",73,,0,,2,,0,
"upward finance","Not tracked","Not tracked",65,,0,,2,,0,
"urban league columbus","Not tracked","Not tracked",84.5,,0,,2,,0,
"urban league columbus oh","Not tracked","Not tracked",67,,0,,2,,0,
"us senate federal credit union","Not tracked","Not tracked",49.5,,0,,2,,0,
"usa pawn phoenix","Not tracked","Not tracked",70,,0,,2,,0,
"used car loan rates denver","Not tracked","Not tracked",99,,0,,2,,0,
ussco,"Not tracked","Not tracked",49.5,,0,,2,,0,
"utah heritage credit union","Not tracked","Not tracked",56.5,,0,,2,,0,
"valley bank nj","Not tracked","Not tracked",31,,0,,2,,0,
"valley bank of commerce","Not tracked","Not tracked",76,,0,,2,,0,
"valley bank roswell","Not tracked","Not tracked",83,,0,,2,,0,
"valley bank roswell nm","Not tracked","Not tracked",74,,0,,2,,0,
"valley first business","Not tracked","Not tracked",63,,0,,2,,0,
"valley first credit union cd rates","Not tracked","Not tracked",72,,0,,2,,0,
"valley first credit union oakdale","Not tracked","Not tracked",55,,0,,2,,0,
"valley first cu","Not tracked","Not tracked",54.5,,0,,2,,0,
"valley first digital","Not tracked","Not tracked",61,,0,,2,,0,
"valley first envision","Not tracked","Not tracked",74.5,,0,,2,,0,
"valley first investments","Not tracked","Not tracked",59,,0,,2,,0,
"valley first mastercard","Not tracked","Not tracked",79,,0,,2,,0,
"valley first member","Not tracked","Not tracked",71,,0,,2,,0,
"valley first mycardinfo","Not tracked","Not tracked",48.5,,0,,2,,0,
"valley first protect","Not tracked","Not tracked",73,,0,,2,,0,
"valley first rrif","Not tracked","Not tracked",48.5,,0,,2,,0,
"valley first user","Not tracked","Not tracked",64.5,,0,,2,,0,
"valley one","Not tracked","Not tracked",63.5,,0,,2,,0,
"valley one community fcu","Not tracked","Not tracked",72.5,,0,,2,,0,
valleyone,"Not tracked","Not tracked",79,,0,,2,,0,
"value pawn edgewood avenue","Not tracked","Not tracked",52.5,,0,,2,,0,
"van nuys pawn shop","Not tracked","Not tracked",65.5,,0,,2,,0,
"vantage credit union reviews","Not tracked","Not tracked",62,,0,,2,,0,
"vantage trust fcu wilkes barre pa","Not tracked","Not tracked",48,,0,,2,,0,
"vccu credit card","Not tracked","Not tracked",51.5,,0,,2,,0,
"vccu ventura","Not tracked","Not tracked",38.5,,0,,2,,0,
"velocity account","Not tracked","Not tracked",54,,0,,2,,0,
"velocity bank","Not tracked","Not tracked",47.5,,0,,2,,0,
velocitycu,"Not tracked","Not tracked",59.5,,0,,2,,0,
"ventura county credit union camarillo","Not tracked","Not tracked",44.5,,0,,2,,0,
"ventura county credit union heloc","Not tracked","Not tracked",61,,0,,2,,0,
"ventura county credit union ventura ca","Not tracked","Not tracked",42,,0,,2,,0,
"ventura credit union camarillo","Not tracked","Not tracked",60.5,,0,,2,,0,
"vibrant bank","Not tracked","Not tracked",68,,0,,2,,0,
"vibrant credit union","Not tracked","Not tracked",68,,0,,2,,0,
"vibrant credit union website","Not tracked","Not tracked",46.5,,0,,2,,0,
"vision bank reviews","Not tracked","Not tracked",82.5,,0,,2,,0,
"vision credit","Not tracked","Not tracked",60,,0,,2,,0,
"vision financial federal credit union","Not tracked","Not tracked",38.5,,0,,2,,0,
"visions credit union","Not tracked","Not tracked",45,,0,,2,,0,
"visions endicott ny","Not tracked","Not tracked",56,,0,,2,,0,
"wafd bank reviews","Not tracked","Not tracked",70,,0,,2,,0,
"walden mutual","Not tracked","Not tracked",36.5,,0,,2,,0,
"walden mutual bank","Not tracked","Not tracked",37.5,,0,,2,,0,
"walk-up atm","Not tracked","Not tracked",37,,0,,2,,0,
"walpole co operative bank","Not tracked","Not tracked",69,,0,,2,,0,
"walpole co-operative bank","Not tracked","Not tracked",69,,0,,2,,0,
"wasatch peaks credit","Not tracked","Not tracked",35,,0,,2,,0,
"wasatch peaks credit union","Not tracked","Not tracked",40,,0,,2,,0,
"washington bank lowell","Not tracked","Not tracked",28.5,,0,,2,,0,
"washington financial","Not tracked","Not tracked",85.5,,0,,2,,0,
"washington savings bank dracut ma","Not tracked","Not tracked",27,,0,,2,,0,
"washington savings lowell ma","Not tracked","Not tracked",17,,0,,2,,0,
"waterbury teachers federal credit union","Not tracked","Not tracked",57.5,,0,,2,,0,
"waterford bank crooksville","Not tracked","Not tracked",78.5,,0,,2,,0,
"waterford bank crooksville ohio","Not tracked","Not tracked",79.5,,0,,2,,0,
"waterford bank na","Not tracked","Not tracked",36.5,,0,,2,,0,
"waterford bank toledo","Not tracked","Not tracked",34.5,,0,,2,,0,
"waterford commercial & savings bank","Not tracked","Not tracked",77.5,,0,,2,,0,
"wave fcu","Not tracked","Not tracked",47.5,,0,,2,,0,
wavefcu,"Not tracked","Not tracked",50,,0,,2,,0,
"waynesboro dupont credit union","Not tracked","Not tracked",45.5,,0,,2,,0,
webanco,"Not tracked","Not tracked",73.5,,0,,2,,0,
"wellnet healthcare","Not tracked","Not tracked",74.5,,0,,2,,0,
"wells fargo bank arlington tx","Not tracked","Not tracked",61,,0,,2,,0,
"wells fargo bank in long island","Not tracked","Not tracked",51.5,,0,,2,,0,
"wells fargo business credit card requirements","Not tracked","Not tracked",85,,0,,2,,0,
"wells fargo long island","Not tracked","Not tracked",50.5,,0,,2,,0,
weokie,"Not tracked","Not tracked",39.5,,0,,2,,0,
"weokie bank","Not tracked","Not tracked",36,,0,,2,,0,
"weokie credit card","Not tracked","Not tracked",62.5,,0,,2,,0,
"wes banco","Not tracked","Not tracked",73,,0,,2,,0,
wesbanc,"Not tracked","Not tracked",56,,0,,2,,0,
"wesbanco bank inc","Not tracked","Not tracked",56.5,,0,,2,,0,
"wesbanco clarksburg wv","Not tracked","Not tracked",44.5,,0,,2,,0,
"wesbanco morgantown","Not tracked","Not tracked",49,,0,,2,,0,
"wesbanco west virginia","Not tracked","Not tracked",44.5,,0,,2,,0,
"wescom central credit","Not tracked","Not tracked",70.5,,0,,2,,0,
"wescom credit","Not tracked","Not tracked",67,,0,,2,,0,
"west bank co","Not tracked","Not tracked",57.5,,0,,2,,0,
"west bank of iowa mobile wallet","Not tracked","Not tracked",81.5,,0,,2,,0,
"west miami jewelry & pawn","Not tracked","Not tracked",88.5,,0,,2,,0,
"west shore bank ludington mi","Not tracked","Not tracked",40,,0,,2,,0,
"western commerce bank carlsbad nm","Not tracked","Not tracked",52.5,,0,,2,,0,
"western credit union","Not tracked","Not tracked",98,,0,,2,,0,
"western union dodge city","Not tracked","Not tracked",75.5,,0,,2,,0,
"western union in albuquerque","Not tracked","Not tracked",41,,0,,2,,0,
"western union l","Not tracked","Not tracked",48.5,,0,,2,,0,
"western union m","Not tracked","Not tracked",49,,0,,2,,0,
"wexford community credit union cadillac mi","Not tracked","Not tracked",34.5,,0,,2,,0,
"wexford community credit union lake city","Not tracked","Not tracked",50,,0,,2,,0,
"what does ttcu stand for","Not tracked","Not tracked",70,,0,,2,,0,
"what is the nfcc","Not tracked","Not tracked",49,,0,,2,,0,
"what is wesbanco","Not tracked","Not tracked",53,,0,,2,,0,
"who is midland credit","Not tracked","Not tracked",81.5,,0,,2,,0,
"wildfire credit","Not tracked","Not tracked",47,,0,,2,,0,
"wildfire credit union bay city mi","Not tracked","Not tracked",57,,0,,2,,0,
"wilmington police and fire","Not tracked","Not tracked",86,,0,,2,,0,
"winsouth bank","Not tracked","Not tracked",59.5,,0,,2,,0,
"winsouth credit","Not tracked","Not tracked",49.5,,0,,2,,0,
"winsouth cu","Not tracked","Not tracked",50.5,,0,,2,,0,
"winsouth oneonta al","Not tracked","Not tracked",43.5,,0,,2,,0,
"woodsfield savings bank woodsfield ohio","Not tracked","Not tracked",45,,0,,2,,0,
"world finance refinance","Not tracked","Not tracked",77,,0,,2,,0,
"www securitybankkc com","Not tracked","Not tracked",93.5,,0,,2,,0,
"www spero finacial","Not tracked","Not tracked",20,,0,,2,,0,
"your community credit union","Not tracked","Not tracked",79,,0,,2,,0,
"yrefy slp4 llc","Not tracked","Not tracked",92,,0,,2,,0,
"zing bank","Not tracked","Not tracked",49.5,,0,,2,,0,
"credit repair near me","Not tracked","Not tracked",2,,1,,1,,100,
"1199 seiu fcu apy savings","Not tracked","Not tracked",3,,0,,1,,0,
"678-293-7467 cheque express","Not tracked","Not tracked",2,,0,,1,,0,
"auto point pre owned 21237","Not tracked","Not tracked",88,,0,,1,,0,
"church of the master federal credit union apy","Not tracked","Not tracked",12,,0,,1,,0,
"creditup club san antonio","Not tracked","Not tracked",26,,0,,1,,0,
"db organization (404) 407-5046","Not tracked","Not tracked",35,,0,,1,,0,
"db organization 30326","Not tracked","Not tracked",33,,0,,1,,0,
"debtvantage +1 866-211-2853","Not tracked","Not tracked",3,,0,,1,,0,
"e pawn atlanta 30318","Not tracked","Not tracked",30,,0,,1,,0,
"h. schoenberg +1 201-333-8991","Not tracked","Not tracked",17,,0,,1,,0,
"houston loan and jewelry houston","Not tracked","Not tracked",38,,0,,1,,0,
"parks heritage federal credit union headquartered in glens falls","Not tracked","Not tracked",7,,0,,1,,0,
"san diego home loans 92108","Not tracked","Not tracked",38,,0,,1,,0,
"start up business loans pittsburgh pittsburgh","Not tracked","Not tracked",12,,0,,1,,0,
"+orion +financial","Not tracked","Not tracked",72,,0,,1,,0,
"02 banking","Not tracked","Not tracked",41,,0,,1,,0,
"021302554 routing number","Not tracked","Not tracked",30,,0,,1,,0,
071900760,"Not tracked","Not tracked",54,,0,,1,,0,
113102714,"Not tracked","Not tracked",43,,0,,1,,0,
"1199 credit union loan application","Not tracked","Not tracked",98,,0,,1,,0,
"1199 loans","Not tracked","Not tracked",80,,0,,1,,0,
"1199seiu credit union","Not tracked","Not tracked",65,,0,,1,,0,
"1776 credit union","Not tracked","Not tracked",76,,0,,1,,0,
"1776 federal credit union","Not tracked","Not tracked",77,,0,,1,,0,
"18200 von karman ave ste 600 irvine ca 92612","Not tracked","Not tracked",64,,0,,1,,0,
"1st america credit union","Not tracked","Not tracked",49,,0,,1,,0,
"1st bank & trust","Not tracked","Not tracked",78,,0,,1,,0,
"1st bank lakewood colorado","Not tracked","Not tracked",66,,0,,1,,0,
"1st bank personal loan","Not tracked","Not tracked",98,,0,,1,,0,
"1st bank trust","Not tracked","Not tracked",87,,0,,1,,0,
"1st choice credit union","Not tracked","Not tracked",68,,0,,1,,0,
"1st choice savings credit union","Not tracked","Not tracked",62,,0,,1,,0,
"1st city savings","Not tracked","Not tracked",62,,0,,1,,0,
"1st financial credit union","Not tracked","Not tracked",78,,0,,1,,0,
"1st florida credit union","Not tracked","Not tracked",72,,0,,1,,0,
"1st mid america loan rates","Not tracked","Not tracked",49,,0,,1,,0,
"1st mid credit union","Not tracked","Not tracked",25,,0,,1,,0,
"1st midamerica credit","Not tracked","Not tracked",26,,0,,1,,0,
"1st midamerica credit union","Not tracked","Not tracked",26,,0,,1,,0,
"1st midamerica credit union springfield il","Not tracked","Not tracked",39,,0,,1,,0,
"1st midamerica cu","Not tracked","Not tracked",36,,0,,1,,0,
"1st national bank of hughes springs","Not tracked","Not tracked",73,,0,,1,,0,
"1st security bank and trust","Not tracked","Not tracked",79,,0,,1,,0,
"1st security bank deer lodge mt","Not tracked","Not tracked",59,,0,,1,,0,
"1st security bank nora springs","Not tracked","Not tracked",70,,0,,1,,0,
"1st security bank of deer lodge","Not tracked","Not tracked",91,,0,,1,,0,
"1st security bank seattle","Not tracked","Not tracked",40,,0,,1,,0,
"1st security bank washington","Not tracked","Not tracked",45,,0,,1,,0,
"1st sentinel bank","Not tracked","Not tracked",51,,0,,1,,0,
"1st united bank","Not tracked","Not tracked",68,,0,,1,,0,
"1stbank colorado","Not tracked","Not tracked",48,,0,,1,,0,
1stmid,"Not tracked","Not tracked",42,,0,,1,,0,
"1stmidamerica credit union","Not tracked","Not tracked",44,,0,,1,,0,
"24 hour check cashing on woodward","Not tracked","Not tracked",36,,0,,1,,0,
"2675 east flamingo road","Not tracked","Not tracked",56,,0,,1,,0,
"2nd federal bank","Not tracked","Not tracked",92,,0,,1,,0,
"3 federal bank","Not tracked","Not tracked",51,,0,,1,,0,
"3 rivers credit union fort wayne","Not tracked","Not tracked",63,,0,,1,,0,
"30 point difference in credit scores","Not tracked","Not tracked",93,,0,,1,,0,
"3500 manor way dallas tx 75235","Not tracked","Not tracked",58,,0,,1,,0,
"360 credit union","Not tracked","Not tracked",35,,0,,1,,0,
"3637 sentara way virginia beach va 23452","Not tracked","Not tracked",56,,0,,1,,0,
"3700 south blvd charlotte nc","Not tracked","Not tracked",62,,0,,1,,0,
"3rd federal savings and loan","Not tracked","Not tracked",62,,0,,1,,0,
"3rivers credit union fort wayne","Not tracked","Not tracked",60,,0,,1,,0,
"4 chase metrotech center brooklyn ny","Not tracked","Not tracked",48,,0,,1,,0,
"4 chase metrotech center brooklyn ny 11245","Not tracked","Not tracked",46,,0,,1,,0,
"4 seasons credit union","Not tracked","Not tracked",38,,0,,1,,0,
"4380 la jolla village drive san diego","Not tracked","Not tracked",27,,0,,1,,0,
"4front auto loan","Not tracked","Not tracked",86,,0,,1,,0,
"4front cash reserve line of credit","Not tracked","Not tracked",60,,0,,1,,0,
"4front cd","Not tracked","Not tracked",91,,0,,1,,0,
"4front checking","Not tracked","Not tracked",93,,0,,1,,0,
"4front checking account","Not tracked","Not tracked",87,,0,,1,,0,
"4front conventional mortgage loan","Not tracked","Not tracked",82,,0,,1,,0,
"4front courtesy pay","Not tracked","Not tracked",90,,0,,1,,0,
"4front credit builder program loan","Not tracked","Not tracked",78,,0,,1,,0,
"4front credit union auto loan","Not tracked","Not tracked",80,,0,,1,,0,
"4front credit union auto loan rates","Not tracked","Not tracked",96,,0,,1,,0,
"4front credit union bellaire","Not tracked","Not tracked",94,,0,,1,,0,
"4front credit union construction mortgage loan","Not tracked","Not tracked",83,,0,,1,,0,
"4front credit union conventional mortgage","Not tracked","Not tracked",68,,0,,1,,0,
"4front credit union conventional mortgage loan","Not tracked","Not tracked",63,,0,,1,,0,
"4front credit union courtesy pay","Not tracked","Not tracked",80,,0,,1,,0,
"4front credit union credit card","Not tracked","Not tracked",77,,0,,1,,0,
"4front credit union fha loan","Not tracked","Not tracked",75,,0,,1,,0,
"4front credit union health savings","Not tracked","Not tracked",72,,0,,1,,0,
"4front credit union health savings account","Not tracked","Not tracked",70,,0,,1,,0,
"4front credit union motorcycle loan rates","Not tracked","Not tracked",91,,0,,1,,0,
"4front credit union open account","Not tracked","Not tracked",73,,0,,1,,0,
"4front credit union overdraft protection","Not tracked","Not tracked",76,,0,,1,,0,
"4front credit union quickcash rate","Not tracked","Not tracked",68,,0,,1,,0,
"4front credit union signature loan","Not tracked","Not tracked",66,,0,,1,,0,
"4front credit union straight4ward rewards","Not tracked","Not tracked",85,,0,,1,,0,
"4front credit union straight4ward rewards checking","Not tracked","Not tracked",90,,0,,1,,0,
"4front creditbuilder loan","Not tracked","Not tracked",83,,0,,1,,0,
"4front creditbuilder program loan","Not tracked","Not tracked",78,,0,,1,,0,
"4front home loan rates","Not tracked","Not tracked",86,,0,,1,,0,
"4front hsa","Not tracked","Not tracked",90,,0,,1,,0,
"4front open account","Not tracked","Not tracked",64,,0,,1,,0,
"4front overdraft protection","Not tracked","Not tracked",83,,0,,1,,0,
"4front rewards credit card","Not tracked","Not tracked",87,,0,,1,,0,
"4front signature loan rate","Not tracked","Not tracked",79,,0,,1,,0,
"4front straight4ward rewards","Not tracked","Not tracked",84,,0,,1,,0,
"4front straight4ward rewards checking account","Not tracked","Not tracked",86,,0,,1,,0,
"4leaf bank","Not tracked","Not tracked",55,,0,,1,,0,
"5 county credit union","Not tracked","Not tracked",35,,0,,1,,0,
"5 credit union","Not tracked","Not tracked",59,,0,,1,,0,
"600 atlantic","Not tracked","Not tracked",69,,0,,1,,0,
"6226 bandera rd","Not tracked","Not tracked",47,,0,,1,,0,
"700 plus credit houston","Not tracked","Not tracked",73,,0,,1,,0,
8009099525,"Not tracked","Not tracked",55,,0,,1,,0,
"850 credit restoration","Not tracked","Not tracked",41,,0,,1,,0,
8778830999,"Not tracked","Not tracked",68,,0,,1,,0,
"90 day credit experts","Not tracked","Not tracked",81,,0,,1,,0,
"a 1 finance","Not tracked","Not tracked",83,,0,,1,,0,
"a plus credit services llc","Not tracked","Not tracked",70,,0,,1,,0,
"a plus finances","Not tracked","Not tracked",71,,0,,1,,0,
"a t m cash machines","Not tracked","Not tracked",40,,0,,1,,0,
"a-1 check cashing","Not tracked","Not tracked",65,,0,,1,,0,
"a1 check","Not tracked","Not tracked",65,,0,,1,,0,
"a1 check cashing","Not tracked","Not tracked",58,,0,,1,,0,
"a1 financing","Not tracked","Not tracked",74,,0,,1,,0,
"aa bank","Not tracked","Not tracked",69,,0,,1,,0,
"aa credit union","Not tracked","Not tracked",40,,0,,1,,0,
"aaa check cashing","Not tracked","Not tracked",53,,0,,1,,0,
"abc title of mid-city","Not tracked","Not tracked",60,,0,,1,,0,
"abc title of uptown","Not tracked","Not tracked",61,,0,,1,,0,
"abc title on claiborne","Not tracked","Not tracked",58,,0,,1,,0,
"abc title uptown","Not tracked","Not tracked",62,,0,,1,,0,
"aberdeen credit union maryland","Not tracked","Not tracked",54,,0,,1,,0,
"aberdeen proving ground fcu","Not tracked","Not tracked",52,,0,,1,,0,
"aberdeen proving ground federal credit union","Not tracked","Not tracked",58,,0,,1,,0,
"abilene credit unions","Not tracked","Not tracked",63,,0,,1,,0,
"abn credit","Not tracked","Not tracked",53,,0,,1,,0,
"abnb auto loan rates","Not tracked","Not tracked",91,,0,,1,,0,
"abnb loans","Not tracked","Not tracked",67,,0,,1,,0,
"abnb mortgage","Not tracked","Not tracked",99,,0,,1,,0,
"about ally bank","Not tracked","Not tracked",82,,0,,1,,0,
"about d.l. evans bank","Not tracked","Not tracked",71,,0,,1,,0,
"abq pawn","Not tracked","Not tracked",47,,0,,1,,0,
"abq pawn shops","Not tracked","Not tracked",58,,0,,1,,0,
"absolute finance","Not tracked","Not tracked",84,,0,,1,,0,
"absolute mortgage","Not tracked","Not tracked",84,,0,,1,,0,
"accc american consumer credit counseling","Not tracked","Not tracked",43,,0,,1,,0,
"accc credit counseling","Not tracked","Not tracked",50,,0,,1,,0,
"accc debt","Not tracked","Not tracked",48,,0,,1,,0,
"accc dmp","Not tracked","Not tracked",46,,0,,1,,0,
"access fcu","Not tracked","Not tracked",71,,0,,1,,0,
"access of louisiana federal credit union","Not tracked","Not tracked",83,,0,,1,,0,
"accessity san diego","Not tracked","Not tracked",30,,0,,1,,0,
"account atm","Not tracked","Not tracked",88,,0,,1,,0,
"ace advance cash","Not tracked","Not tracked",33,,0,,1,,0,
"ace america's cash express","Not tracked","Not tracked",43,,0,,1,,0,
"ace atm service","Not tracked","Not tracked",58,,0,,1,,0,
"ace bank","Not tracked","Not tracked",65,,0,,1,,0,
"ace cash express bakersfield","Not tracked","Not tracked",67,,0,,1,,0,
"ace cash express bakersfield ca","Not tracked","Not tracked",71,,0,,1,,0,
"ace cash express bradenton","Not tracked","Not tracked",61,,0,,1,,0,
"ace cash express debit card","Not tracked","Not tracked",78,,0,,1,,0,
"ace cash express donor","Not tracked","Not tracked",68,,0,,1,,0,
"ace cash express dunn ave","Not tracked","Not tracked",43,,0,,1,,0,
"ace cash express florida","Not tracked","Not tracked",33,,0,,1,,0,
"ace cash express fort mill","Not tracked","Not tracked",68,,0,,1,,0,
"ace cash express inc","Not tracked","Not tracked",26,,0,,1,,0,
"ace cash express inc.","Not tracked","Not tracked",26,,0,,1,,0,
"ace cash express irving reviews","Not tracked","Not tracked",24,,0,,1,,0,
"ace cash express loans","Not tracked","Not tracked",76,,0,,1,,0,
"ace cash express marbach","Not tracked","Not tracked",70,,0,,1,,0,
"ace cash express memphis","Not tracked","Not tracked",28,,0,,1,,0,
"ace cash express memphis tn","Not tracked","Not tracked",27,,0,,1,,0,
"ace cash express miami","Not tracked","Not tracked",49,,0,,1,,0,
"ace cash express new orleans reviews","Not tracked","Not tracked",56,,0,,1,,0,
"ace cash express online loan","Not tracked","Not tracked",78,,0,,1,,0,
"ace cash express provider","Not tracked","Not tracked",75,,0,,1,,0,
"ace cash express san antonio","Not tracked","Not tracked",39,,0,,1,,0,
"ace cash express san antonio texas","Not tracked","Not tracked",63,,0,,1,,0,
"ace cash express website","Not tracked","Not tracked",9,,0,,1,,0,
"ace cash services","Not tracked","Not tracked",50,,0,,1,,0,
"ace check cashing mlk","Not tracked","Not tracked",44,,0,,1,,0,
"ace check cashing tampa","Not tracked","Not tracked",46,,0,,1,,0,
"ace elite loan","Not tracked","Not tracked",17,,0,,1,,0,
"ace elite loans","Not tracked","Not tracked",22,,0,,1,,0,
"ace express loan","Not tracked","Not tracked",48,,0,,1,,0,
"ace loans online","Not tracked","Not tracked",24,,0,,1,,0,
"ace money express","Not tracked","Not tracked",8,,0,,1,,0,
acecashloans,"Not tracked","Not tracked",47,,0,,1,,0,
acfcu,"Not tracked","Not tracked",54,,0,,1,,0,
"acfcu amarillo","Not tracked","Not tracked",40,,0,,1,,0,
"acfcu amarillo tx","Not tracked","Not tracked",39,,0,,1,,0,
"achieve credit","Not tracked","Not tracked",81,,0,,1,,0,
"acme continental","Not tracked","Not tracked",18,,0,,1,,0,
"acme credit union","Not tracked","Not tracked",70,,0,,1,,0,
"acnb bank review","Not tracked","Not tracked",60,,0,,1,,0,
"action credit round rock","Not tracked","Not tracked",79,,0,,1,,0,
"acu bank","Not tracked","Not tracked",94,,0,,1,,0,
"acu credit union pearland","Not tracked","Not tracked",48,,0,,1,,0,
"acu fcu","Not tracked","Not tracked",26,,0,,1,,0,
"acu of texas","Not tracked","Not tracked",74,,0,,1,,0,
"acura credit union","Not tracked","Not tracked",100,,0,,1,,0,
"ada citizens bank","Not tracked","Not tracked",57,,0,,1,,0,
"adams community","Not tracked","Not tracked",54,,0,,1,,0,
"adams community bank williamstown","Not tracked","Not tracked",17,,0,,1,,0,
"adams county bank","Not tracked","Not tracked",75,,0,,1,,0,
"adirondack bank overview","Not tracked","Not tracked",89,,0,,1,,0,
"advance america brandon reviews","Not tracked","Not tracked",40,,0,,1,,0,
"advance america bridgeport reviews","Not tracked","Not tracked",46,,0,,1,,0,
"advance america canton ohio","Not tracked","Not tracked",67,,0,,1,,0,
"advance america canton reviews","Not tracked","Not tracked",45,,0,,1,,0,
"advance america council bluffs reviews","Not tracked","Not tracked",44,,0,,1,,0,
"advance america dodge city ks","Not tracked","Not tracked",78,,0,,1,,0,
"advance america el cajon blvd","Not tracked","Not tracked",66,,0,,1,,0,
"advance america fort pierce reviews","Not tracked","Not tracked",39,,0,,1,,0,
"advance america hammond","Not tracked","Not tracked",68,,0,,1,,0,
"advance america miami","Not tracked","Not tracked",75,,0,,1,,0,
"advance america miami fl","Not tracked","Not tracked",70,,0,,1,,0,
"advance america milwaukee","Not tracked","Not tracked",74,,0,,1,,0,
"advance america new iberia reviews","Not tracked","Not tracked",55,,0,,1,,0,
"advance america okc","Not tracked","Not tracked",70,,0,,1,,0,
"advance america phenix city reviews","Not tracked","Not tracked",34,,0,,1,,0,
"advance america port charlotte reviews","Not tracked","Not tracked",28,,0,,1,,0,
"advancial bank","Not tracked","Not tracked",44,,0,,1,,0,
"advancial cd rates","Not tracked","Not tracked",29,,0,,1,,0,
"advancial credit","Not tracked","Not tracked",34,,0,,1,,0,
"advancial federal credit","Not tracked","Not tracked",36,,0,,1,,0,
"advancial federal credit union reviews","Not tracked","Not tracked",67,,0,,1,,0,
"advantage finance llc","Not tracked","Not tracked",14,,0,,1,,0,
"advantage home loans","Not tracked","Not tracked",87,,0,,1,,0,
"advantage plus of indiana federal credit union","Not tracked","Not tracked",67,,0,,1,,0,
"advantage plus terre haute indiana","Not tracked","Not tracked",76,,0,,1,,0,
"advantageplus of indiana federal credit union","Not tracked","Not tracked",54,,0,,1,,0,
"afena bank","Not tracked","Not tracked",48,,0,,1,,0,
"afena marion","Not tracked","Not tracked",63,,0,,1,,0,
"afena marion in","Not tracked","Not tracked",66,,0,,1,,0,
"affinity first","Not tracked","Not tracked",61,,0,,1,,0,
"affinity one fcu","Not tracked","Not tracked",68,,0,,1,,0,
"affinity one jamestown ny","Not tracked","Not tracked",61,,0,,1,,0,
"affinity plus federal credit union","Not tracked","Not tracked",19,,0,,1,,0,
"affinity plus federal credit union rates","Not tracked","Not tracked",28,,0,,1,,0,
"affinity plus home loans","Not tracked","Not tracked",86,,0,,1,,0,
"aj bank","Not tracked","Not tracked",66,,0,,1,,0,
"akron insurance","Not tracked","Not tracked",79,,0,,1,,0,
"al's check cashing","Not tracked","Not tracked",49,,0,,1,,0,
"alabama one bank","Not tracked","Not tracked",49,,0,,1,,0,
"alabama state employee credit union","Not tracked","Not tracked",63,,0,,1,,0,
"alamo loan company","Not tracked","Not tracked",41,,0,,1,,0,
"albuquerque mortgage","Not tracked","Not tracked",78,,0,,1,,0,
"albuquerque pawn shop","Not tracked","Not tracked",63,,0,,1,,0,
"alco credit union","Not tracked","Not tracked",100,,0,,1,,0,
"alco federal credit union","Not tracked","Not tracked",72,,0,,1,,0,
"alcoa community","Not tracked","Not tracked",65,,0,,1,,0,
"alden credit","Not tracked","Not tracked",60,,0,,1,,0,
"alden cu","Not tracked","Not tracked",59,,0,,1,,0,
"alden state","Not tracked","Not tracked",52,,0,,1,,0,
"alden state bank cd rates","Not tracked","Not tracked",76,,0,,1,,0,
aldenstatebank,"Not tracked","Not tracked",37,,0,,1,,0,
"alexander coin and pawn","Not tracked","Not tracked",68,,0,,1,,0,
"alexandria municipal employees credit union","Not tracked","Not tracked",38,,0,,1,,0,
"aliant credit union","Not tracked","Not tracked",65,,0,,1,,0,
"alive credit union jax fl","Not tracked","Not tracked",39,,0,,1,,0,
"alive cu","Not tracked","Not tracked",47,,0,,1,,0,
alivecu,"Not tracked","Not tracked",44,,0,,1,,0,
"all america bank cache","Not tracked","Not tracked",33,,0,,1,,0,
"all america bank oklahoma city","Not tracked","Not tracked",43,,0,,1,,0,
"all american loan","Not tracked","Not tracked",81,,0,,1,,0,
"all american loans","Not tracked","Not tracked",93,,0,,1,,0,
"all in credit union legit","Not tracked","Not tracked",63,,0,,1,,0,
"all in credit union reviews","Not tracked","Not tracked",72,,0,,1,,0,
"all together credit union","Not tracked","Not tracked",56,,0,,1,,0,
allamerica,"Not tracked","Not tracked",19,,0,,1,,0,
"allegheny valley bank of pittsburgh","Not tracked","Not tracked",90,,0,,1,,0,
"alley bank","Not tracked","Not tracked",22,,0,,1,,0,
"alliance bank credit union","Not tracked","Not tracked",81,,0,,1,,0,
"alliance credit union san antonio tx","Not tracked","Not tracked",40,,0,,1,,0,
"alliance credit union texas","Not tracked","Not tracked",43,,0,,1,,0,
"alliance federal credit","Not tracked","Not tracked",36,,0,,1,,0,
"alliance niagara","Not tracked","Not tracked",54,,0,,1,,0,
"alliance one atm","Not tracked","Not tracked",92,,0,,1,,0,
"alliance settlement","Not tracked","Not tracked",85,,0,,1,,0,
"alliant credit union:","Not tracked","Not tracked",68,,0,,1,,0,
"alliant union","Not tracked","Not tracked",67,,0,,1,,0,
alliantcreditunion,"Not tracked","Not tracked",67,,0,,1,,0,
"allied cash advance apache junction","Not tracked","Not tracked",64,,0,,1,,0,
"allied cash advance page az","Not tracked","Not tracked",64,,0,,1,,0,
"allied cash advance phoenix","Not tracked","Not tracked",62,,0,,1,,0,
"allied cash advance tucson","Not tracked","Not tracked",62,,0,,1,,0,
"allied financial inc","Not tracked","Not tracked",73,,0,,1,,0,
"allied financial services reviews","Not tracked","Not tracked",71,,0,,1,,0,
"allient credit union","Not tracked","Not tracked",69,,0,,1,,0,
"allliant credit union","Not tracked","Not tracked",69,,0,,1,,0,
"ally bank pennsylvania","Not tracked","Not tracked",45,,0,,1,,0,
allyfinancial,"Not tracked","Not tracked",25,,0,,1,,0,
"almost a bank deltona","Not tracked","Not tracked",50,,0,,1,,0,
"alpine credit","Not tracked","Not tracked",62,,0,,1,,0,
"alpine credit union highland","Not tracked","Not tracked",41,,0,,1,,0,
"altana bank","Not tracked","Not tracked",45,,0,,1,,0,
"altana credit union","Not tracked","Not tracked",31,,0,,1,,0,
"altonized community federal credit union","Not tracked","Not tracked",57,,0,,1,,0,
"amagamated bank","Not tracked","Not tracked",56,,0,,1,,0,
"amalgamted bank","Not tracked","Not tracked",69,,0,,1,,0,
"amarillo federal credit union","Not tracked","Not tracked",41,,0,,1,,0,
"amarillo national bank near me","Not tracked","Not tracked",70,,0,,1,,0,
"amarillo tx bank","Not tracked","Not tracked",56,,0,,1,,0,
"amboy bancorporation","Not tracked","Not tracked",48,,0,,1,,0,
"amboy bank freehold","Not tracked","Not tracked",76,,0,,1,,0,
"amboy madison bank","Not tracked","Not tracked",43,,0,,1,,0,
amboybank,"Not tracked","Not tracked",42,,0,,1,,0,
"americ bank","Not tracked","Not tracked",36,,0,,1,,0,
"america finance capital","Not tracked","Not tracked",100,,0,,1,,0,
"america's cash express","Not tracked","Not tracked",43,,0,,1,,0,
"america's credit union mesquite","Not tracked","Not tracked",57,,0,,1,,0,
"america's credit union mesquite tx","Not tracked","Not tracked",59,,0,,1,,0,
"america's loan company reviews","Not tracked","Not tracked",51,,0,,1,,0,
"american 1 bank","Not tracked","Not tracked",43,,0,,1,,0,
"american 1 credit union reviews","Not tracked","Not tracked",66,,0,,1,,0,
"american capital financial","Not tracked","Not tracked",89,,0,,1,,0,
"american cash advance boutte","Not tracked","Not tracked",48,,0,,1,,0,
"american cash advance lafayette la","Not tracked","Not tracked",66,,0,,1,,0,
"american cash advance monroe la","Not tracked","Not tracked",59,,0,,1,,0,
"american consumer council banks","Not tracked","Not tracked",86,,0,,1,,0,
"american consumer credit counseling (accc)","Not tracked","Not tracked",62,,0,,1,,0,
"american consumer credit counseling scam","Not tracked","Not tracked",73,,0,,1,,0,
"american credit solution bronx ny","Not tracked","Not tracked",80,,0,,1,,0,
"american debt consolidation reviews","Not tracked","Not tracked",68,,0,,1,,0,
"american eagle bank","Not tracked","Not tracked",80,,0,,1,,0,
"american eagle credit union ct","Not tracked","Not tracked",40,,0,,1,,0,
"american eagle credit union east hartford","Not tracked","Not tracked",52,,0,,1,,0,
"american eagle credit union east hartford connecticut","Not tracked","Not tracked",58,,0,,1,,0,
"american eagle credit union enfield ct","Not tracked","Not tracked",45,,0,,1,,0,
"american eagle credit union glastonbury ct","Not tracked","Not tracked",65,,0,,1,,0,
"american eagle east hartford ct","Not tracked","Not tracked",55,,0,,1,,0,
"american eagle financial credit union","Not tracked","Not tracked",47,,0,,1,,0,
"american eagle financial credit union east hartford ct","Not tracked","Not tracked",58,,0,,1,,0,
"american eagle vernon ct","Not tracked","Not tracked",58,,0,,1,,0,
"american exchange bank lindsay oklahoma","Not tracked","Not tracked",70,,0,,1,,0,
"american express american express","Not tracked","Not tracked",30,,0,,1,,0,
"american express bank new york","Not tracked","Not tracked",56,,0,,1,,0,
"american express n","Not tracked","Not tracked",33,,0,,1,,0,
"american express new york","Not tracked","Not tracked",51,,0,,1,,0,
"american express ny","Not tracked","Not tracked",55,,0,,1,,0,
"american express services","Not tracked","Not tracked",20,,0,,1,,0,
"american exxpress","Not tracked","Not tracked",50,,0,,1,,0,
"american heritage bank long prairie mn","Not tracked","Not tracked",65,,0,,1,,0,
"american heritage bank st cloud","Not tracked","Not tracked",65,,0,,1,,0,
"american heritage bank st cloud mn","Not tracked","Not tracked",69,,0,,1,,0,
"american heritage credit union auto loan","Not tracked","Not tracked",88,,0,,1,,0,
"american nat bank","Not tracked","Not tracked",71,,0,,1,,0,
"american national bank mount pleasant tx","Not tracked","Not tracked",53,,0,,1,,0,
"american national bank of mount pleasant texas","Not tracked","Not tracked",64,,0,,1,,0,
"american pride bank warner robins","Not tracked","Not tracked",54,,0,,1,,0,
"american pride bank warner robins ga","Not tracked","Not tracked",65,,0,,1,,0,
"american trust & savings bank","Not tracked","Not tracked",79,,0,,1,,0,
"american trust and savings bank dubuque iowa","Not tracked","Not tracked",81,,0,,1,,0,
"americas bank","Not tracked","Not tracked",37,,0,,1,,0,
"americas credit","Not tracked","Not tracked",82,,0,,1,,0,
"americas credit union garland","Not tracked","Not tracked",52,,0,,1,,0,
"americas loan company","Not tracked","Not tracked",48,,0,,1,,0,
"americash joplin mo","Not tracked","Not tracked",86,,0,,1,,0,
"americash loans joplin mo","Not tracked","Not tracked",96,,0,,1,,0,
"americash loans kansas city mo","Not tracked","Not tracked",75,,0,,1,,0,
"americash loans kcmo","Not tracked","Not tracked",59,,0,,1,,0,
"ameris bank albany ga","Not tracked","Not tracked",64,,0,,1,,0,
"ameris bank atlanta ga","Not tracked","Not tracked",45,,0,,1,,0,
"ameris bank buckhead","Not tracked","Not tracked",55,,0,,1,,0,
"ameris bank dunwoody","Not tracked","Not tracked",61,,0,,1,,0,
"ameris bank fayetteville georgia","Not tracked","Not tracked",54,,0,,1,,0,
"ameris bank georgia","Not tracked","Not tracked",27,,0,,1,,0,
"ameris bank marietta","Not tracked","Not tracked",57,,0,,1,,0,
"ameris bank marietta ga","Not tracked","Not tracked",68,,0,,1,,0,
"ameris bank mortage","Not tracked","Not tracked",44,,0,,1,,0,
"ameris bank mortgage services","Not tracked","Not tracked",40,,0,,1,,0,
"ameris bank ponce de leon","Not tracked","Not tracked",53,,0,,1,,0,
"ameris bank roswell ga","Not tracked","Not tracked",56,,0,,1,,0,
"amex new york","Not tracked","Not tracked",57,,0,,1,,0,
"amplify banking","Not tracked","Not tracked",29,,0,,1,,0,
"amplify fee free","Not tracked","Not tracked",46,,0,,1,,0,
"amplify loan","Not tracked","Not tracked",37,,0,,1,,0,
"amplify personal loan","Not tracked","Not tracked",30,,0,,1,,0,
"amscot jacksonville","Not tracked","Not tracked",58,,0,,1,,0,
"amscot jacksonville fl","Not tracked","Not tracked",57,,0,,1,,0,
"amscot jacksonville florida","Not tracked","Not tracked",64,,0,,1,,0,
"amscot north miami beach","Not tracked","Not tracked",66,,0,,1,,0,
"andrew federal credit union reviews","Not tracked","Not tracked",81,,0,,1,,0,
"andrew johnson bank cleveland tennessee","Not tracked","Not tracked",59,,0,,1,,0,
"andrew johnson bank cleveland tn","Not tracked","Not tracked",52,,0,,1,,0,
"andrew johnson bank greeneville tn","Not tracked","Not tracked",64,,0,,1,,0,
"andrew johnson bank johnson city tennessee","Not tracked","Not tracked",85,,0,,1,,0,
"andrew johnson bank jonesborough tn","Not tracked","Not tracked",51,,0,,1,,0,
"andrews fcu","Not tracked","Not tracked",60,,0,,1,,0,
"andrews federal credit union","Not tracked","Not tracked",45,,0,,1,,0,
"andrews federal credit union mortgage rates","Not tracked","Not tracked",87,,0,,1,,0,
"andrews federal credit union review","Not tracked","Not tracked",24,,0,,1,,0,
"andrews federal credit union website","Not tracked","Not tracked",29,,0,,1,,0,
"andrews loan","Not tracked","Not tracked",61,,0,,1,,0,
andrewsfcu,"Not tracked","Not tracked",60,,0,,1,,0,
"aneca credit union","Not tracked","Not tracked",23,,0,,1,,0,
annastate,"Not tracked","Not tracked",44,,0,,1,,0,
"any bank near me","Not tracked","Not tracked",68,,0,,1,,0,
"anything negative?","Not tracked","Not tracked",4,,0,,1,,0,
"apgfcu reviews","Not tracked","Not tracked",64,,0,,1,,0,
"appliance credit union","Not tracked","Not tracked",76,,0,,1,,0,
"approved credit services","Not tracked","Not tracked",95,,0,,1,,0,
"approved mortgage company","Not tracked","Not tracked",88,,0,,1,,0,
"approved mortgage reviews","Not tracked","Not tracked",63,,0,,1,,0,
"arapahoe credit union englewood","Not tracked","Not tracked",45,,0,,1,,0,
"arapahoe credit union englewood colorado","Not tracked","Not tracked",45,,0,,1,,0,
"arapahoe credit union phone number","Not tracked","Not tracked",85,,0,,1,,0,
"argent credit union chester va","Not tracked","Not tracked",40,,0,,1,,0,
"argent federal credit union","Not tracked","Not tracked",52,,0,,1,,0,
"arizona jewelry & pawnbrokers phoenix az","Not tracked","Not tracked",77,,0,,1,,0,
"arizona signature motorsports","Not tracked","Not tracked",76,,0,,1,,0,
"arizona valley lending","Not tracked","Not tracked",50,,0,,1,,0,
"arlington finance","Not tracked","Not tracked",94,,0,,1,,0,
"arlington financial","Not tracked","Not tracked",77,,0,,1,,0,
"arlington tx pawn shop","Not tracked","Not tracked",60,,0,,1,,0,
"armstrong county credit union","Not tracked","Not tracked",62,,0,,1,,0,
"arrah bank","Not tracked","Not tracked",93,,0,,1,,0,
"array credit monitoring","Not tracked","Not tracked",70,,0,,1,,0,
"arrow bank glens falls new york","Not tracked","Not tracked",50,,0,,1,,0,
"arrow bank hudson falls","Not tracked","Not tracked",22,,0,,1,,0,
"arrow bank south glens falls","Not tracked","Not tracked",79,,0,,1,,0,
"arrow bank.com","Not tracked","Not tracked",19,,0,,1,,0,
"arrow banking","Not tracked","Not tracked",28,,0,,1,,0,
"arrow banks","Not tracked","Not tracked",35,,0,,1,,0,
"arrow financial","Not tracked","Not tracked",62,,0,,1,,0,
"arrow pawn and jewelry","Not tracked","Not tracked",71,,0,,1,,0,
arrowfunding,"Not tracked","Not tracked",86,,0,,1,,0,
"arrowhead bank","Not tracked","Not tracked",55,,0,,1,,0,
"arrowhead credit union","Not tracked","Not tracked",54,,0,,1,,0,
"arrowhead credit union auto loans","Not tracked","Not tracked",91,,0,,1,,0,
"arrowhead credit union loans","Not tracked","Not tracked",77,,0,,1,,0,
"arrowhead credit union rates","Not tracked","Not tracked",94,,0,,1,,0,
"arrowhead credit union reviews","Not tracked","Not tracked",51,,0,,1,,0,
"arrowhead fcu","Not tracked","Not tracked",51,,0,,1,,0,
"artesian bank","Not tracked","Not tracked",53,,0,,1,,0,
"artesian bank albany ga","Not tracked","Not tracked",35,,0,,1,,0,
"artesian city fcu","Not tracked","Not tracked",32,,0,,1,,0,
"artesian credit union","Not tracked","Not tracked",33,,0,,1,,0,
"artesian credit union albany georgia","Not tracked","Not tracked",38,,0,,1,,0,
"artesian fcu","Not tracked","Not tracked",45,,0,,1,,0,
"artesian federal credit union","Not tracked","Not tracked",34,,0,,1,,0,
"artesian federal credit union albany ga","Not tracked","Not tracked",36,,0,,1,,0,
"arthur ray law offices memphis","Not tracked","Not tracked",58,,0,,1,,0,
"artisan credit union","Not tracked","Not tracked",68,,0,,1,,0,
"artisans bank cd rates","Not tracked","Not tracked",54,,0,,1,,0,
"artisans' bank","Not tracked","Not tracked",40,,0,,1,,0,
"asap credit repair usa reviews","Not tracked","Not tracked",59,,0,,1,,0,
"asap finance","Not tracked","Not tracked",16,,0,,1,,0,
ascendus,"Not tracked","Not tracked",54,,0,,1,,0,
"ascendus reviews","Not tracked","Not tracked",20,,0,,1,,0,
"ascent banking","Not tracked","Not tracked",94,,0,,1,,0,
asecu,"Not tracked","Not tracked",52,,0,,1,,0,
"asecu austintown","Not tracked","Not tracked",66,,0,,1,,0,
"ashland federal credit union ashland ohio","Not tracked","Not tracked",19,,0,,1,,0,
ashlandcu,"Not tracked","Not tracked",54,,0,,1,,0,
"asociated credit union","Not tracked","Not tracked",32,,0,,1,,0,
"associate credit union","Not tracked","Not tracked",29,,0,,1,,0,
"associated credit","Not tracked","Not tracked",45,,0,,1,,0,
"associated credit union bank","Not tracked","Not tracked",18,,0,,1,,0,
"associated credit union dawsonville ga","Not tracked","Not tracked",67,,0,,1,,0,
"associated credit union ellenwood","Not tracked","Not tracked",49,,0,,1,,0,
"associated credit union georgia","Not tracked","Not tracked",18,,0,,1,,0,
"associated credit union lawrenceville ga","Not tracked","Not tracked",28,,0,,1,,0,
"associated credit union of georgia","Not tracked","Not tracked",55,,0,,1,,0,
"associated credit union of texas pearland friendswood","Not tracked","Not tracked",56,,0,,1,,0,
"associated credit union stockbridge ga","Not tracked","Not tracked",9,,0,,1,,0,
"associated cu","Not tracked","Not tracked",49,,0,,1,,0,
"associated school employees credit union","Not tracked","Not tracked",57,,0,,1,,0,
"associated schools credit union","Not tracked","Not tracked",55,,0,,1,,0,
"association credit","Not tracked","Not tracked",87,,0,,1,,0,
"assurance loan","Not tracked","Not tracked",51,,0,,1,,0,
"assurance loans","Not tracked","Not tracked",47,,0,,1,,0,
"assurant inc","Not tracked","Not tracked",67,,0,,1,,0,
"assurant incorporated","Not tracked","Not tracked",57,,0,,1,,0,
"assurant insurance agency","Not tracked","Not tracked",64,,0,,1,,0,
"assurant recovery solutions reviews","Not tracked","Not tracked",59,,0,,1,,0,
"assurant specialty insurance","Not tracked","Not tracked",55,,0,,1,,0,
"at&t credit union","Not tracked","Not tracked",96,,0,,1,,0,
"atlanta cash it here","Not tracked","Not tracked",40,,0,,1,,0,
"atlanta credit repair attorney","Not tracked","Not tracked",97,,0,,1,,0,
"atlanta credit report errors attorney","Not tracked","Not tracked",96,,0,,1,,0,
"atlanta pawn","Not tracked","Not tracked",57,,0,,1,,0,
"atlanta title loans riverdale","Not tracked","Not tracked",73,,0,,1,,0,
"atlantic metals xchange","Not tracked","Not tracked",66,,0,,1,,0,
"atlantic mortgage reviews","Not tracked","Not tracked",78,,0,,1,,0,
"atlas bank of orrick reviews","Not tracked","Not tracked",51,,0,,1,,0,
"atlas credit co inc san antonio tx","Not tracked","Not tracked",68,,0,,1,,0,
"atlas credit dallas tx","Not tracked","Not tracked",63,,0,,1,,0,
"atlas credit fort worth tx","Not tracked","Not tracked",44,,0,,1,,0,
"atlas credit tyler tx","Not tracked","Not tracked",47,,0,,1,,0,
"atlas finance loans","Not tracked","Not tracked",83,,0,,1,,0,
"atlas line of credit","Not tracked","Not tracked",85,,0,,1,,0,
"atlas loan san antonio","Not tracked","Not tracked",62,,0,,1,,0,
"atlas loans dallas tx","Not tracked","Not tracked",67,,0,,1,,0,
"atlas loans fort worth tx","Not tracked","Not tracked",47,,0,,1,,0,
"atlas loans san antonio texas","Not tracked","Not tracked",83,,0,,1,,0,
"atm banking","Not tracked","Not tracked",86,,0,,1,,0,
"atm banks","Not tracked","Not tracked",38,,0,,1,,0,
"atm cash machine","Not tracked","Not tracked",88,,0,,1,,0,
"atm cash point","Not tracked","Not tracked",85,,0,,1,,0,
"atm cashpoints","Not tracked","Not tracked",56,,0,,1,,0,
"atm colorado","Not tracked","Not tracked",85,,0,,1,,0,
"atm coop network","Not tracked","Not tracked",95,,0,,1,,0,
"atm for bank","Not tracked","Not tracked",71,,0,,1,,0,
"atm for current card","Not tracked","Not tracked",74,,0,,1,,0,
"atm in usa","Not tracked","Not tracked",44,,0,,1,,0,
"atm machine chase","Not tracked","Not tracked",56,,0,,1,,0,
"atm mastercard","Not tracked","Not tracked",66,,0,,1,,0,
"atm near to me","Not tracked","Not tracked",45,,0,,1,,0,
"atm partner","Not tracked","Not tracked",86,,0,,1,,0,
"atm service","Not tracked","Not tracked",94,,0,,1,,0,
"atm services","Not tracked","Not tracked",84,,0,,1,,0,
"atm with money","Not tracked","Not tracked",72,,0,,1,,0,
"auburn community federal credit union","Not tracked","Not tracked",40,,0,,1,,0,
"auburn federal credit union","Not tracked","Not tracked",49,,0,,1,,0,
"auburn federal credit union auburn ny","Not tracked","Not tracked",44,,0,,1,,0,
"auburn federal credit union weedsport ny","Not tracked","Not tracked",75,,0,,1,,0,
"aura bbb","Not tracked","Not tracked",67,,0,,1,,0,
"aura boston","Not tracked","Not tracked",80,,0,,1,,0,
"aura reviews bbb","Not tracked","Not tracked",66,,0,,1,,0,
"aurora bankruptcy lawyer","Not tracked","Not tracked",96,,0,,1,,0,
"austin area credit unions","Not tracked","Not tracked",73,,0,,1,,0,
"austin city employees credit union","Not tracked","Not tracked",89,,0,,1,,0,
"austin credit union","Not tracked","Not tracked",64,,0,,1,,0,
"austin credit unions yelp","Not tracked","Not tracked",52,,0,,1,,0,
"austin fcu","Not tracked","Not tracked",49,,0,,1,,0,
"austin federal credit union near me","Not tracked","Not tracked",56,,0,,1,,0,
"austin telco federal credit union reviews","Not tracked","Not tracked",65,,0,,1,,0,
"austin telco loans","Not tracked","Not tracked",85,,0,,1,,0,
"austin teleco","Not tracked","Not tracked",47,,0,,1,,0,
"austin texas credit unions","Not tracked","Not tracked",83,,0,,1,,0,
austintelco,"Not tracked","Not tracked",46,,0,,1,,0,
"auto bank kansas city","Not tracked","Not tracked",61,,0,,1,,0,
"auto direct buy reviews","Not tracked","Not tracked",62,,0,,1,,0,
"auto loan staten island ny","Not tracked","Not tracked",81,,0,,1,,0,
"auto loans credit scores","Not tracked","Not tracked",50,,0,,1,,0,
"auto loans manor tx","Not tracked","Not tracked",88,,0,,1,,0,
"auto loans rock hill sc","Not tracked","Not tracked",30,,0,,1,,0,
"auto loans sacramento","Not tracked","Not tracked",92,,0,,1,,0,
"auto money columbia sc","Not tracked","Not tracked",51,,0,,1,,0,
"auto money greenwood sc","Not tracked","Not tracked",61,,0,,1,,0,
"auto money kingstree sc","Not tracked","Not tracked",59,,0,,1,,0,
"auto money reviews","Not tracked","Not tracked",42,,0,,1,,0,
"auto money surfside","Not tracked","Not tracked",34,,0,,1,,0,
"auto money title loans anderson sc","Not tracked","Not tracked",37,,0,,1,,0,
"auto money title loans lexington sc","Not tracked","Not tracked",43,,0,,1,,0,
"auto point reviews","Not tracked","Not tracked",59,,0,,1,,0,
"auto title loans van nuys","Not tracked","Not tracked",90,,0,,1,,0,
"automoney inc","Not tracked","Not tracked",36,,0,,1,,0,
"automoney reviews","Not tracked","Not tracked",61,,0,,1,,0,
"automoney title loan","Not tracked","Not tracked",36,,0,,1,,0,
"automoney title loans","Not tracked","Not tracked",35,,0,,1,,0,
"autoplus orlando","Not tracked","Not tracked",85,,0,,1,,0,
"autotrend diagnostics","Not tracked","Not tracked",33,,0,,1,,0,
"autotrend virginia reviews","Not tracked","Not tracked",49,,0,,1,,0,
"avadian online banking","Not tracked","Not tracked",21,,0,,1,,0,
"availa bank","Not tracked","Not tracked",63,,0,,1,,0,
"availa bank fort dodge iowa","Not tracked","Not tracked",49,,0,,1,,0,
availabank,"Not tracked","Not tracked",70,,0,,1,,0,
"avant chicago","Not tracked","Not tracked",96,,0,,1,,0,
"avant company chicago","Not tracked","Not tracked",96,,0,,1,,0,
"avian bank","Not tracked","Not tracked",73,,0,,1,,0,
"az one credit union","Not tracked","Not tracked",60,,0,,1,,0,
"azura bank","Not tracked","Not tracked",45,,0,,1,,0,
"azura credit card","Not tracked","Not tracked",52,,0,,1,,0,
"b bank","Not tracked","Not tracked",75,,0,,1,,0,
"b loan oklahoma city,","Not tracked","Not tracked",81,,0,,1,,0,
"b loans oklahoma city,","Not tracked","Not tracked",75,,0,,1,,0,
"b n c bank","Not tracked","Not tracked",64,,0,,1,,0,
"baba's motorsports reviews","Not tracked","Not tracked",32,,0,,1,,0,
"bad credit loans okc","Not tracked","Not tracked",92,,0,,1,,0,
"bad credit title loans glendale","Not tracked","Not tracked",100,,0,,1,,0,
"baker hughes credit rating","Not tracked","Not tracked",67,,0,,1,,0,
"banco atm","Not tracked","Not tracked",82,,0,,1,,0,
"banco cooper","Not tracked","Not tracked",81,,0,,1,,0,
"banco gte","Not tracked","Not tracked",26,,0,,1,,0,
"banco ocean bank miami","Not tracked","Not tracked",77,,0,,1,,0,
"banco oriental bank","Not tracked","Not tracked",27,,0,,1,,0,
"banco po","Not tracked","Not tracked",57,,0,,1,,0,
"banco popular personal loan","Not tracked","Not tracked",44,,0,,1,,0,
"bancos en austin texas","Not tracked","Not tracked",65,,0,,1,,0,
"bancos western union","Not tracked","Not tracked",60,,0,,1,,0,
"bangor credit union","Not tracked","Not tracked",67,,0,,1,,0,
bangorfcu,"Not tracked","Not tracked",48,,0,,1,,0,
"bank and trust","Not tracked","Not tracked",98,,0,,1,,0,
"bank austin","Not tracked","Not tracked",65,,0,,1,,0,
"bank branch locator","Not tracked","Not tracked",35,,0,,1,,0,
"bank first fs","Not tracked","Not tracked",46,,0,,1,,0,
"bank first mississippi","Not tracked","Not tracked",41,,0,,1,,0,
"bank first national","Not tracked","Not tracked",94,,0,,1,,0,
"bank first oxford ms","Not tracked","Not tracked",58,,0,,1,,0,
"bank first senatobia ms","Not tracked","Not tracked",42,,0,,1,,0,
"bank first united","Not tracked","Not tracked",65,,0,,1,,0,
"bank first water valley ms","Not tracked","Not tracked",49,,0,,1,,0,
"bank goldman sachs","Not tracked","Not tracked",77,,0,,1,,0,
"bank lending club","Not tracked","Not tracked",72,,0,,1,,0,
"bank mi","Not tracked","Not tracked",66,,0,,1,,0,
"bank nbt","Not tracked","Not tracked",73,,0,,1,,0,
"bank o f india","Not tracked","Not tracked",67,,0,,1,,0,
"bank od india","Not tracked","Not tracked",65,,0,,1,,0,
"bank of america amarillo texas","Not tracked","Not tracked",94,,0,,1,,0,
"bank of america credit union","Not tracked","Not tracked",31,,0,,1,,0,
"bank of bartlett tennessee","Not tracked","Not tracked",58,,0,,1,,0,
"bank of clarks nebraska","Not tracked","Not tracked",20,,0,,1,,0,
"bank of commerce chanute","Not tracked","Not tracked",53,,0,,1,,0,
"bank of commerce chanute kansas","Not tracked","Not tracked",85,,0,,1,,0,
"bank of commerce chelsea ok","Not tracked","Not tracked",85,,0,,1,,0,
"bank of desjardins","Not tracked","Not tracked",78,,0,,1,,0,
"bank of east","Not tracked","Not tracked",93,,0,,1,,0,
"bank of franklin brookhaven","Not tracked","Not tracked",64,,0,,1,,0,
"bank of india bank","Not tracked","Not tracked",72,,0,,1,,0,
"bank of india in usa","Not tracked","Not tracked",69,,0,,1,,0,
"bank of india new york branch","Not tracked","Not tracked",56,,0,,1,,0,
"bank of india usa","Not tracked","Not tracked",52,,0,,1,,0,
"bank of las vegas","Not tracked","Not tracked",66,,0,,1,,0,
"bank of mauston login","Not tracked","Not tracked",52,,0,,1,,0,
"bank of mauston mauston wi","Not tracked","Not tracked",54,,0,,1,,0,
"bank of mauston necedah","Not tracked","Not tracked",53,,0,,1,,0,
"bank of mauston wi","Not tracked","Not tracked",64,,0,,1,,0,
"bank of new york mellon corporate trust","Not tracked","Not tracked",79,,0,,1,,0,
"bank of new york mellon trust company","Not tracked","Not tracked",85,,0,,1,,0,
"bank of new york trust","Not tracked","Not tracked",83,,0,,1,,0,
"bank of romney romney wv","Not tracked","Not tracked",53,,0,,1,,0,
"bank of texas exchange","Not tracked","Not tracked",31,,0,,1,,0,
"bank of the plains salina ks","Not tracked","Not tracked",61,,0,,1,,0,
"bank of the southwest amarillo","Not tracked","Not tracked",49,,0,,1,,0,
"bank of virginia","Not tracked","Not tracked",88,,0,,1,,0,
"bank of walpole","Not tracked","Not tracked",50,,0,,1,,0,
"bank of western oklahoma weatherford oklahoma","Not tracked","Not tracked",53,,0,,1,,0,
"bank of wiggins","Not tracked","Not tracked",20,,0,,1,,0,
"bank of wiggins online","Not tracked","Not tracked",59,,0,,1,,0,
"bank of wiggins online banking","Not tracked","Not tracked",61,,0,,1,,0,
"bank orion cambridge il","Not tracked","Not tracked",92,,0,,1,,0,
"bank pacific guam","Not tracked","Not tracked",29,,0,,1,,0,
"bank rbc","Not tracked","Not tracked",76,,0,,1,,0,
"bank sterling","Not tracked","Not tracked",82,,0,,1,,0,
"bank valley national","Not tracked","Not tracked",57,,0,,1,,0,
"bank with atm","Not tracked","Not tracked",82,,0,,1,,0,
bankfirst,"Not tracked","Not tracked",92,,0,,1,,0,
"bankfirst gordo al","Not tracked","Not tracked",49,,0,,1,,0,
"bankfirst hernando ms","Not tracked","Not tracked",49,,0,,1,,0,
"bankfirst madison","Not tracked","Not tracked",59,,0,,1,,0,
"bankfirst southaven ms","Not tracked","Not tracked",51,,0,,1,,0,
"bankfirst tupelo ms","Not tracked","Not tracked",54,,0,,1,,0,
"bankfirst water valley ms","Not tracked","Not tracked",62,,0,,1,,0,
"bankorion com","Not tracked","Not tracked",69,,0,,1,,0,
"bankruptcy advisory services","Not tracked","Not tracked",92,,0,,1,,0,
"bankruptcy atlanta","Not tracked","Not tracked",98,,0,,1,,0,
"bankruptcy attorney aurora","Not tracked","Not tracked",98,,0,,1,,0,
"bankruptcy credit score recovery timeline","Not tracked","Not tracked",95,,0,,1,,0,
"bankruptcy lawyer aurora","Not tracked","Not tracked",96,,0,,1,,0,
"bankruptcy solutions","Not tracked","Not tracked",92,,0,,1,,0,
"bankruptcy statute of limitations","Not tracked","Not tracked",100,,0,,1,,0,
"banks atm","Not tracked","Not tracked",75,,0,,1,,0,
"banks in central texas","Not tracked","Not tracked",88,,0,,1,,0,
"banks near me","Not tracked","Not tracked",94,,0,,1,,0,
"banks near you","Not tracked","Not tracked",77,,0,,1,,0,
"banks that accept mastercard","Not tracked","Not tracked",44,,0,,1,,0,
"banks that take mastercard","Not tracked","Not tracked",69,,0,,1,,0,
"banks with atm","Not tracked","Not tracked",90,,0,,1,,0,
"banks with atms","Not tracked","Not tracked",87,,0,,1,,0,
banktennesee,"Not tracked","Not tracked",63,,0,,1,,0,
"banner federal","Not tracked","Not tracked",51,,0,,1,,0,
"banner financial","Not tracked","Not tracked",72,,0,,1,,0,
"banner health credit union","Not tracked","Not tracked",53,,0,,1,,0,
"banner loans","Not tracked","Not tracked",53,,0,,1,,0,
bantera,"Not tracked","Not tracked",43,,0,,1,,0,
"banterra bank marion","Not tracked","Not tracked",60,,0,,1,,0,
"banterra bank review","Not tracked","Not tracked",74,,0,,1,,0,
"banterra bank reviews","Not tracked","Not tracked",55,,0,,1,,0,
banterrabank,"Not tracked","Not tracked",44,,0,,1,,0,
"baptist credit union dallas","Not tracked","Not tracked",47,,0,,1,,0,
"barclays bank delaware reviews","Not tracked","Not tracked",50,,0,,1,,0,
"barclays delaware bank","Not tracked","Not tracked",57,,0,,1,,0,
"barclays of delaware","Not tracked","Not tracked",56,,0,,1,,0,
"barclays wilmington delaware","Not tracked","Not tracked",78,,0,,1,,0,
"barton creek lending","Not tracked","Not tracked",65,,0,,1,,0,
"basic banking solvay","Not tracked","Not tracked",36,,0,,1,,0,
"basic checking pendleton","Not tracked","Not tracked",46,,0,,1,,0,
"bay equity mortgage","Not tracked","Not tracked",70,,0,,1,,0,
"bayer fcu","Not tracked","Not tracked",53,,0,,1,,0,
"bayer heritage federal","Not tracked","Not tracked",52,,0,,1,,0,
"bayfirst bank","Not tracked","Not tracked",50,,0,,1,,0,
"bayfirst financial","Not tracked","Not tracked",49,,0,,1,,0,
"bayfirst national bank","Not tracked","Not tracked",46,,0,,1,,0,
"bayport auto loan","Not tracked","Not tracked",63,,0,,1,,0,
"bayport credit card","Not tracked","Not tracked",74,,0,,1,,0,
"bayport credit union auto loan rates","Not tracked","Not tracked",61,,0,,1,,0,
"bayport credit union mortgage reviews","Not tracked","Not tracked",72,,0,,1,,0,
"bayport credit union personal loan","Not tracked","Not tracked",72,,0,,1,,0,
"bayport credit union pre approval","Not tracked","Not tracked",62,,0,,1,,0,
"bayport credit union yorktown","Not tracked","Not tracked",59,,0,,1,,0,
"bayport credit union yorktown va","Not tracked","Not tracked",63,,0,,1,,0,
"bayport financial service","Not tracked","Not tracked",85,,0,,1,,0,
"bayport heloc","Not tracked","Not tracked",45,,0,,1,,0,
"bayport rates","Not tracked","Not tracked",71,,0,,1,,0,
"bbb netcredit","Not tracked","Not tracked",30,,0,,1,,0,
"bcbsks cu","Not tracked","Not tracked",87,,0,,1,,0,
"bcf loan","Not tracked","Not tracked",75,,0,,1,,0,
"bds better debt solutions","Not tracked","Not tracked",55,,0,,1,,0,
"beal bank usa las vegas nv","Not tracked","Not tracked",74,,0,,1,,0,
"beal financial corporation","Not tracked","Not tracked",20,,0,,1,,0,
"bear heritage federal credit union","Not tracked","Not tracked",57,,0,,1,,0,
"bell road credit center","Not tracked","Not tracked",68,,0,,1,,0,
"bell road credit center reviews","Not tracked","Not tracked",10,,0,,1,,0,
"bellco credit union new castle pa","Not tracked","Not tracked",59,,0,,1,,0,
"beloit credit union","Not tracked","Not tracked",83,,0,,1,,0,
"bennington bank","Not tracked","Not tracked",79,,0,,1,,0,
"bennington state","Not tracked","Not tracked",54,,0,,1,,0,
"bennington state bank wamego ks","Not tracked","Not tracked",37,,0,,1,,0,
"benz of seattle","Not tracked","Not tracked",53,,0,,1,,0,
"berkeley county credit union","Not tracked","Not tracked",83,,0,,1,,0,
"best bank atm","Not tracked","Not tracked",48,,0,,1,,0,
"best business loc","Not tracked","Not tracked",44,,0,,1,,0,
"best credit report monitoring","Not tracked","Not tracked",45,,0,,1,,0,
"best debt relief companies bbb","Not tracked","Not tracked",75,,0,,1,,0,
"best for personal loans","Not tracked","Not tracked",48,,0,,1,,0,
"best loan options in coffee county tn","Not tracked","Not tracked",62,,0,,1,,0,
"best pawn shop in atlanta","Not tracked","Not tracked",63,,0,,1,,0,
"best pawn shop in san diego","Not tracked","Not tracked",68,,0,,1,,0,
"best pawn shop san diego","Not tracked","Not tracked",67,,0,,1,,0,
"best pawn shops atlanta","Not tracked","Not tracked",48,,0,,1,,0,
"best pawn shops in albuquerque","Not tracked","Not tracked",50,,0,,1,,0,
"best pawn shops in austin","Not tracked","Not tracked",44,,0,,1,,0,
"best pawn shops in san diego","Not tracked","Not tracked",66,,0,,1,,0,
"best small business financing","Not tracked","Not tracked",44,,0,,1,,0,
"best small business loan","Not tracked","Not tracked",71,,0,,1,,0,
"best teacher credit union","Not tracked","Not tracked",92,,0,,1,,0,
"beth credit union","Not tracked","Not tracked",59,,0,,1,,0,
"bethpage business checking","Not tracked","Not tracked",43,,0,,1,,0,
"bethpage credit","Not tracked","Not tracked",50,,0,,1,,0,
"bethpage financial credit union","Not tracked","Not tracked",52,,0,,1,,0,
bethpagefcu,"Not tracked","Not tracked",45,,0,,1,,0,
"better business bureau lending club","Not tracked","Not tracked",83,,0,,1,,0,
"better company","Not tracked","Not tracked",88,,0,,1,,0,
"better debt solution","Not tracked","Not tracked",71,,0,,1,,0,
"better debt solutions bbb","Not tracked","Not tracked",63,,0,,1,,0,
"better debt solutions google reviews","Not tracked","Not tracked",45,,0,,1,,0,
"better debt solutions irvine","Not tracked","Not tracked",57,,0,,1,,0,
"better debt solutions irvine ca","Not tracked","Not tracked",62,,0,,1,,0,
"better debt solutions review","Not tracked","Not tracked",59,,0,,1,,0,
"better home loan","Not tracked","Not tracked",71,,0,,1,,0,
"better home loans","Not tracked","Not tracked",80,,0,,1,,0,
"better loan","Not tracked","Not tracked",80,,0,,1,,0,
"better qualified llc","Not tracked","Not tracked",57,,0,,1,,0,
"bfg akron","Not tracked","Not tracked",45,,0,,1,,0,
"bfg credit","Not tracked","Not tracked",48,,0,,1,,0,
"bfg credit union akron ohio","Not tracked","Not tracked",46,,0,,1,,0,
"bfg cu","Not tracked","Not tracked",57,,0,,1,,0,
bfgcu,"Not tracked","Not tracked",62,,0,,1,,0,
"bhc financial","Not tracked","Not tracked",85,,0,,1,,0,
"bhg financial merchant cash advance","Not tracked","Not tracked",64,,0,,1,,0,
"bhg financial phone number","Not tracked","Not tracked",98,,0,,1,,0,
bi-bank,"Not tracked","Not tracked",73,,0,,1,,0,
"big c jewelry and loan reviews","Not tracked","Not tracked",33,,0,,1,,0,
"big c pawn shop","Not tracked","Not tracked",56,,0,,1,,0,
"big island hi credit union","Not tracked","Not tracked",87,,0,,1,,0,
"big spring credit union","Not tracked","Not tracked",89,,0,,1,,0,
"biltmore loan and jewelry scottsdale","Not tracked","Not tracked",62,,0,,1,,0,
"blackstone river federal credit union","Not tracked","Not tracked",49,,0,,1,,0,
"blink lending & investments","Not tracked","Not tracked",8,,0,,1,,0,
"blue foundry bank","Not tracked","Not tracked",37,,0,,1,,0,
"blue gate capital llc","Not tracked","Not tracked",26,,0,,1,,0,
"blue hills bank","Not tracked","Not tracked",94,,0,,1,,0,
"blue ridge sports cars","Not tracked","Not tracked",62,,0,,1,,0,
"blue sky bank cushing ok","Not tracked","Not tracked",58,,0,,1,,0,
"blue sky bank oklahoma","Not tracked","Not tracked",66,,0,,1,,0,
"blue sky bank pawhuska ok","Not tracked","Not tracked",53,,0,,1,,0,
"blue sky bank tulsa ok","Not tracked","Not tracked",58,,0,,1,,0,
"blue sky bank weatherford ok","Not tracked","Not tracked",52,,0,,1,,0,
"bluebird lending","Not tracked","Not tracked",77,,0,,1,,0,
"blueflame credit union","Not tracked","Not tracked",42,,0,,1,,0,
"bluegate capital","Not tracked","Not tracked",63,,0,,1,,0,
"bluestone bank business checking","Not tracked","Not tracked",88,,0,,1,,0,
"bluestone bank freedom checking","Not tracked","Not tracked",80,,0,,1,,0,
"bluestone bank premium checking","Not tracked","Not tracked",84,,0,,1,,0,
"bmi auto loan","Not tracked","Not tracked",27,,0,,1,,0,
"bmi car loan","Not tracked","Not tracked",26,,0,,1,,0,
"bmi credit union columbus ohio","Not tracked","Not tracked",48,,0,,1,,0,
"bmi credit union dublin ohio","Not tracked","Not tracked",36,,0,,1,,0,
"bmi credit union westerville","Not tracked","Not tracked",37,,0,,1,,0,
"bmi federal credit","Not tracked","Not tracked",37,,0,,1,,0,
"bmi federal credit union columbus","Not tracked","Not tracked",43,,0,,1,,0,
"bmi federal credit union columbus ohio","Not tracked","Not tracked",45,,0,,1,,0,
"bmi federal credit union dublin","Not tracked","Not tracked",38,,0,,1,,0,
"bmi federal credit union dublin ohio","Not tracked","Not tracked",42,,0,,1,,0,
"bmi loan","Not tracked","Not tracked",35,,0,,1,,0,
"bmo bank reviews","Not tracked","Not tracked",62,,0,,1,,0,
"bnc bank","Not tracked","Not tracked",83,,0,,1,,0,
"bny mellon trust","Not tracked","Not tracked",91,,0,,1,,0,
"bny mellon trust company","Not tracked","Not tracked",88,,0,,1,,0,
"boardman oh credit union checking accounts","Not tracked","Not tracked",58,,0,,1,,0,
"bond community fcu","Not tracked","Not tracked",54,,0,,1,,0,
"bond credit union","Not tracked","Not tracked",60,,0,,1,,0,
"bond federal credit union","Not tracked","Not tracked",60,,0,,1,,0,
"boom pay","Not tracked","Not tracked",48,,0,,1,,0,
"boom pay inc","Not tracked","Not tracked",55,,0,,1,,0,
"boom rent reporting reviews","Not tracked","Not tracked",79,,0,,1,,0,
boomreport,"Not tracked","Not tracked",62,,0,,1,,0,
"boulder dam credit union boulder city nv","Not tracked","Not tracked",59,,0,,1,,0,
"boulevard pawn shop","Not tracked","Not tracked",69,,0,,1,,0,
"branch atm","Not tracked","Not tracked",73,,0,,1,,0,
"braswell and son franklin tn","Not tracked","Not tracked",72,,0,,1,,0,
"breco federal credit union","Not tracked","Not tracked",53,,0,,1,,0,
"bridge consolidation","Not tracked","Not tracked",90,,0,,1,,0,
"bridge loan companies","Not tracked","Not tracked",100,,0,,1,,0,
"bridgewater bank mn review","Not tracked","Not tracked",60,,0,,1,,0,
"bridging loan fast","Not tracked","Not tracked",37,,0,,1,,0,
"bridging loan lenders","Not tracked","Not tracked",100,,0,,1,,0,
"broadway jewelry & pawn","Not tracked","Not tracked",80,,0,,1,,0,
"broadway loan","Not tracked","Not tracked",90,,0,,1,,0,
"broadway loans","Not tracked","Not tracked",73,,0,,1,,0,
"bronx pawnbroker","Not tracked","Not tracked",59,,0,,1,,0,
"brotherhood credit","Not tracked","Not tracked",40,,0,,1,,0,
"brotherhood credit union","Not tracked","Not tracked",66,,0,,1,,0,
"brotherhood credit union peabody ma","Not tracked","Not tracked",81,,0,,1,,0,
bssbank,"Not tracked","Not tracked",57,,0,,1,,0,
"bucks county credit union","Not tracked","Not tracked",92,,0,,1,,0,
"bucks county employees credit union","Not tracked","Not tracked",89,,0,,1,,0,
"buffalo metro fcu","Not tracked","Not tracked",72,,0,,1,,0,
"buffalo metropolitan fcu reviews","Not tracked","Not tracked",64,,0,,1,,0,
"bullion exchange llc","Not tracked","Not tracked",66,,0,,1,,0,
"burleson first national bank","Not tracked","Not tracked",60,,0,,1,,0,
"burlington northtown community credit union","Not tracked","Not tracked",36,,0,,1,,0,
"business bank mendota heights","Not tracked","Not tracked",94,,0,,1,,0,
"business checking northwestern bank","Not tracked","Not tracked",62,,0,,1,,0,
"business loan lowest interest rate","Not tracked","Not tracked",99,,0,,1,,0,
"business loan startups","Not tracked","Not tracked",86,,0,,1,,0,
"business money market account amarillo","Not tracked","Not tracked",47,,0,,1,,0,
"business startup loans us","Not tracked","Not tracked",97,,0,,1,,0,
"buy sell trade 15642","Not tracked","Not tracked",33,,0,,1,,0,
"buy sell trade irwin pa","Not tracked","Not tracked",45,,0,,1,,0,
"byrider san antonio north","Not tracked","Not tracked",73,,0,,1,,0,
"ca coastal credit union","Not tracked","Not tracked",29,,0,,1,,0,
"ca healthnet","Not tracked","Not tracked",57,,0,,1,,0,
cabrillocu,"Not tracked","Not tracked",17,,0,,1,,0,
"cacu business savings","Not tracked","Not tracked",90,,0,,1,,0,
"cal coast credit union mira mesa","Not tracked","Not tracked",56,,0,,1,,0,
"cal coast rates","Not tracked","Not tracked",51,,0,,1,,0,
"cal com credit union","Not tracked","Not tracked",58,,0,,1,,0,
"cal com federal credit union","Not tracked","Not tracked",56,,0,,1,,0,
"cal poly credit union","Not tracked","Not tracked",72,,0,,1,,0,
"cal poly federal credit union","Not tracked","Not tracked",99,,0,,1,,0,
"calcasieu parish employee credit union","Not tracked","Not tracked",73,,0,,1,,0,
"calcasieu teachers & employees credit union","Not tracked","Not tracked",41,,0,,1,,0,
"calcasieu teachers credit union","Not tracked","Not tracked",50,,0,,1,,0,
"california coast bank","Not tracked","Not tracked",29,,0,,1,,0,
"california coast credit union","Not tracked","Not tracked",56,,0,,1,,0,
"california coast credit union auto loan rates","Not tracked","Not tracked",76,,0,,1,,0,
"california coast credit union cd","Not tracked","Not tracked",76,,0,,1,,0,
"california coast credit union hillcrest","Not tracked","Not tracked",57,,0,,1,,0,
"california coast credit union mortgage rates","Not tracked","Not tracked",77,,0,,1,,0,
"california commercial bank","Not tracked","Not tracked",34,,0,,1,,0,
"california credit coast","Not tracked","Not tracked",58,,0,,1,,0,
"california credit union reviews","Not tracked","Not tracked",60,,0,,1,,0,
"california health net insurance","Not tracked","Not tracked",62,,0,,1,,0,
"california united bank","Not tracked","Not tracked",80,,0,,1,,0,
"camarillo check cashing","Not tracked","Not tracked",64,,0,,1,,0,
"campbell fetter","Not tracked","Not tracked",69,,0,,1,,0,
"canadia bank atm","Not tracked","Not tracked",76,,0,,1,,0,
"canvas bank colorado","Not tracked","Not tracked",40,,0,,1,,0,
"canvas credi union","Not tracked","Not tracked",44,,0,,1,,0,
"canvas credit union","Not tracked","Not tracked",49,,0,,1,,0,
"canvas credit union arvada","Not tracked","Not tracked",83,,0,,1,,0,
"canvas credit union colorado","Not tracked","Not tracked",18,,0,,1,,0,
"canvas credit union denver","Not tracked","Not tracked",40,,0,,1,,0,
"canvas credit union dtc branch","Not tracked","Not tracked",72,,0,,1,,0,
"canvas credit union lone tree","Not tracked","Not tracked",89,,0,,1,,0,
"canvas credit union thornton","Not tracked","Not tracked",80,,0,,1,,0,
canvascreditunion,"Not tracked","Not tracked",45,,0,,1,,0,
"capital fund 1","Not tracked","Not tracked",55,,0,,1,,0,
"capital fundings","Not tracked","Not tracked",80,,0,,1,,0,
"capital jewelry & loan reviews","Not tracked","Not tracked",42,,0,,1,,0,
"capital plains bank","Not tracked","Not tracked",42,,0,,1,,0,
"capital with funding flexibility","Not tracked","Not tracked",97,,0,,1,,0,
"capitol city buy sell pawn reviews","Not tracked","Not tracked",66,,0,,1,,0,
"car loan max","Not tracked","Not tracked",82,,0,,1,,0,
"car loan sacramento","Not tracked","Not tracked",100,,0,,1,,0,
"car loans manor tx","Not tracked","Not tracked",94,,0,,1,,0,
"car time pa","Not tracked","Not tracked",70,,0,,1,,0,
"car title loans clover sc","Not tracked","Not tracked",53,,0,,1,,0,
"car title loans pearland","Not tracked","Not tracked",73,,0,,1,,0,
"car title loans van nuys","Not tracked","Not tracked",88,,0,,1,,0,
"card connect paradise","Not tracked","Not tracked",50,,0,,1,,0,
"card connect reviews","Not tracked","Not tracked",84,,0,,1,,0,
"cardinal finacial","Not tracked","Not tracked",67,,0,,1,,0,
"cardinal finance company","Not tracked","Not tracked",57,,0,,1,,0,
"cardinal financial charlotte","Not tracked","Not tracked",17,,0,,1,,0,
"cardinal financial charlotte nc","Not tracked","Not tracked",17,,0,,1,,0,
"cardinal financial company limited","Not tracked","Not tracked",52,,0,,1,,0,
"cardinal financial company lp","Not tracked","Not tracked",50,,0,,1,,0,
"cardinal lending","Not tracked","Not tracked",59,,0,,1,,0,
"carhop auto sales and finance fort collins reviews","Not tracked","Not tracked",64,,0,,1,,0,
"carhop lakewood colorado","Not tracked","Not tracked",61,,0,,1,,0,
"carhop reviews","Not tracked","Not tracked",42,,0,,1,,0,
"carolina federal trust credit union","Not tracked","Not tracked",38,,0,,1,,0,
"carolinas federal credit union","Not tracked","Not tracked",51,,0,,1,,0,
"carolinas telco gastonia","Not tracked","Not tracked",81,,0,,1,,0,
"carolinas telco gastonia nc","Not tracked","Not tracked",81,,0,,1,,0,
"carter bank and trust reviews","Not tracked","Not tracked",82,,0,,1,,0,
"carters credit card credit score","Not tracked","Not tracked",18,,0,,1,,0,
cartimepa,"Not tracked","Not tracked",78,,0,,1,,0,
"cartimepa reviews","Not tracked","Not tracked",56,,0,,1,,0,
"carver bank brooklyn ny","Not tracked","Not tracked",85,,0,,1,,0,
"carver bank online","Not tracked","Not tracked",69,,0,,1,,0,
"carver federal","Not tracked","Not tracked",82,,0,,1,,0,
"carver federal savings bank nyc","Not tracked","Not tracked",93,,0,,1,,0,
"carver savings bank","Not tracked","Not tracked",66,,0,,1,,0,
carverbank,"Not tracked","Not tracked",62,,0,,1,,0,
"casco credit union gorham maine","Not tracked","Not tracked",55,,0,,1,,0,
"casco fcu gorham","Not tracked","Not tracked",53,,0,,1,,0,
"casco federal credit union gorham maine","Not tracked","Not tracked",38,,0,,1,,0,
"casco financial","Not tracked","Not tracked",42,,0,,1,,0,
cascofcu,"Not tracked","Not tracked",64,,0,,1,,0,
"cash & cheque express","Not tracked","Not tracked",52,,0,,1,,0,
"cash 1 loans las vegas nv","Not tracked","Not tracked",56,,0,,1,,0,
"cash 4 you check cashing","Not tracked","Not tracked",12,,0,,1,,0,
"cash advance on jefferson","Not tracked","Not tracked",54,,0,,1,,0,
"cash advance plainfield indiana","Not tracked","Not tracked",80,,0,,1,,0,
"cash america brandon","Not tracked","Not tracked",49,,0,,1,,0,
"cash america memorial drive","Not tracked","Not tracked",40,,0,,1,,0,
"cash america pawn decatur ga","Not tracked","Not tracked",40,,0,,1,,0,
"cash america pawn denton","Not tracked","Not tracked",51,,0,,1,,0,
"cash america pawn denton tx","Not tracked","Not tracked",58,,0,,1,,0,
"cash america pawn duncanville","Not tracked","Not tracked",52,,0,,1,,0,
"cash america pawn memorial drive","Not tracked","Not tracked",43,,0,,1,,0,
"cash connect loans","Not tracked","Not tracked",89,,0,,1,,0,
"cash connection hazel park","Not tracked","Not tracked",65,,0,,1,,0,
"cash cow corporation","Not tracked","Not tracked",53,,0,,1,,0,
"cash cow florida blvd","Not tracked","Not tracked",44,,0,,1,,0,
"cash cow gentilly","Not tracked","Not tracked",51,,0,,1,,0,
"cash cow hammond louisiana","Not tracked","Not tracked",56,,0,,1,,0,
"cash cow in shreveport","Not tracked","Not tracked",46,,0,,1,,0,
"cash cow kenner la","Not tracked","Not tracked",36,,0,,1,,0,
"cash cow loan","Not tracked","Not tracked",13,,0,,1,,0,
"cash cow new iberia louisiana","Not tracked","Not tracked",59,,0,,1,,0,
"cash cow online loan","Not tracked","Not tracked",18,,0,,1,,0,
"cash cow online loans","Not tracked","Not tracked",18,,0,,1,,0,
"cash cow payday loan","Not tracked","Not tracked",15,,0,,1,,0,
"cash cow slidell la","Not tracked","Not tracked",53,,0,,1,,0,
"cash cow slidell louisiana","Not tracked","Not tracked",62,,0,,1,,0,
"cash cow zachary","Not tracked","Not tracked",50,,0,,1,,0,
"cash exchange clinton township","Not tracked","Not tracked",51,,0,,1,,0,
"cash expres","Not tracked","Not tracked",90,,0,,1,,0,
"cash express memphis tn","Not tracked","Not tracked",30,,0,,1,,0,
"cash express south","Not tracked","Not tracked",46,,0,,1,,0,
"cash exress","Not tracked","Not tracked",84,,0,,1,,0,
"cash loan plus","Not tracked","Not tracked",83,,0,,1,,0,
"cash loans madison tn","Not tracked","Not tracked",90,,0,,1,,0,
"cash plus inc","Not tracked","Not tracked",50,,0,,1,,0,
"cash points near","Not tracked","Not tracked",39,,0,,1,,0,
"cash store houston reviews","Not tracked","Not tracked",40,,0,,1,,0,
"cash store new braunfels","Not tracked","Not tracked",53,,0,,1,,0,
"cash time auto loan","Not tracked","Not tracked",33,,0,,1,,0,
"cash time auto title loans","Not tracked","Not tracked",30,,0,,1,,0,
"cash1 henderson","Not tracked","Not tracked",53,,0,,1,,0,
"cashmax arlington texas","Not tracked","Not tracked",51,,0,,1,,0,
"cashmax sacramento","Not tracked","Not tracked",59,,0,,1,,0,
"cashmax sacramento ca","Not tracked","Not tracked",55,,0,,1,,0,
"cashmax title and loan","Not tracked","Not tracked",59,,0,,1,,0,
"cashmax title loan","Not tracked","Not tracked",62,,0,,1,,0,
"cashmax title loans","Not tracked","Not tracked",65,,0,,1,,0,
"cashpoint atm machine","Not tracked","Not tracked",46,,0,,1,,0,
"cashpoints atm network","Not tracked","Not tracked",53,,0,,1,,0,
"cashpoints global","Not tracked","Not tracked",63,,0,,1,,0,
"cashpoints® global (cpg)","Not tracked","Not tracked",63,,0,,1,,0,
"cathay bank checking account","Not tracked","Not tracked",65,,0,,1,,0,
"cathay bank open an account","Not tracked","Not tracked",63,,0,,1,,0,
"cathay pacific bank","Not tracked","Not tracked",44,,0,,1,,0,
"cathey bank","Not tracked","Not tracked",54,,0,,1,,0,
"catholic credit union","Not tracked","Not tracked",100,,0,,1,,0,
"catholic united","Not tracked","Not tracked",67,,0,,1,,0,
"catholic united financial","Not tracked","Not tracked",40,,0,,1,,0,
"catholic united financial credit union","Not tracked","Not tracked",20,,0,,1,,0,
"cathy bank","Not tracked","Not tracked",56,,0,,1,,0,
"cb bank and trust","Not tracked","Not tracked",92,,0,,1,,0,
"cba small business loan","Not tracked","Not tracked",94,,0,,1,,0,
"cbtx lufkin","Not tracked","Not tracked",65,,0,,1,,0,
"cbtx lufkin texas","Not tracked","Not tracked",59,,0,,1,,0,
"cbtx lufkin tx","Not tracked","Not tracked",60,,0,,1,,0,
"cbtx nacogdoches texas","Not tracked","Not tracked",51,,0,,1,,0,
"cbtx nacogdoches tx","Not tracked","Not tracked",52,,0,,1,,0,
"cccu cedar rapids","Not tracked","Not tracked",18,,0,,1,,0,
"cclm san bernardino","Not tracked","Not tracked",82,,0,,1,,0,
"ccnu credit union","Not tracked","Not tracked",43,,0,,1,,0,
"ccu california","Not tracked","Not tracked",74,,0,,1,,0,
"ccu elmira ny","Not tracked","Not tracked",63,,0,,1,,0,
"ceda application","Not tracked","Not tracked",74,,0,,1,,0,
"ceda assistance","Not tracked","Not tracked",64,,0,,1,,0,
"ceda chicago","Not tracked","Not tracked",72,,0,,1,,0,
"ceda illinois","Not tracked","Not tracked",72,,0,,1,,0,
"ceda program","Not tracked","Not tracked",72,,0,,1,,0,
"cedar point credit","Not tracked","Not tracked",60,,0,,1,,0,
"cedar point credit union loans","Not tracked","Not tracked",84,,0,,1,,0,
"cedar point credit union mortgage","Not tracked","Not tracked",97,,0,,1,,0,
"cedar security bank","Not tracked","Not tracked",64,,0,,1,,0,
"cedp colorado","Not tracked","Not tracked",69,,0,,1,,0,
"cenla fcu","Not tracked","Not tracked",57,,0,,1,,0,
"center national bank","Not tracked","Not tracked",49,,0,,1,,0,
"central bank fl","Not tracked","Not tracked",56,,0,,1,,0,
"central bank ia review","Not tracked","Not tracked",76,,0,,1,,0,
"central bank trust","Not tracked","Not tracked",91,,0,,1,,0,
"central ga bank mortgage loans","Not tracked","Not tracked",96,,0,,1,,0,
"central national bank ks review","Not tracked","Not tracked",64,,0,,1,,0,
"central state bank clayton il","Not tracked","Not tracked",81,,0,,1,,0,
"central state credit","Not tracked","Not tracked",37,,0,,1,,0,
"central state credit union hours","Not tracked","Not tracked",43,,0,,1,,0,
"central state credit union lodi ca","Not tracked","Not tracked",38,,0,,1,,0,
"central state credit union phone number","Not tracked","Not tracked",40,,0,,1,,0,
"central state credit union san andreas","Not tracked","Not tracked",37,,0,,1,,0,
"central state credit union stockton california","Not tracked","Not tracked",65,,0,,1,,0,
"central state union","Not tracked","Not tracked",65,,0,,1,,0,
"central states credit union","Not tracked","Not tracked",48,,0,,1,,0,
"central trust","Not tracked","Not tracked",70,,0,,1,,0,
"central va bank","Not tracked","Not tracked",62,,0,,1,,0,
"central va fcu","Not tracked","Not tracked",43,,0,,1,,0,
"centralbadcl.com owner","Not tracked","Not tracked",7,,0,,1,,0,
"centris cu","Not tracked","Not tracked",33,,0,,1,,0,
"centris fcu personal loan","Not tracked","Not tracked",49,,0,,1,,0,
"centris loans","Not tracked","Not tracked",49,,0,,1,,0,
"centris personal loan","Not tracked","Not tracked",51,,0,,1,,0,
"century consultants","Not tracked","Not tracked",26,,0,,1,,0,
"century debt","Not tracked","Not tracked",48,,0,,1,,0,
"century debt consolidation","Not tracked","Not tracked",40,,0,,1,,0,
"century debt solutions","Not tracked","Not tracked",44,,0,,1,,0,
"century financial services","Not tracked","Not tracked",89,,0,,1,,0,
"century negotiations inc","Not tracked","Not tracked",43,,0,,1,,0,
"certain lending","Not tracked","Not tracked",51,,0,,1,,0,
"cessna credit union","Not tracked","Not tracked",66,,0,,1,,0,
"cfpb credit report dispute","Not tracked","Not tracked",98,,0,,1,,0,
"cfsc all checks cashed","Not tracked","Not tracked",59,,0,,1,,0,
"cfsc auto","Not tracked","Not tracked",73,,0,,1,,0,
"cfsc brooklyn","Not tracked","Not tracked",35,,0,,1,,0,
"cfsc checks cashed","Not tracked","Not tracked",48,,0,,1,,0,
"cfsc checks cashed willoughby","Not tracked","Not tracked",51,,0,,1,,0,
"chac program requirements colorado","Not tracked","Not tracked",51,,0,,1,,0,
"champion first credit union","Not tracked","Not tracked",41,,0,,1,,0,
"champion pawn","Not tracked","Not tracked",54,,0,,1,,0,
"champion pawn shop","Not tracked","Not tracked",69,,0,,1,,0,
"champions first credit union crawfordville","Not tracked","Not tracked",27,,0,,1,,0,
"champions first credit union perry fl","Not tracked","Not tracked",34,,0,,1,,0,
"champions funding reviews","Not tracked","Not tracked",64,,0,,1,,0,
"change atm","Not tracked","Not tracked",97,,0,,1,,0,
"chanute bank of commerce","Not tracked","Not tracked",63,,0,,1,,0,
"charge debt solutions","Not tracked","Not tracked",55,,0,,1,,0,
"charter bank corpus christi texas","Not tracked","Not tracked",96,,0,,1,,0,
"charter west bank west point","Not tracked","Not tracked",44,,0,,1,,0,
"charter west bank west point nebraska","Not tracked","Not tracked",54,,0,,1,,0,
"charter west mortgage","Not tracked","Not tracked",52,,0,,1,,0,
charterwest,"Not tracked","Not tracked",33,,0,,1,,0,
"charterwest bank west point","Not tracked","Not tracked",57,,0,,1,,0,
"chase atm brooklyn","Not tracked","Not tracked",26,,0,,1,,0,
"chase bank atm machine","Not tracked","Not tracked",50,,0,,1,,0,
"chase bank machine","Not tracked","Not tracked",60,,0,,1,,0,
"chase downtown brooklyn","Not tracked","Not tracked",32,,0,,1,,0,
"chase metrotech","Not tracked","Not tracked",69,,0,,1,,0,
"chase metrotech center","Not tracked","Not tracked",57,,0,,1,,0,
"chase metrotech center brooklyn ny","Not tracked","Not tracked",48,,0,,1,,0,
"chase metrotech ctr","Not tracked","Not tracked",50,,0,,1,,0,
"cheapest business loan rates","Not tracked","Not tracked",87,,0,,1,,0,
"check cashing colorado springs","Not tracked","Not tracked",54,,0,,1,,0,
"check cashing fairview nj","Not tracked","Not tracked",58,,0,,1,,0,
"check cashing grand river","Not tracked","Not tracked",69,,0,,1,,0,
"check cashing in aurora","Not tracked","Not tracked",56,,0,,1,,0,
"check cashing lexington ky","Not tracked","Not tracked",64,,0,,1,,0,
"check cashing on candler rd","Not tracked","Not tracked",42,,0,,1,,0,
"check cashing on woodward","Not tracked","Not tracked",56,,0,,1,,0,
"check cashing on woodward and peterboro","Not tracked","Not tracked",31,,0,,1,,0,
"check cashing place on 76th and mill road","Not tracked","Not tracked",78,,0,,1,,0,
"check cashing place on fond du lac","Not tracked","Not tracked",42,,0,,1,,0,
"check cashing place on woodward","Not tracked","Not tracked",50,,0,,1,,0,
"check cashing riverdale ga","Not tracked","Not tracked",50,,0,,1,,0,
"check cashing woodward","Not tracked","Not tracked",62,,0,,1,,0,
"check city blue diamond","Not tracked","Not tracked",50,,0,,1,,0,
"check city durango","Not tracked","Not tracked",49,,0,,1,,0,
"check city eastern and flamingo","Not tracked","Not tracked",99,,0,,1,,0,
"check city las vegas nv","Not tracked","Not tracked",53,,0,,1,,0,
"check city on nellis","Not tracked","Not tracked",57,,0,,1,,0,
"check city reno nevada","Not tracked","Not tracked",71,,0,,1,,0,
"check into cash columbus","Not tracked","Not tracked",28,,0,,1,,0,
"check into cash harding place","Not tracked","Not tracked",49,,0,,1,,0,
"check into cash janesville wi","Not tracked","Not tracked",81,,0,,1,,0,
"check into cash lexington","Not tracked","Not tracked",59,,0,,1,,0,
"check into cash marshfield wi","Not tracked","Not tracked",68,,0,,1,,0,
"check into cash phoenix","Not tracked","Not tracked",55,,0,,1,,0,
"check into cash rates","Not tracked","Not tracked",55,,0,,1,,0,
"check into cash starkville","Not tracked","Not tracked",73,,0,,1,,0,
"check into cash taylorsville road","Not tracked","Not tracked",57,,0,,1,,0,
"check mart","Not tracked","Not tracked",71,,0,,1,,0,
"check n go arlington","Not tracked","Not tracked",56,,0,,1,,0,
"check n go arlington tx","Not tracked","Not tracked",80,,0,,1,,0,
"check n go houston reviews","Not tracked","Not tracked",41,,0,,1,,0,
"check n go telephone rd","Not tracked","Not tracked",62,,0,,1,,0,
"check n title","Not tracked","Not tracked",59,,0,,1,,0,
"checking account marion","Not tracked","Not tracked",18,,0,,1,,0,
"checking account ozark","Not tracked","Not tracked",55,,0,,1,,0,
"checking account plains","Not tracked","Not tracked",35,,0,,1,,0,
"checks cashed 1","Not tracked","Not tracked",82,,0,,1,,0,
"checks cashed etc","Not tracked","Not tracked",39,,0,,1,,0,
"checks cashed payday advance","Not tracked","Not tracked",73,,0,,1,,0,
"checksmart clarksville indiana","Not tracked","Not tracked",64,,0,,1,,0,
"checksmart indianapolis reviews","Not tracked","Not tracked",36,,0,,1,,0,
"checksmart main street","Not tracked","Not tracked",64,,0,,1,,0,
"checksmart morse rd","Not tracked","Not tracked",59,,0,,1,,0,
"checksmart on shadeland","Not tracked","Not tracked",43,,0,,1,,0,
"checksmart pendleton pike","Not tracked","Not tracked",58,,0,,1,,0,
"checksmart plainfield indiana","Not tracked","Not tracked",55,,0,,1,,0,
"checksmart tempe az","Not tracked","Not tracked",68,,0,,1,,0,
"chelsea credit union","Not tracked","Not tracked",60,,0,,1,,0,
"chelsea employee credit union","Not tracked","Not tracked",38,,0,,1,,0,
"chelsea employee federal credit union","Not tracked","Not tracked",32,,0,,1,,0,
"chelsea employees credit union","Not tracked","Not tracked",43,,0,,1,,0,
"chelsea employees fcu","Not tracked","Not tracked",66,,0,,1,,0,
"cheque express cerca de mí","Not tracked","Not tracked",36,,0,,1,,0,
"cheque express chamblee","Not tracked","Not tracked",52,,0,,1,,0,
"chesapeake bank review","Not tracked","Not tracked",72,,0,,1,,0,
"chesapeake finance","Not tracked","Not tracked",96,,0,,1,,0,
"cheveron credit union","Not tracked","Not tracked",30,,0,,1,,0,
"chevron credit bank","Not tracked","Not tracked",28,,0,,1,,0,
"chevron credit union rates","Not tracked","Not tracked",9,,0,,1,,0,
"chevron fcu","Not tracked","Not tracked",28,,0,,1,,0,
"chevron federal credit","Not tracked","Not tracked",22,,0,,1,,0,
"chevron federal credit union car loan rates","Not tracked","Not tracked",57,,0,,1,,0,
"cheyenne wy credit union health savings account","Not tracked","Not tracked",96,,0,,1,,0,
"chicago bravest credit union","Not tracked","Not tracked",65,,0,,1,,0,
"chicago firefighters credit union","Not tracked","Not tracked",61,,0,,1,,0,
"chicago patrolmen's federal credit union","Not tracked","Not tracked",54,,0,,1,,0,
"chicago pawners and jewelers","Not tracked","Not tracked",50,,0,,1,,0,
"chicago purchase order funding","Not tracked","Not tracked",43,,0,,1,,0,
"chief federal credit union","Not tracked","Not tracked",70,,0,,1,,0,
"chief financial fcu","Not tracked","Not tracked",48,,0,,1,,0,
"chime san francisco","Not tracked","Not tracked",95,,0,,1,,0,
"chime's san francisco headquarters","Not tracked","Not tracked",76,,0,,1,,0,
"chinese banks in los angeles","Not tracked","Not tracked",81,,0,,1,,0,
"chivaho credit union","Not tracked","Not tracked",35,,0,,1,,0,
"chivaho federal credit union","Not tracked","Not tracked",28,,0,,1,,0,
"chocolate bayou alvin","Not tracked","Not tracked",88,,0,,1,,0,
"chocolate bayou credit union","Not tracked","Not tracked",17,,0,,1,,0,
"choice comm","Not tracked","Not tracked",98,,0,,1,,0,
"christian credit counseling reviews","Not tracked","Not tracked",70,,0,,1,,0,
"christian credit counselors reviews","Not tracked","Not tracked",46,,0,,1,,0,
"cib atm","Not tracked","Not tracked",60,,0,,1,,0,
"cic credit check","Not tracked","Not tracked",52,,0,,1,,0,
"cic credit rating","Not tracked","Not tracked",87,,0,,1,,0,
"cic mortgage","Not tracked","Not tracked",53,,0,,1,,0,
"ciment law firm pllc","Not tracked","Not tracked",53,,0,,1,,0,
"ciment law firm reviews","Not tracked","Not tracked",45,,0,,1,,0,
"cinfed bank","Not tracked","Not tracked",50,,0,,1,,0,
"cinfed credit union","Not tracked","Not tracked",57,,0,,1,,0,
"cinfed cu","Not tracked","Not tracked",58,,0,,1,,0,
"circle credit union niles","Not tracked","Not tracked",43,,0,,1,,0,
"cit bank atm","Not tracked","Not tracked",73,,0,,1,,0,
"citi sioux falls reviews","Not tracked","Not tracked",25,,0,,1,,0,
"citibank arlington tx","Not tracked","Not tracked",36,,0,,1,,0,
"citibank national","Not tracked","Not tracked",76,,0,,1,,0,
"citizen bank of clovis","Not tracked","Not tracked",74,,0,,1,,0,
"citizen bank of mukwonago","Not tracked","Not tracked",57,,0,,1,,0,
"citizen bank of wv","Not tracked","Not tracked",52,,0,,1,,0,
"citizens 1st national bank storm lake","Not tracked","Not tracked",67,,0,,1,,0,
"citizens bank & trust","Not tracked","Not tracked",100,,0,,1,,0,
"citizens bank & trust co","Not tracked","Not tracked",100,,0,,1,,0,
"citizens bank & trust trenton ga","Not tracked","Not tracked",86,,0,,1,,0,
"citizens bank 24","Not tracked","Not tracked",94,,0,,1,,0,
"citizens bank ada ok","Not tracked","Not tracked",58,,0,,1,,0,
"citizens bank and trust of vivian","Not tracked","Not tracked",76,,0,,1,,0,
"citizens bank buffalo","Not tracked","Not tracked",60,,0,,1,,0,
"citizens bank elizabethton tennessee","Not tracked","Not tracked",73,,0,,1,,0,
"citizens bank elizabethton tn","Not tracked","Not tracked",69,,0,,1,,0,
"citizens bank elkins wv","Not tracked","Not tracked",58,,0,,1,,0,
"citizens bank in ada oklahoma","Not tracked","Not tracked",70,,0,,1,,0,
"citizens bank in elizabethton","Not tracked","Not tracked",63,,0,,1,,0,
"citizens bank johnson city tn","Not tracked","Not tracked",71,,0,,1,,0,
"citizens bank kingsport","Not tracked","Not tracked",77,,0,,1,,0,
"citizens bank knoxville","Not tracked","Not tracked",77,,0,,1,,0,
"citizens bank lebanon","Not tracked","Not tracked",98,,0,,1,,0,
"citizens bank mcconnelsville ohio","Not tracked","Not tracked",50,,0,,1,,0,
"citizens bank morgantown","Not tracked","Not tracked",70,,0,,1,,0,
"citizens bank mukwonago wi","Not tracked","Not tracked",53,,0,,1,,0,
"citizens bank muskego","Not tracked","Not tracked",51,,0,,1,,0,
"citizens bank of ada ok","Not tracked","Not tracked",71,,0,,1,,0,
"citizens bank of ada oklahoma","Not tracked","Not tracked",71,,0,,1,,0,
"citizens bank of clovis new mexico","Not tracked","Not tracked",84,,0,,1,,0,
"citizens bank of elkins wv","Not tracked","Not tracked",76,,0,,1,,0,
"citizens bank of morgantown wv","Not tracked","Not tracked",68,,0,,1,,0,
"citizens bank of mukwonago big bend","Not tracked","Not tracked",44,,0,,1,,0,
"citizens bank of mukwonago east troy","Not tracked","Not tracked",55,,0,,1,,0,
"citizens bank of tennessee","Not tracked","Not tracked",68,,0,,1,,0,
"citizens bank of wv elkins","Not tracked","Not tracked",75,,0,,1,,0,
"citizens bank tri cities","Not tracked","Not tracked",92,,0,,1,,0,
"citizens bank vivian la","Not tracked","Not tracked",74,,0,,1,,0,
"citizens bank west virginia","Not tracked","Not tracked",57,,0,,1,,0,
"citizens bank wisconsin","Not tracked","Not tracked",57,,0,,1,,0,
"citizens first credit union oshkosh","Not tracked","Not tracked",61,,0,,1,,0,
"citizens national bank burleson","Not tracked","Not tracked",67,,0,,1,,0,
"citizens national bank duncan falls ohio","Not tracked","Not tracked",59,,0,,1,,0,
"citizens national bank elkins west virginia","Not tracked","Not tracked",80,,0,,1,,0,
"citizens national bank lebanon ky","Not tracked","Not tracked",78,,0,,1,,0,
"citizens national bank mcconnelsville ohio","Not tracked","Not tracked",48,,0,,1,,0,
"citizens national bank of mcconnelsville","Not tracked","Not tracked",58,,0,,1,,0,
"citizens state bank wisconsin","Not tracked","Not tracked",77,,0,,1,,0,
citizens24,"Not tracked","Not tracked",70,,0,,1,,0,
"city cash pawnbrokers","Not tracked","Not tracked",93,,0,,1,,0,
"city check advance","Not tracked","Not tracked",44,,0,,1,,0,
"city finance dallas","Not tracked","Not tracked",51,,0,,1,,0,
"city of firsts fcu","Not tracked","Not tracked",58,,0,,1,,0,
"city of firsts kokomo","Not tracked","Not tracked",56,,0,,1,,0,
"city of firsts kokomo indiana","Not tracked","Not tracked",57,,0,,1,,0,
"city of memphis credit union phone number","Not tracked","Not tracked",100,,0,,1,,0,
"city of memphis cu","Not tracked","Not tracked",19,,0,,1,,0,
"clackamas community credit union","Not tracked","Not tracked",37,,0,,1,,0,
clarfi,"Not tracked","Not tracked",66,,0,,1,,0,
"clarifi credit counseling","Not tracked","Not tracked",48,,0,,1,,0,
"clarifi philadelphia","Not tracked","Not tracked",40,,0,,1,,0,
"clark & washington bankruptcy","Not tracked","Not tracked",82,,0,,1,,0,
"clark and washington attorneys","Not tracked","Not tracked",84,,0,,1,,0,
"clark and washington llc","Not tracked","Not tracked",82,,0,,1,,0,
"class act credit","Not tracked","Not tracked",60,,0,,1,,0,
"class act fcu","Not tracked","Not tracked",67,,0,,1,,0,
"class act loans","Not tracked","Not tracked",66,,0,,1,,0,
"classic bank bastrop tx","Not tracked","Not tracked",32,,0,,1,,0,
"classic bank cameron","Not tracked","Not tracked",34,,0,,1,,0,
"classic bank in cameron texas","Not tracked","Not tracked",50,,0,,1,,0,
"classic bank liberty hill","Not tracked","Not tracked",32,,0,,1,,0,
"classic bank rockdale tx","Not tracked","Not tracked",39,,0,,1,,0,
"classic banking","Not tracked","Not tracked",63,,0,,1,,0,
"classroom teachers federal credit union","Not tracked","Not tracked",80,,0,,1,,0,
"clawson credit union","Not tracked","Not tracked",57,,0,,1,,0,
"clc greater houston","Not tracked","Not tracked",82,,0,,1,,0,
"clc loans","Not tracked","Not tracked",92,,0,,1,,0,
"clearpath credit union","Not tracked","Not tracked",60,,0,,1,,0,
"clearpath reviews","Not tracked","Not tracked",64,,0,,1,,0,
"clearpoint federal bank and trust","Not tracked","Not tracked",51,,0,,1,,0,
"cliffs check cashing","Not tracked","Not tracked",51,,0,,1,,0,
"cliffs check cashing dallas","Not tracked","Not tracked",57,,0,,1,,0,
"closest atm bank","Not tracked","Not tracked",76,,0,,1,,0,
cmcfcpi,"Not tracked","Not tracked",76,,0,,1,,0,
"cme credit card","Not tracked","Not tracked",62,,0,,1,,0,
"cme federal credit union home loans","Not tracked","Not tracked",95,,0,,1,,0,
"cme hsa","Not tracked","Not tracked",29,,0,,1,,0,
"cnb vision bank","Not tracked","Not tracked",87,,0,,1,,0,
"co op atm","Not tracked","Not tracked",85,,0,,1,,0,
"co op network atm locations","Not tracked","Not tracked",76,,0,,1,,0,
"co-op atms","Not tracked","Not tracked",99,,0,,1,,0,
"coachella valley housing coalition indio","Not tracked","Not tracked",65,,0,,1,,0,
"coast to coast tradelines","Not tracked","Not tracked",44,,0,,1,,0,
"coast tradelines","Not tracked","Not tracked",49,,0,,1,,0,
"coast2coast mortgage","Not tracked","Not tracked",40,,0,,1,,0,
"coast2coast mortgage llc","Not tracked","Not tracked",39,,0,,1,,0,
"coastal california credit union","Not tracked","Not tracked",40,,0,,1,,0,
"coastal lending","Not tracked","Not tracked",82,,0,,1,,0,
"coastal loans llc","Not tracked","Not tracked",84,,0,,1,,0,
"coastal solutions loan","Not tracked","Not tracked",79,,0,,1,,0,
"coastline tradelines","Not tracked","Not tracked",49,,0,,1,,0,
"coburn credit union","Not tracked","Not tracked",79,,0,,1,,0,
"coburns credit union","Not tracked","Not tracked",20,,0,,1,,0,
"coca cola credit union","Not tracked","Not tracked",75,,0,,1,,0,
"coca cola federal credit union","Not tracked","Not tracked",70,,0,,1,,0,
"cochise credit union willcox az","Not tracked","Not tracked",56,,0,,1,,0,
"coffee bank and trust","Not tracked","Not tracked",38,,0,,1,,0,
"coffee county bank in manchester","Not tracked","Not tracked",57,,0,,1,,0,
"coffee county bank manchester tennessee","Not tracked","Not tracked",68,,0,,1,,0,
"coffee county bank tn","Not tracked","Not tracked",46,,0,,1,,0,
"coffee county bank tullahoma tennessee","Not tracked","Not tracked",60,,0,,1,,0,
"coffee county bank tullahoma tn","Not tracked","Not tracked",39,,0,,1,,0,
"coin deposit atm","Not tracked","Not tracked",77,,0,,1,,0,
"coke credit union","Not tracked","Not tracked",75,,0,,1,,0,
"collection agency pay for delete","Not tracked","Not tracked",72,,0,,1,,0,
"collection pay for delete","Not tracked","Not tracked",75,,0,,1,,0,
"collections pay for delete","Not tracked","Not tracked",75,,0,,1,,0,
"collin credit union","Not tracked","Not tracked",48,,0,,1,,0,
"collins bank cedar rapids","Not tracked","Not tracked",39,,0,,1,,0,
"collins comm","Not tracked","Not tracked",48,,0,,1,,0,
"collins community bank","Not tracked","Not tracked",37,,0,,1,,0,
"collins community credit","Not tracked","Not tracked",48,,0,,1,,0,
"collins community credit union cedar falls","Not tracked","Not tracked",47,,0,,1,,0,
"collins community credit union cedar rapids ia","Not tracked","Not tracked",36,,0,,1,,0,
"collins community credit union cedar rapids iowa","Not tracked","Not tracked",42,,0,,1,,0,
"collins community credit union marion ia","Not tracked","Not tracked",42,,0,,1,,0,
"collins community credit union marion iowa","Not tracked","Not tracked",37,,0,,1,,0,
collinsccu,"Not tracked","Not tracked",47,,0,,1,,0,
"colonial banking","Not tracked","Not tracked",60,,0,,1,,0,
"colonial federal savings","Not tracked","Not tracked",72,,0,,1,,0,
"colonial saving","Not tracked","Not tracked",69,,0,,1,,0,
"colonial savings tx review","Not tracked","Not tracked",83,,0,,1,,0,
"colony bank checking accounts","Not tracked","Not tracked",67,,0,,1,,0,
"colony bank chickamauga ga","Not tracked","Not tracked",47,,0,,1,,0,
"colony bank rochelle ga","Not tracked","Not tracked",45,,0,,1,,0,
"colony bank statesboro ga","Not tracked","Not tracked",48,,0,,1,,0,
"colony bankcorp inc","Not tracked","Not tracked",41,,0,,1,,0,
"colorado credit union reviews","Not tracked","Not tracked",55,,0,,1,,0,
"colorado economic defense project","Not tracked","Not tracked",55,,0,,1,,0,
"colorado first bank","Not tracked","Not tracked",51,,0,,1,,0,
"colorado firstbank","Not tracked","Not tracked",47,,0,,1,,0,
"colorado housing assistance corporation","Not tracked","Not tracked",18,,0,,1,,0,
"colorado partner credit union","Not tracked","Not tracked",52,,0,,1,,0,
"columbus auto group west","Not tracked","Not tracked",73,,0,,1,,0,
"columbus lending","Not tracked","Not tracked",81,,0,,1,,0,
"columbus ohio urban league","Not tracked","Not tracked",75,,0,,1,,0,
"combined credit union","Not tracked","Not tracked",75,,0,,1,,0,
"combustion federal credit union","Not tracked","Not tracked",82,,0,,1,,0,
"comm choice","Not tracked","Not tracked",65,,0,,1,,0,
"commerce bank and trust company","Not tracked","Not tracked",84,,0,,1,,0,
"commerce bank brookside","Not tracked","Not tracked",64,,0,,1,,0,
"commerce bank kansas city kansas","Not tracked","Not tracked",52,,0,,1,,0,
"commerce bank kansas city missouri","Not tracked","Not tracked",49,,0,,1,,0,
"commerce bank kcmo","Not tracked","Not tracked",42,,0,,1,,0,
"commerce bank mo","Not tracked","Not tracked",32,,0,,1,,0,
"commerce bank of wyoming","Not tracked","Not tracked",60,,0,,1,,0,
"commerce bank raytown","Not tracked","Not tracked",78,,0,,1,,0,
"commerce bank troost","Not tracked","Not tracked",64,,0,,1,,0,
"commerce capital","Not tracked","Not tracked",97,,0,,1,,0,
"commercial bank california","Not tracked","Not tracked",92,,0,,1,,0,
"commercial bank greenwood sc","Not tracked","Not tracked",83,,0,,1,,0,
"commercial bank in nacogdoches texas","Not tracked","Not tracked",84,,0,,1,,0,
"commercial bank in texas","Not tracked","Not tracked",81,,0,,1,,0,
"commercial bank iowa","Not tracked","Not tracked",96,,0,,1,,0,
"commercial bank lufkin tx","Not tracked","Not tracked",62,,0,,1,,0,
"commercial bank mason","Not tracked","Not tracked",90,,0,,1,,0,
"commercial bank nacogdoches texas","Not tracked","Not tracked",57,,0,,1,,0,
"commercial bank of california irvine","Not tracked","Not tracked",71,,0,,1,,0,
"commercial bank of california review","Not tracked","Not tracked",50,,0,,1,,0,
"commercial bank of texas nacogdoches tx","Not tracked","Not tracked",59,,0,,1,,0,
"commercial bank of texas palestine texas","Not tracked","Not tracked",76,,0,,1,,0,
"commercial bank of texas routing number","Not tracked","Not tracked",50,,0,,1,,0,
"commercial bank of tx","Not tracked","Not tracked",66,,0,,1,,0,
"commercial bank philadelphia","Not tracked","Not tracked",85,,0,,1,,0,
"commercial bank piedmont sc","Not tracked","Not tracked",62,,0,,1,,0,
"commercial business loans","Not tracked","Not tracked",38,,0,,1,,0,
"commercial financing northwestern bank","Not tracked","Not tracked",74,,0,,1,,0,
"commercial line of credit vt","Not tracked","Not tracked",81,,0,,1,,0,
"commercial small business loans","Not tracked","Not tracked",41,,0,,1,,0,
"common trust","Not tracked","Not tracked",28,,0,,1,,0,
"common trust fund","Not tracked","Not tracked",96,,0,,1,,0,
"commonwealth credit union san jose","Not tracked","Not tracked",53,,0,,1,,0,
"commonwealth one","Not tracked","Not tracked",45,,0,,1,,0,
"commonwealth one bank","Not tracked","Not tracked",55,,0,,1,,0,
"commonwealth one federal credit union","Not tracked","Not tracked",43,,0,,1,,0,
commonwealthone,"Not tracked","Not tracked",45,,0,,1,,0,
"communities of abilene federal credit union","Not tracked","Not tracked",42,,0,,1,,0,
"communities of abilene federal credit union abilene tx","Not tracked","Not tracked",38,,0,,1,,0,
"community america","Not tracked","Not tracked",45,,0,,1,,0,
"community america credit card","Not tracked","Not tracked",44,,0,,1,,0,
"community america credit cards","Not tracked","Not tracked",47,,0,,1,,0,
"community bank el dorado springs","Not tracked","Not tracked",59,,0,,1,,0,
"community bank of eldorado springs","Not tracked","Not tracked",62,,0,,1,,0,
"community bank tuscaloosa","Not tracked","Not tracked",76,,0,,1,,0,
"community choice credit union dearborn","Not tracked","Not tracked",78,,0,,1,,0,
"community choice credit union holland","Not tracked","Not tracked",55,,0,,1,,0,
"community choice credit union holland mi","Not tracked","Not tracked",53,,0,,1,,0,
"community choice credit union jackson mi","Not tracked","Not tracked",53,,0,,1,,0,
"community choice credit union livonia mi","Not tracked","Not tracked",81,,0,,1,,0,
"community choice credit union livonia michigan","Not tracked","Not tracked",88,,0,,1,,0,
"community choice credit union logo","Not tracked","Not tracked",83,,0,,1,,0,
"community choice credit union mi","Not tracked","Not tracked",52,,0,,1,,0,
"community choice credit union westland","Not tracked","Not tracked",75,,0,,1,,0,
"community choice credit union westland mi","Not tracked","Not tracked",51,,0,,1,,0,
"community choise","Not tracked","Not tracked",66,,0,,1,,0,
"community credit repair","Not tracked","Not tracked",82,,0,,1,,0,
"community financial credit card","Not tracked","Not tracked",95,,0,,1,,0,
"community first bank florida","Not tracked","Not tracked",48,,0,,1,,0,
"community first bank in las vegas nm","Not tracked","Not tracked",60,,0,,1,,0,
"community first banking","Not tracked","Not tracked",94,,0,,1,,0,
"community first credit union st augustine florida","Not tracked","Not tracked",53,,0,,1,,0,
"community first fl","Not tracked","Not tracked",61,,0,,1,,0,
"community first florida credit union","Not tracked","Not tracked",61,,0,,1,,0,
"community focus brownstown","Not tracked","Not tracked",28,,0,,1,,0,
"community focus federal credit union reviews","Not tracked","Not tracked",58,,0,,1,,0,
"community loan","Not tracked","Not tracked",94,,0,,1,,0,
"community national bank and trust caney ks","Not tracked","Not tracked",46,,0,,1,,0,
"community national bank augusta kansas","Not tracked","Not tracked",65,,0,,1,,0,
"community national bank basehor","Not tracked","Not tracked",60,,0,,1,,0,
"community national bank iola ks","Not tracked","Not tracked",58,,0,,1,,0,
"community national bank pittsburg ks","Not tracked","Not tracked",58,,0,,1,,0,
"community national bank topeka","Not tracked","Not tracked",67,,0,,1,,0,
"community of abilene","Not tracked","Not tracked",68,,0,,1,,0,
"community plus credit union","Not tracked","Not tracked",58,,0,,1,,0,
"community wide com","Not tracked","Not tracked",28,,0,,1,,0,
"community wide credit union south bend","Not tracked","Not tracked",44,,0,,1,,0,
"community-wide credit union","Not tracked","Not tracked",48,,0,,1,,0,
"communityamerica credit union 529 plans","Not tracked","Not tracked",58,,0,,1,,0,
"communityamerica credit union business banking","Not tracked","Not tracked",67,,0,,1,,0,
"communityamerica credit union business savings","Not tracked","Not tracked",55,,0,,1,,0,
"communityamerica credit union business visa","Not tracked","Not tracked",74,,0,,1,,0,
"communityamerica credit union coverdell educational","Not tracked","Not tracked",70,,0,,1,,0,
"communityamerica credit union financial planning","Not tracked","Not tracked",70,,0,,1,,0,
"communityamerica credit union refinance","Not tracked","Not tracked",62,,0,,1,,0,
"communityamerica credit union sba loan","Not tracked","Not tracked",59,,0,,1,,0,
"communityamerica credit union small business checking","Not tracked","Not tracked",65,,0,,1,,0,
"communityamerica credit union traditional ira","Not tracked","Not tracked",51,,0,,1,,0,
"communityamerica credit union visa signature","Not tracked","Not tracked",76,,0,,1,,0,
communitychoicecreditunion,"Not tracked","Not tracked",75,,0,,1,,0,
"communitywide bank","Not tracked","Not tracked",55,,0,,1,,0,
"communitywide federal credit union south bend","Not tracked","Not tracked",45,,0,,1,,0,
"communitywide federal credit union south bend indiana","Not tracked","Not tracked",44,,0,,1,,0,
"communtiy choice","Not tracked","Not tracked",86,,0,,1,,0,
"compare personal loan lenders?","Not tracked","Not tracked",51,,0,,1,,0,
"compass mortgage reviews","Not tracked","Not tracked",59,,0,,1,,0,
"complete controller","Not tracked","Not tracked",56,,0,,1,,0,
"comtrust federal credit union","Not tracked","Not tracked",79,,0,,1,,0,
"comunity choice","Not tracked","Not tracked",63,,0,,1,,0,
"comunity choice credit union","Not tracked","Not tracked",62,,0,,1,,0,
"comwide login","Not tracked","Not tracked",32,,0,,1,,0,
"consumer credit counseling san francisco","Not tracked","Not tracked",89,,0,,1,,0,
"consumer credit services","Not tracked","Not tracked",64,,0,,1,,0,
"consumer financial services co","Not tracked","Not tracked",86,,0,,1,,0,
"consumer financial services palatine","Not tracked","Not tracked",80,,0,,1,,0,
"consumer legal group","Not tracked","Not tracked",90,,0,,1,,0,
"consumer reports banks","Not tracked","Not tracked",79,,0,,1,,0,
"consumers choice credit union","Not tracked","Not tracked",64,,0,,1,,0,
"consumers financial services","Not tracked","Not tracked",92,,0,,1,,0,
"coop atm finder","Not tracked","Not tracked",71,,0,,1,,0,
"coop atms","Not tracked","Not tracked",82,,0,,1,,0,
"cooperative choice network credit union","Not tracked","Not tracked",42,,0,,1,,0,
"coosa pines al","Not tracked","Not tracked",68,,0,,1,,0,
"coosa valley bank","Not tracked","Not tracked",17,,0,,1,,0,
"coosa valley credit union fort oglethorpe","Not tracked","Not tracked",30,,0,,1,,0,
"coosa valley credit union ringgold ga","Not tracked","Not tracked",19,,0,,1,,0,
"coosa valley credit union rome ga","Not tracked","Not tracked",40,,0,,1,,0,
"corazo bank","Not tracked","Not tracked",38,,0,,1,,0,
"corazo credit union","Not tracked","Not tracked",35,,0,,1,,0,
"core plus bank","Not tracked","Not tracked",38,,0,,1,,0,
"core plus federal credit union","Not tracked","Not tracked",33,,0,,1,,0,
"coreplus credit","Not tracked","Not tracked",28,,0,,1,,0,
"cornerstone bank eureka springs ar","Not tracked","Not tracked",84,,0,,1,,0,
"cornerstone financial credit union","Not tracked","Not tracked",90,,0,,1,,0,
"cornerstone financial credit union clarksville tn","Not tracked","Not tracked",77,,0,,1,,0,
"corning bank","Not tracked","Not tracked",62,,0,,1,,0,
"corning credit union auto loan","Not tracked","Not tracked",95,,0,,1,,0,
"corning credit union auto loan rates","Not tracked","Not tracked",93,,0,,1,,0,
"corning credit union business account","Not tracked","Not tracked",96,,0,,1,,0,
"corning credit union cd rates","Not tracked","Not tracked",85,,0,,1,,0,
"corning credit union corning","Not tracked","Not tracked",54,,0,,1,,0,
"corning credit union corning new york","Not tracked","Not tracked",73,,0,,1,,0,
"corning credit union leland","Not tracked","Not tracked",55,,0,,1,,0,
"corning credit union mortgage rates","Not tracked","Not tracked",65,,0,,1,,0,
"corning credit union racine drive","Not tracked","Not tracked",71,,0,,1,,0,
"corning credit union reviews","Not tracked","Not tracked",85,,0,,1,,0,
"corning federal credit","Not tracked","Not tracked",65,,0,,1,,0,
"corporate american credit union","Not tracked","Not tracked",81,,0,,1,,0,
"corpus christi credit","Not tracked","Not tracked",75,,0,,1,,0,
"county bank checking account","Not tracked","Not tracked",87,,0,,1,,0,
"county credit union hilo","Not tracked","Not tracked",74,,0,,1,,0,
"courtesy finance","Not tracked","Not tracked",73,,0,,1,,0,
"cove fcu","Not tracked","Not tracked",38,,0,,1,,0,
"cport credit union routing number","Not tracked","Not tracked",64,,0,,1,,0,
"cport cu","Not tracked","Not tracked",36,,0,,1,,0,
"cport fcu","Not tracked","Not tracked",35,,0,,1,,0,
"cport federal credit union","Not tracked","Not tracked",34,,0,,1,,0,
"cport maine","Not tracked","Not tracked",33,,0,,1,,0,
"cport portland maine","Not tracked","Not tracked",35,,0,,1,,0,
"cps ibew credit union","Not tracked","Not tracked",54,,0,,1,,0,
"credability atlanta","Not tracked","Not tracked",13,,0,,1,,0,
credex,"Not tracked","Not tracked",57,,0,,1,,0,
"credit bureau of columbus","Not tracked","Not tracked",76,,0,,1,,0,
"credit card debt settlement companies","Not tracked","Not tracked",46,,0,,1,,0,
"credit card management services inc","Not tracked","Not tracked",88,,0,,1,,0,
"credit card scores","Not tracked","Not tracked",98,,0,,1,,0,
"credit card sentinel","Not tracked","Not tracked",82,,0,,1,,0,
"credit cards mesquite","Not tracked","Not tracked",65,,0,,1,,0,
"credit cic","Not tracked","Not tracked",67,,0,,1,,0,
"credit collection letter template","Not tracked","Not tracked",100,,0,,1,,0,
"credit consulting services reviews","Not tracked","Not tracked",63,,0,,1,,0,
"credit counseling companies","Not tracked","Not tracked",100,,0,,1,,0,
"credit done right reviews","Not tracked","Not tracked",49,,0,,1,,0,
"credit monitoring services with fico scores","Not tracked","Not tracked",34,,0,,1,,0,
"credit pay for delete","Not tracked","Not tracked",77,,0,,1,,0,
"credit professional services","Not tracked","Not tracked",80,,0,,1,,0,
"credit rally","Not tracked","Not tracked",59,,0,,1,,0,
"credit repair austin","Not tracked","Not tracked",43,,0,,1,,0,
"credit repair indianapolis","Not tracked","Not tracked",97,,0,,1,,0,
"credit saint vs. sky blue","Not tracked","Not tracked",29,,0,,1,,0,
"credit score guide","Not tracked","Not tracked",99,,0,,1,,0,
"credit scores guide","Not tracked","Not tracked",92,,0,,1,,0,
"credit suisse atm","Not tracked","Not tracked",39,,0,,1,,0,
"credit tower","Not tracked","Not tracked",72,,0,,1,,0,
"credit union 1 review","Not tracked","Not tracked",79,,0,,1,,0,
"credit union atlantic","Not tracked","Not tracked",81,,0,,1,,0,
"credit union concord","Not tracked","Not tracked",90,,0,,1,,0,
"credit union credit card reviews","Not tracked","Not tracked",78,,0,,1,,0,
"credit union for nurses","Not tracked","Not tracked",98,,0,,1,,0,
"credit union great lakes il","Not tracked","Not tracked",38,,0,,1,,0,
"credit union hermitage pa","Not tracked","Not tracked",78,,0,,1,,0,
"credit union idaho","Not tracked","Not tracked",83,,0,,1,,0,
"credit union in austin","Not tracked","Not tracked",74,,0,,1,,0,
"credit union in austin texas","Not tracked","Not tracked",79,,0,,1,,0,
"credit union in austin tx","Not tracked","Not tracked",77,,0,,1,,0,
"credit union mortgage charlottesville","Not tracked","Not tracked",57,,0,,1,,0,
"credit union mortgage springfield mo","Not tracked","Not tracked",88,,0,,1,,0,
"credit union near austin tx","Not tracked","Not tracked",100,,0,,1,,0,
"credit union new milford ct","Not tracked","Not tracked",20,,0,,1,,0,
"credit union of dallas","Not tracked","Not tracked",75,,0,,1,,0,
"credit union of denver auto loan rates","Not tracked","Not tracked",89,,0,,1,,0,
"credit union of louisiana","Not tracked","Not tracked",93,,0,,1,,0,
"credit union of richmond va","Not tracked","Not tracked",87,,0,,1,,0,
"credit union of texas contact number","Not tracked","Not tracked",82,,0,,1,,0,
"credit union of texas dallas","Not tracked","Not tracked",50,,0,,1,,0,
"credit union of texas debit card","Not tracked","Not tracked",69,,0,,1,,0,
"credit union of texas member number","Not tracked","Not tracked",90,,0,,1,,0,
"credit union of texas member services","Not tracked","Not tracked",81,,0,,1,,0,
"credit union of texas membership requirements","Not tracked","Not tracked",71,,0,,1,,0,
"credit union of texas routing number dallas","Not tracked","Not tracked",83,,0,,1,,0,
"credit union of texas secured credit card","Not tracked","Not tracked",75,,0,,1,,0,
"credit union poplar bluff mo","Not tracked","Not tracked",72,,0,,1,,0,
"credit union services inc","Not tracked","Not tracked",95,,0,,1,,0,
"credit union south bay","Not tracked","Not tracked",69,,0,,1,,0,
"credit union tech","Not tracked","Not tracked",75,,0,,1,,0,
"credit union texas","Not tracked","Not tracked",98,,0,,1,,0,
"credit union vanderbilt","Not tracked","Not tracked",54,,0,,1,,0,
"credit union ventura","Not tracked","Not tracked",51,,0,,1,,0,
"credit union ventura county","Not tracked","Not tracked",49,,0,,1,,0,
"credit union western union","Not tracked","Not tracked",43,,0,,1,,0,
"credit union willingboro nj","Not tracked","Not tracked",93,,0,,1,,0,
"credit unions des moines","Not tracked","Not tracked",99,,0,,1,,0,
"credit unions helena mt","Not tracked","Not tracked",86,,0,,1,,0,
"credit unions in abilene texas","Not tracked","Not tracked",90,,0,,1,,0,
"credit unions in akron","Not tracked","Not tracked",79,,0,,1,,0,
"credit unions in jollyville","Not tracked","Not tracked",91,,0,,1,,0,
"credit unions in lakeline","Not tracked","Not tracked",62,,0,,1,,0,
"credit unions in springfield missouri","Not tracked","Not tracked",96,,0,,1,,0,
"credit unions stockton ca","Not tracked","Not tracked",67,,0,,1,,0,
"credit utah","Not tracked","Not tracked",92,,0,,1,,0,
"credit wellness center","Not tracked","Not tracked",55,,0,,1,,0,
"credit western union","Not tracked","Not tracked",80,,0,,1,,0,
"credit world services reviews","Not tracked","Not tracked",50,,0,,1,,0,
creditdoc,"Not tracked","Not tracked",67,,0,,1,,0,
creditpro,"Not tracked","Not tracked",46,,0,,1,,0,
"creditrepair com","Not tracked","Not tracked",63,,0,,1,,0,
creditunion1,"Not tracked","Not tracked",50,,0,,1,,0,
"crest saving bank","Not tracked","Not tracked",55,,0,,1,,0,
"crest savings bank cd rates","Not tracked","Not tracked",43,,0,,1,,0,
"crestmark invoice factoring","Not tracked","Not tracked",82,,0,,1,,0,
crestsavings,"Not tracked","Not tracked",62,,0,,1,,0,
"crew bank and trust","Not tracked","Not tracked",31,,0,,1,,0,
crewbank,"Not tracked","Not tracked",43,,0,,1,,0,
"crews bank sarasota","Not tracked","Not tracked",43,,0,,1,,0,
"crews bank venice fl","Not tracked","Not tracked",84,,0,,1,,0,
"crossroads credit union portland indiana","Not tracked","Not tracked",52,,0,,1,,0,
"crossroads dunkirk indiana","Not tracked","Not tracked",58,,0,,1,,0,
"crossroads financial","Not tracked","Not tracked",96,,0,,1,,0,
"crossroads financial credit union","Not tracked","Not tracked",49,,0,,1,,0,
"crossroads financial fcu","Not tracked","Not tracked",46,,0,,1,,0,
"crossroads loans","Not tracked","Not tracked",87,,0,,1,,0,
"crossroads portland indiana","Not tracked","Not tracked",62,,0,,1,,0,
crousefcu,"Not tracked","Not tracked",79,,0,,1,,0,
"crown credit","Not tracked","Not tracked",79,,0,,1,,0,
"cruise bank and trust","Not tracked","Not tracked",33,,0,,1,,0,
"cruz bank","Not tracked","Not tracked",76,,0,,1,,0,
"cruz bank & trust","Not tracked","Not tracked",54,,0,,1,,0,
"crystal pawn shop","Not tracked","Not tracked",64,,0,,1,,0,
"csb carroll iowa","Not tracked","Not tracked",64,,0,,1,,0,
"csbank eureka springs","Not tracked","Not tracked",62,,0,,1,,0,
"cse bank","Not tracked","Not tracked",69,,0,,1,,0,
"cse banking","Not tracked","Not tracked",60,,0,,1,,0,
"cse personal loans","Not tracked","Not tracked",53,,0,,1,,0,
"ctelco credit union credit cards personal loans","Not tracked","Not tracked",79,,0,,1,,0,
"cu hawaii bank","Not tracked","Not tracked",55,,0,,1,,0,
"cu hawaii credit union","Not tracked","Not tracked",60,,0,,1,,0,
"cu of texas","Not tracked","Not tracked",64,,0,,1,,0,
"cumco federal credit union","Not tracked","Not tracked",76,,0,,1,,0,
"currency exchange 47th halsted","Not tracked","Not tracked",50,,0,,1,,0,
"currency exchange on wilson and broadway","Not tracked","Not tracked",71,,0,,1,,0,
"cutx auto financing","Not tracked","Not tracked",75,,0,,1,,0,
"cutx credit card","Not tracked","Not tracked",66,,0,,1,,0,
"cutx credit union","Not tracked","Not tracked",41,,0,,1,,0,
"cutx dallas","Not tracked","Not tracked",39,,0,,1,,0,
"cutx debit card","Not tracked","Not tracked",67,,0,,1,,0,
"cutx mesquite","Not tracked","Not tracked",56,,0,,1,,0,
"cutx number","Not tracked","Not tracked",81,,0,,1,,0,
cvcu,"Not tracked","Not tracked",34,,0,,1,,0,
"cvfcu madison heights va","Not tracked","Not tracked",38,,0,,1,,0,
"cvfcu routing number","Not tracked","Not tracked",61,,0,,1,,0,
"cw bank","Not tracked","Not tracked",88,,0,,1,,0,
"cy fair credit","Not tracked","Not tracked",37,,0,,1,,0,
"cy fair credit union credit card","Not tracked","Not tracked",34,,0,,1,,0,
"cy fair credit union locations","Not tracked","Not tracked",58,,0,,1,,0,
"cy fair cu","Not tracked","Not tracked",39,,0,,1,,0,
"cy fair federal","Not tracked","Not tracked",37,,0,,1,,0,
"cy-fair fcu","Not tracked","Not tracked",38,,0,,1,,0,
"cyfair bank","Not tracked","Not tracked",44,,0,,1,,0,
"cyfair credit","Not tracked","Not tracked",36,,0,,1,,0,
"cyfair credit union","Not tracked","Not tracked",39,,0,,1,,0,
"cyfair cu","Not tracked","Not tracked",46,,0,,1,,0,
"cyfair federal","Not tracked","Not tracked",50,,0,,1,,0,
cyfairfcu,"Not tracked","Not tracked",40,,0,,1,,0,
"dacotah bank review","Not tracked","Not tracked",59,,0,,1,,0,
"dade county federal credit union loans","Not tracked","Not tracked",50,,0,,1,,0,
"dave work","Not tracked","Not tracked",80,,0,,1,,0,
"david freydin","Not tracked","Not tracked",36,,0,,1,,0,
"davis trust bank elkins wv","Not tracked","Not tracked",56,,0,,1,,0,
"davis trust co elkins wv","Not tracked","Not tracked",69,,0,,1,,0,
"davis trust company","Not tracked","Not tracked",65,,0,,1,,0,
"dc bank","Not tracked","Not tracked",73,,0,,1,,0,
"dc credit union auto loan rates","Not tracked","Not tracked",93,,0,,1,,0,
"debt consolidation loan san antonio","Not tracked","Not tracked",98,,0,,1,,0,
"debt consolidation loans san antonio tx","Not tracked","Not tracked",99,,0,,1,,0,
"debt forgiveness program irs","Not tracked","Not tracked",95,,0,,1,,0,
"debt free solutions reviews","Not tracked","Not tracked",84,,0,,1,,0,
"debt management services","Not tracked","Not tracked",100,,0,,1,,0,
"debt negotiation services","Not tracked","Not tracked",96,,0,,1,,0,
"debt negotiation services reviews","Not tracked","Not tracked",67,,0,,1,,0,
"debt redemption texas","Not tracked","Not tracked",80,,0,,1,,0,
"debt solution america reviews","Not tracked","Not tracked",69,,0,,1,,0,
"debt stopper locations","Not tracked","Not tracked",54,,0,,1,,0,
"debt stoppers near me","Not tracked","Not tracked",91,,0,,1,,0,
"debterasers bankruptcy","Not tracked","Not tracked",70,,0,,1,,0,
"debterasers lawyers","Not tracked","Not tracked",20,,0,,1,,0,
"debtwave credit","Not tracked","Not tracked",47,,0,,1,,0,
"decaf credit counseling","Not tracked","Not tracked",82,,0,,1,,0,
"deepwater credit union deepwater nj","Not tracked","Not tracked",62,,0,,1,,0,
"deerwood bank blackduck","Not tracked","Not tracked",48,,0,,1,,0,
"deerwood bank blackduck mn","Not tracked","Not tracked",55,,0,,1,,0,
"deerwood bank waite park mn","Not tracked","Not tracked",56,,0,,1,,0,
"del one auto loan","Not tracked","Not tracked",93,,0,,1,,0,
"del one bank","Not tracked","Not tracked",67,,0,,1,,0,
"del one car payment","Not tracked","Not tracked",89,,0,,1,,0,
"del one federal credit union","Not tracked","Not tracked",66,,0,,1,,0,
"del one loan payment","Not tracked","Not tracked",68,,0,,1,,0,
"del one loans","Not tracked","Not tracked",87,,0,,1,,0,
"del one personal loan","Not tracked","Not tracked",87,,0,,1,,0,
"del-one online banking","Not tracked","Not tracked",45,,0,,1,,0,
"delone bank","Not tracked","Not tracked",68,,0,,1,,0,
delonefcu,"Not tracked","Not tracked",72,,0,,1,,0,
"delowe pawn","Not tracked","Not tracked",44,,0,,1,,0,
"delta community credit union atm locations","Not tracked","Not tracked",75,,0,,1,,0,
"delta community credit union buckhead","Not tracked","Not tracked",75,,0,,1,,0,
"delta community credit union midtown","Not tracked","Not tracked",80,,0,,1,,0,
"delta credit union duluth ga","Not tracked","Not tracked",59,,0,,1,,0,
"delta credit union virginia ave","Not tracked","Not tracked",63,,0,,1,,0,
"delta federal credit union","Not tracked","Not tracked",74,,0,,1,,0,
"dena motors","Not tracked","Not tracked",50,,0,,1,,0,
"denver pawn","Not tracked","Not tracked",67,,0,,1,,0,
"denver pawn shop","Not tracked","Not tracked",68,,0,,1,,0,
"des moines metro credit union des moines ia","Not tracked","Not tracked",63,,0,,1,,0,
"desert financial atm limit","Not tracked","Not tracked",71,,0,,1,,0,
"desert financial loan rates","Not tracked","Not tracked",86,,0,,1,,0,
"desert financial phoenix","Not tracked","Not tracked",54,,0,,1,,0,
"desert financial rates","Not tracked","Not tracked",93,,0,,1,,0,
"desert financial thunderbird","Not tracked","Not tracked",47,,0,,1,,0,
"desert valley bank","Not tracked","Not tracked",25,,0,,1,,0,
"desert valley federal credit union","Not tracked","Not tracked",52,,0,,1,,0,
"desert valleys federal credit union","Not tracked","Not tracked",76,,0,,1,,0,
"desjardin bank","Not tracked","Not tracked",72,,0,,1,,0,
"desjardin banking","Not tracked","Not tracked",52,,0,,1,,0,
"desjardines bank","Not tracked","Not tracked",74,,0,,1,,0,
"desjardins bank usa","Not tracked","Not tracked",80,,0,,1,,0,
"destinations credit union","Not tracked","Not tracked",53,,0,,1,,0,
"detroit financial credit union","Not tracked","Not tracked",49,,0,,1,,0,
"detroit metro credit union","Not tracked","Not tracked",57,,0,,1,,0,
"dfc financial","Not tracked","Not tracked",62,,0,,1,,0,
"dfcu tulsa","Not tracked","Not tracked",36,,0,,1,,0,
"dfu bank","Not tracked","Not tracked",91,,0,,1,,0,
"diamond banc holdings llc","Not tracked","Not tracked",48,,0,,1,,0,
"diamond banc nashville","Not tracked","Not tracked",79,,0,,1,,0,
"diamond banc orlando","Not tracked","Not tracked",64,,0,,1,,0,
"diamond lake credit union","Not tracked","Not tracked",46,,0,,1,,0,
"diamond lakes credit union","Not tracked","Not tracked",50,,0,,1,,0,
"diamond lakes fcu","Not tracked","Not tracked",34,,0,,1,,0,
"diamond lakes federal credit union","Not tracked","Not tracked",46,,0,,1,,0,
"ding free atm","Not tracked","Not tracked",90,,0,,1,,0,
"discount car title loan - alamo","Not tracked","Not tracked",85,,0,,1,,0,
"discover fico credit monitoring","Not tracked","Not tracked",30,,0,,1,,0,
"discovery auto sales reviews","Not tracked","Not tracked",63,,0,,1,,0,
"discovery credit union","Not tracked","Not tracked",58,,0,,1,,0,
"diversified credit union clawson","Not tracked","Not tracked",45,,0,,1,,0,
"diversified credit union detroit michigan","Not tracked","Not tracked",69,,0,,1,,0,
"diversified credit union novi","Not tracked","Not tracked",45,,0,,1,,0,
"diversified members credit union detroit","Not tracked","Not tracked",48,,0,,1,,0,
"diversified members credit union detroit mi","Not tracked","Not tracked",49,,0,,1,,0,
"diversified members cu","Not tracked","Not tracked",44,,0,,1,,0,
"diversity credit union","Not tracked","Not tracked",54,,0,,1,,0,
"dmcu routing number","Not tracked","Not tracked",28,,0,,1,,0,
"do check cashing services help you build credit","Not tracked","Not tracked",94,,0,,1,,0,
"do joint accounts affect credit score","Not tracked","Not tracked",77,,0,,1,,0,
"doc holliday pawn","Not tracked","Not tracked",54,,0,,1,,0,
"does corning credit union have zelle","Not tracked","Not tracked",72,,0,,1,,0,
"does having a joint bank account affect your credit","Not tracked","Not tracked",90,,0,,1,,0,
"does joint account affect credit rating","Not tracked","Not tracked",94,,0,,1,,0,
"does rent reporting help your credit","Not tracked","Not tracked",100,,0,,1,,0,
"does valley first credit union have zelle","Not tracked","Not tracked",66,,0,,1,,0,
"does valley first have zelle","Not tracked","Not tracked",93,,0,,1,,0,
"dolex dollar","Not tracked","Not tracked",40,,0,,1,,0,
"dolex loans","Not tracked","Not tracked",69,,0,,1,,0,
"dollar smart check cashing","Not tracked","Not tracked",43,,0,,1,,0,
"dollar smart payday loans","Not tracked","Not tracked",36,,0,,1,,0,
"dominion energy credit union","Not tracked","Not tracked",31,,0,,1,,0,
"don diaz","Not tracked","Not tracked",38,,0,,1,,0,
"dorothy butler law firm","Not tracked","Not tracked",79,,0,,1,,0,
"dps federal credit union","Not tracked","Not tracked",39,,0,,1,,0,
dpsfcu,"Not tracked","Not tracked",54,,0,,1,,0,
"dr bank darien ct","Not tracked","Not tracked",59,,0,,1,,0,
"dr bank personal loan","Not tracked","Not tracked",55,,0,,1,,0,
"dream first bank routing number","Not tracked","Not tracked",34,,0,,1,,0,
dreamfirst,"Not tracked","Not tracked",42,,0,,1,,0,
"driven credit card","Not tracked","Not tracked",64,,0,,1,,0,
"drivetime stone mountain","Not tracked","Not tracked",40,,0,,1,,0,
"drivetime stone mountain reviews","Not tracked","Not tracked",38,,0,,1,,0,
"dsrm bank","Not tracked","Not tracked",87,,0,,1,,0,
"du pont credit union","Not tracked","Not tracked",51,,0,,1,,0,
"duke federal credit union","Not tracked","Not tracked",50,,0,,1,,0,
"duke university fcu","Not tracked","Not tracked",46,,0,,1,,0,
"dupont community credit union credit card","Not tracked","Not tracked",19,,0,,1,,0,
"dupont community credit union staunton va","Not tracked","Not tracked",50,,0,,1,,0,
"dupont community credit union stuarts draft va","Not tracked","Not tracked",80,,0,,1,,0,
"dupont community credit union stuarts draft virginia","Not tracked","Not tracked",73,,0,,1,,0,
"dupont community credit union woodstock va","Not tracked","Not tracked",49,,0,,1,,0,
"dupont community cu","Not tracked","Not tracked",41,,0,,1,,0,
"dupont credit union lexington va","Not tracked","Not tracked",44,,0,,1,,0,
"dupont credit union routing number","Not tracked","Not tracked",48,,0,,1,,0,
"dupont credit union waynesboro","Not tracked","Not tracked",44,,0,,1,,0,
"dupont credit union woodstock","Not tracked","Not tracked",70,,0,,1,,0,
"dupont credit union woodstock va","Not tracked","Not tracked",50,,0,,1,,0,
"dupont federal credit union","Not tracked","Not tracked",59,,0,,1,,0,
"dynamic credit union","Not tracked","Not tracked",38,,0,,1,,0,
"dynamic federal credit union celina oh","Not tracked","Not tracked",50,,0,,1,,0,
"dynamic federal credit union celina ohio","Not tracked","Not tracked",47,,0,,1,,0,
"dynamic federal credit union in celina ohio","Not tracked","Not tracked",72,,0,,1,,0,
"dynamic funding solutions construction loans","Not tracked","Not tracked",71,,0,,1,,0,
"e pawn stockbridge","Not tracked","Not tracked",66,,0,,1,,0,
"eagle fcu","Not tracked","Not tracked",97,,0,,1,,0,
"eagle loan fairview park","Not tracked","Not tracked",33,,0,,1,,0,
eaglebankmn,"Not tracked","Not tracked",74,,0,,1,,0,
"earl grey credit union","Not tracked","Not tracked",74,,0,,1,,0,
"east cambridge bank","Not tracked","Not tracked",42,,0,,1,,0,
"east cambridge savings","Not tracked","Not tracked",40,,0,,1,,0,
"east cambridge savings bank mortgage rates","Not tracked","Not tracked",54,,0,,1,,0,
"east mill federal credit union","Not tracked","Not tracked",68,,0,,1,,0,
"east millinocket federal credit union","Not tracked","Not tracked",68,,0,,1,,0,
"east professional","Not tracked","Not tracked",77,,0,,1,,0,
"east rise cd rates","Not tracked","Not tracked",73,,0,,1,,0,
"east rise credit union vermont","Not tracked","Not tracked",54,,0,,1,,0,
"east rise credit union williston vt","Not tracked","Not tracked",46,,0,,1,,0,
"east savings bank","Not tracked","Not tracked",49,,0,,1,,0,
"east texas bank","Not tracked","Not tracked",79,,0,,1,,0,
"east texas prof credit union","Not tracked","Not tracked",78,,0,,1,,0,
"east texas professional credit union auto loan rates","Not tracked","Not tracked",62,,0,,1,,0,
"east texas professional credit union carthage texas","Not tracked","Not tracked",73,,0,,1,,0,
"east texas professional credit union gilmer texas","Not tracked","Not tracked",80,,0,,1,,0,
"east texas professional credit union hallsville tx","Not tracked","Not tracked",57,,0,,1,,0,
"east texas professional credit union henderson texas","Not tracked","Not tracked",68,,0,,1,,0,
"east texas professional credit union jefferson tx","Not tracked","Not tracked",53,,0,,1,,0,
"east texas professional credit union kilgore tx","Not tracked","Not tracked",51,,0,,1,,0,
"east texas professional credit union longview tx","Not tracked","Not tracked",59,,0,,1,,0,
"east texas professional credit union lufkin","Not tracked","Not tracked",52,,0,,1,,0,
"east texas professional credit union mortgage rates","Not tracked","Not tracked",35,,0,,1,,0,
"east texas professional credit union online banking","Not tracked","Not tracked",25,,0,,1,,0,
"east texas professional credit union tyler","Not tracked","Not tracked",56,,0,,1,,0,
"east tx professional credit union","Not tracked","Not tracked",62,,0,,1,,0,
"eastern cambridge savings bank","Not tracked","Not tracked",46,,0,,1,,0,
"eastex credit union","Not tracked","Not tracked",19,,0,,1,,0,
"eastex fcu","Not tracked","Not tracked",22,,0,,1,,0,
"eastex federal credit","Not tracked","Not tracked",19,,0,,1,,0,
"eastex federal credit union","Not tracked","Not tracked",20,,0,,1,,0,
"eastmill federal credit union","Not tracked","Not tracked",66,,0,,1,,0,
"eastrise credit union bennington vt","Not tracked","Not tracked",48,,0,,1,,0,
"eastrise credit union cd rates","Not tracked","Not tracked",84,,0,,1,,0,
"eastrise credit union essex vt","Not tracked","Not tracked",45,,0,,1,,0,
"eastrise credit union montpelier vt","Not tracked","Not tracked",47,,0,,1,,0,
"eastrise credit union st albans vt","Not tracked","Not tracked",48,,0,,1,,0,
"eastrise credit union williston","Not tracked","Not tracked",37,,0,,1,,0,
"easy business capital loans","Not tracked","Not tracked",100,,0,,1,,0,
"easy check cashing council bluffs","Not tracked","Not tracked",79,,0,,1,,0,
"economic defense project","Not tracked","Not tracked",65,,0,,1,,0,
edifi,"Not tracked","Not tracked",43,,0,,1,,0,
"edifi credit union","Not tracked","Not tracked",52,,0,,1,,0,
"edifi credit union glassboro","Not tracked","Not tracked",44,,0,,1,,0,
"edifi federal credit union","Not tracked","Not tracked",49,,0,,1,,0,
"education first credit union routing number beaumont tx","Not tracked","Not tracked",55,,0,,1,,0,
"education personnel credit union","Not tracked","Not tracked",81,,0,,1,,0,
"education personnel federal credit union","Not tracked","Not tracked",61,,0,,1,,0,
"educational personnel federal credit union","Not tracked","Not tracked",46,,0,,1,,0,
educationfirstfcu,"Not tracked","Not tracked",58,,0,,1,,0,
"educators first credit union","Not tracked","Not tracked",55,,0,,1,,0,
"edwards credit union","Not tracked","Not tracked",50,,0,,1,,0,
"edwards federal credit union","Not tracked","Not tracked",48,,0,,1,,0,
"eecu auto","Not tracked","Not tracked",64,,0,,1,,0,
"eecu auto loan rate","Not tracked","Not tracked",66,,0,,1,,0,
"eecu auto refi","Not tracked","Not tracked",59,,0,,1,,0,
"eecu car loan","Not tracked","Not tracked",67,,0,,1,,0,
"eecu car loans","Not tracked","Not tracked",63,,0,,1,,0,
"eecu credit union auto loan","Not tracked","Not tracked",60,,0,,1,,0,
"eecu dallas","Not tracked","Not tracked",39,,0,,1,,0,
"eecu financing","Not tracked","Not tracked",43,,0,,1,,0,
"eecu fort worth","Not tracked","Not tracked",60,,0,,1,,0,
"eecu ft worth","Not tracked","Not tracked",49,,0,,1,,0,
"eecu personal loan","Not tracked","Not tracked",57,,0,,1,,0,
"eecu personal loan requirements","Not tracked","Not tracked",55,,0,,1,,0,
"eecu personal loans","Not tracked","Not tracked",54,,0,,1,,0,
"eecu phone number fort worth","Not tracked","Not tracked",63,,0,,1,,0,
"eecu tx","Not tracked","Not tracked",39,,0,,1,,0,
"eecu used car loan","Not tracked","Not tracked",64,,0,,1,,0,
"eecu used car loans","Not tracked","Not tracked",62,,0,,1,,0,
"eie insurance","Not tracked","Not tracked",72,,0,,1,,0,
"elca credit union","Not tracked","Not tracked",67,,0,,1,,0,
"element banking","Not tracked","Not tracked",40,,0,,1,,0,
"element financial credit union","Not tracked","Not tracked",47,,0,,1,,0,
"elements credit","Not tracked","Not tracked",37,,0,,1,,0,
"elements credit union","Not tracked","Not tracked",47,,0,,1,,0,
"elements finance","Not tracked","Not tracked",50,,0,,1,,0,
"elements financial indianapolis","Not tracked","Not tracked",38,,0,,1,,0,
"eli lilly credit union","Not tracked","Not tracked",57,,0,,1,,0,
"elite community credit union","Not tracked","Not tracked",60,,0,,1,,0,
"elite pawn conyers ga","Not tracked","Not tracked",71,,0,,1,,0,
"elite pawn conyers georgia","Not tracked","Not tracked",63,,0,,1,,0,
"elite pawn reviews","Not tracked","Not tracked",66,,0,,1,,0,
"elkhorn bank","Not tracked","Not tracked",54,,0,,1,,0,
"elkhorn valley bank cd rates","Not tracked","Not tracked",33,,0,,1,,0,
"elsa state bank","Not tracked","Not tracked",73,,0,,1,,0,
"em federal credit union","Not tracked","Not tracked",84,,0,,1,,0,
"embassy national bank","Not tracked","Not tracked",48,,0,,1,,0,
"embold credit union oregon city","Not tracked","Not tracked",32,,0,,1,,0,
"embold cu","Not tracked","Not tracked",33,,0,,1,,0,
"embold fcu","Not tracked","Not tracked",35,,0,,1,,0,
"embold federal credit union","Not tracked","Not tracked",30,,0,,1,,0,
"emergency bad credit payday loans","Not tracked","Not tracked",48,,0,,1,,0,
"emergency cash immediately near me","Not tracked","Not tracked",33,,0,,1,,0,
"employee educational credit union","Not tracked","Not tracked",63,,0,,1,,0,
"employees first credit union","Not tracked","Not tracked",98,,0,,1,,0,
"emprise bank chanute ks","Not tracked","Not tracked",52,,0,,1,,0,
"emprise bank goddard ks","Not tracked","Not tracked",46,,0,,1,,0,
"emprise bank hays ks","Not tracked","Not tracked",52,,0,,1,,0,
"emprise bank haysville kansas","Not tracked","Not tracked",52,,0,,1,,0,
"emrpise bank","Not tracked","Not tracked",57,,0,,1,,0,
"encompass debt relief","Not tracked","Not tracked",55,,0,,1,,0,
"engage banking customers","Not tracked","Not tracked",94,,0,,1,,0,
"englewood bank & trust","Not tracked","Not tracked",43,,0,,1,,0,
"ent credit union bank","Not tracked","Not tracked",36,,0,,1,,0,
"ent credit union checks","Not tracked","Not tracked",75,,0,,1,,0,
"ent credit union reviews complaints","Not tracked","Not tracked",45,,0,,1,,0,
"ent credit untion","Not tracked","Not tracked",62,,0,,1,,0,
"ent creit union","Not tracked","Not tracked",49,,0,,1,,0,
"ent federal","Not tracked","Not tracked",72,,0,,1,,0,
"ent-credit union","Not tracked","Not tracked",63,,0,,1,,0,
ent-cu,"Not tracked","Not tracked",67,,0,,1,,0,
"ent. credit union","Not tracked","Not tracked",60,,0,,1,,0,
"ent_federal credit union","Not tracked","Not tracked",66,,0,,1,,0,
entbank,"Not tracked","Not tracked",59,,0,,1,,0,
"enterprise bank pittsburgh","Not tracked","Not tracked",41,,0,,1,,0,
entfcu,"Not tracked","Not tracked",59,,0,,1,,0,
entfederal,"Not tracked","Not tracked",60,,0,,1,,0,
"entfederal credit union","Not tracked","Not tracked",68,,0,,1,,0,
"envios y mas dallas tx","Not tracked","Not tracked",12,,0,,1,,0,
"envista bank topeka","Not tracked","Not tracked",47,,0,,1,,0,
"envista bank topeka ks","Not tracked","Not tracked",48,,0,,1,,0,
"envista credit union topeka","Not tracked","Not tracked",47,,0,,1,,0,
"envista cu routing number","Not tracked","Not tracked",65,,0,,1,,0,
"envista locations","Not tracked","Not tracked",70,,0,,1,,0,
"envista mortgage","Not tracked","Not tracked",37,,0,,1,,0,
"envista routing number","Not tracked","Not tracked",56,,0,,1,,0,
epawn,"Not tracked","Not tracked",38,,0,,1,,0,
"equitable bank elkhorn","Not tracked","Not tracked",81,,0,,1,,0,
"equitable bank north platte ne","Not tracked","Not tracked",74,,0,,1,,0,
"erie business insurance","Not tracked","Not tracked",65,,0,,1,,0,
"erie insurance chicago il","Not tracked","Not tracked",44,,0,,1,,0,
"espeeco federal credit","Not tracked","Not tracked",60,,0,,1,,0,
"essential finance","Not tracked","Not tracked",81,,0,,1,,0,
"essex pawn shops","Not tracked","Not tracked",67,,0,,1,,0,
"eva bank cullman","Not tracked","Not tracked",66,,0,,1,,0,
"eva bank madison al","Not tracked","Not tracked",44,,0,,1,,0,
"evabank cullman","Not tracked","Not tracked",69,,0,,1,,0,
"everbank bbb","Not tracked","Not tracked",75,,0,,1,,0,
"everbank home loans","Not tracked","Not tracked",77,,0,,1,,0,
"everbank jacksonville florida","Not tracked","Not tracked",71,,0,,1,,0,
"everbank loan","Not tracked","Not tracked",62,,0,,1,,0,
"everbank loans","Not tracked","Not tracked",47,,0,,1,,0,
"everbank mortgage review","Not tracked","Not tracked",74,,0,,1,,0,
"everbank naples fl","Not tracked","Not tracked",55,,0,,1,,0,
"everbank reviews bbb","Not tracked","Not tracked",40,,0,,1,,0,
everbank',"Not tracked","Not tracked",75,,0,,1,,0,
"everbank, national association","Not tracked","Not tracked",45,,0,,1,,0,
"everence credit union lancaster pa","Not tracked","Not tracked",79,,0,,1,,0,
"everence financial services","Not tracked","Not tracked",30,,0,,1,,0,
"everett checking accounts","Not tracked","Not tracked",5,,0,,1,,0,
"evergreen credit union neenah wi","Not tracked","Not tracked",43,,0,,1,,0,
"evergreen credit union wi","Not tracked","Not tracked",43,,0,,1,,0,
"evergreen direct cu","Not tracked","Not tracked",39,,0,,1,,0,
"evergreen federal bank rogue river","Not tracked","Not tracked",58,,0,,1,,0,
"evergreen federal grants pass","Not tracked","Not tracked",17,,0,,1,,0,
"everwise auto loan","Not tracked","Not tracked",82,,0,,1,,0,
"everwise checking account","Not tracked","Not tracked",78,,0,,1,,0,
"everwise credit union niles mi","Not tracked","Not tracked",50,,0,,1,,0,
"evolve and trust bank","Not tracked","Not tracked",60,,0,,1,,0,
"evolve bank memphis tn","Not tracked","Not tracked",68,,0,,1,,0,
"evolve bank reviews","Not tracked","Not tracked",58,,0,,1,,0,
"evolve bank wynne ar","Not tracked","Not tracked",62,,0,,1,,0,
"evolve trust bank","Not tracked","Not tracked",53,,0,,1,,0,
"eweb credit union","Not tracked","Not tracked",34,,0,,1,,0,
"exchange bank natchitoches","Not tracked","Not tracked",75,,0,,1,,0,
"exchange bank of natchitoches","Not tracked","Not tracked",76,,0,,1,,0,
"exchange finance company","Not tracked","Not tracked",78,,0,,1,,0,
"experian report identity theft","Not tracked","Not tracked",90,,0,,1,,0,
"expert mortgage advice florida","Not tracked","Not tracked",99,,0,,1,,0,
"expree credit union frankfort kentucky","Not tracked","Not tracked",65,,0,,1,,0,
"express money service","Not tracked","Not tracked",87,,0,,1,,0,
"express paycheck","Not tracked","Not tracked",85,,0,,1,,0,
"express paycheck loan reviews","Not tracked","Not tracked",55,,0,,1,,0,
"extraco bank","Not tracked","Not tracked",52,,0,,1,,0,
"extraco bank temple tx","Not tracked","Not tracked",59,,0,,1,,0,
extracobank,"Not tracked","Not tracked",56,,0,,1,,0,
extracobanks,"Not tracked","Not tracked",47,,0,,1,,0,
"extracto bank","Not tracked","Not tracked",63,,0,,1,,0,
"ez money council bluffs","Not tracked","Not tracked",26,,0,,1,,0,
"ez money omaha","Not tracked","Not tracked",59,,0,,1,,0,
"ez pawn indianapolis indiana","Not tracked","Not tracked",56,,0,,1,,0,
"f&m bank archbold","Not tracked","Not tracked",59,,0,,1,,0,
"f&m bank edmond ok","Not tracked","Not tracked",63,,0,,1,,0,
"f&m bank ohio","Not tracked","Not tracked",49,,0,,1,,0,
"f1rst trust bank","Not tracked","Not tracked",19,,0,,1,,0,
"fahey bank","Not tracked","Not tracked",46,,0,,1,,0,
"fahey bank in marion ohio","Not tracked","Not tracked",72,,0,,1,,0,
"fair finance review","Not tracked","Not tracked",44,,0,,1,,0,
"fair trade outlet","Not tracked","Not tracked",28,,0,,1,,0,
"fairfield county bank bridgeport","Not tracked","Not tracked",46,,0,,1,,0,
"fairfield county bank bridgeport ct","Not tracked","Not tracked",50,,0,,1,,0,
"fairfield county bank cd rates","Not tracked","Not tracked",58,,0,,1,,0,
"fairfield county bank ct","Not tracked","Not tracked",61,,0,,1,,0,
"fairfield county bank mortgage rates","Not tracked","Not tracked",84,,0,,1,,0,
"fairfield county bank ridgefield","Not tracked","Not tracked",54,,0,,1,,0,
"fairfield county bank westport","Not tracked","Not tracked",66,,0,,1,,0,
"fairfield county ct bank","Not tracked","Not tracked",68,,0,,1,,0,
"fairfield ct bank","Not tracked","Not tracked",69,,0,,1,,0,
"fairfield federal bank","Not tracked","Not tracked",19,,0,,1,,0,
"fairfield federal cd rates","Not tracked","Not tracked",95,,0,,1,,0,
"fairfield federal credit union","Not tracked","Not tracked",85,,0,,1,,0,
"fairfield federal hours","Not tracked","Not tracked",69,,0,,1,,0,
"fairfield federal lancaster oh","Not tracked","Not tracked",45,,0,,1,,0,
"fairfield federal pickerington","Not tracked","Not tracked",41,,0,,1,,0,
"fairfield federal savings","Not tracked","Not tracked",60,,0,,1,,0,
"fairfield federal savings and loan","Not tracked","Not tracked",70,,0,,1,,0,
fairfieldcountybank,"Not tracked","Not tracked",56,,0,,1,,0,
"faith connection credit union","Not tracked","Not tracked",71,,0,,1,,0,
"faith connection fcu","Not tracked","Not tracked",67,,0,,1,,0,
"faith connection federal credit union","Not tracked","Not tracked",61,,0,,1,,0,
"faith cooperative federal credit union","Not tracked","Not tracked",53,,0,,1,,0,
"fall river municipal","Not tracked","Not tracked",43,,0,,1,,0,
"falls catholic","Not tracked","Not tracked",94,,0,,1,,0,
"families first credit union","Not tracked","Not tracked",44,,0,,1,,0,
"family bank camilla georgia","Not tracked","Not tracked",49,,0,,1,,0,
"family bank pelham georgia","Not tracked","Not tracked",35,,0,,1,,0,
"family credit counseling corporation","Not tracked","Not tracked",70,,0,,1,,0,
"family credit counseling services","Not tracked","Not tracked",78,,0,,1,,0,
"family credit reviews","Not tracked","Not tracked",66,,0,,1,,0,
"family first credit union hapeville","Not tracked","Not tracked",28,,0,,1,,0,
"family horizon","Not tracked","Not tracked",51,,0,,1,,0,
"family internet banking","Not tracked","Not tracked",64,,0,,1,,0,
"family-first banking","Not tracked","Not tracked",88,,0,,1,,0,
familybank,"Not tracked","Not tracked",74,,0,,1,,0,
familybankonline,"Not tracked","Not tracked",52,,0,,1,,0,
"familycredit.org reviews","Not tracked","Not tracked",64,,0,,1,,0,
"farm burea bank","Not tracked","Not tracked",43,,0,,1,,0,
"farm bureau bank auto loan rates","Not tracked","Not tracked",57,,0,,1,,0,
"farm bureau bank rates","Not tracked","Not tracked",73,,0,,1,,0,
"farm bureau family credit union","Not tracked","Not tracked",63,,0,,1,,0,
"farm bureau financing","Not tracked","Not tracked",41,,0,,1,,0,
"farm bureau interest rates","Not tracked","Not tracked",44,,0,,1,,0,
"farm bureau loan rates","Not tracked","Not tracked",52,,0,,1,,0,
"farm bureau mortgage rates","Not tracked","Not tracked",46,,0,,1,,0,
farmbureaubank,"Not tracked","Not tracked",41,,0,,1,,0,
"farmer national bank danville ky","Not tracked","Not tracked",70,,0,,1,,0,
"farmers & merchants bank archbold ohio","Not tracked","Not tracked",78,,0,,1,,0,
"farmers and merchants bank west carrollton","Not tracked","Not tracked",47,,0,,1,,0,
"farmers and merchants miamisburg","Not tracked","Not tracked",17,,0,,1,,0,
"farmers and merchants state bank ohio","Not tracked","Not tracked",67,,0,,1,,0,
"farmers bank & trust atwood ks","Not tracked","Not tracked",38,,0,,1,,0,
"farmers bank and trust atwood","Not tracked","Not tracked",42,,0,,1,,0,
"farmers bank and trust atwood ks","Not tracked","Not tracked",37,,0,,1,,0,
"farmers bank and trust great bend kansas","Not tracked","Not tracked",76,,0,,1,,0,
"farmers bank and trust great bend ks","Not tracked","Not tracked",56,,0,,1,,0,
"farmers bank and trust lacrosse ks","Not tracked","Not tracked",59,,0,,1,,0,
"farmers bank and trust larned ks","Not tracked","Not tracked",60,,0,,1,,0,
"farmers bank danville","Not tracked","Not tracked",67,,0,,1,,0,
"farmers bank danville kentucky","Not tracked","Not tracked",69,,0,,1,,0,
"farmers bank harrodsburg ky","Not tracked","Not tracked",77,,0,,1,,0,
"farmers bank in portland tennessee","Not tracked","Not tracked",62,,0,,1,,0,
"farmers bank in portland tn","Not tracked","Not tracked",76,,0,,1,,0,
"farmers bank portland tennessee","Not tracked","Not tracked",46,,0,,1,,0,
"farmers bank springfield tennessee","Not tracked","Not tracked",56,,0,,1,,0,
"farmers bank springfield tn","Not tracked","Not tracked",70,,0,,1,,0,
"farmers national bank harrodsburg ky","Not tracked","Not tracked",70,,0,,1,,0,
"farmers national bank lancaster ky","Not tracked","Not tracked",66,,0,,1,,0,
"farmers savings bank milford ia","Not tracked","Not tracked",66,,0,,1,,0,
"farmers savings bank strawberry point ia","Not tracked","Not tracked",76,,0,,1,,0,
"farmers state bank centralia il","Not tracked","Not tracked",81,,0,,1,,0,
"farmers state bank in cameron missouri","Not tracked","Not tracked",74,,0,,1,,0,
"farmers state bank maitland mo","Not tracked","Not tracked",71,,0,,1,,0,
"farmers state bank of cameron","Not tracked","Not tracked",100,,0,,1,,0,
"farmers state bank reviews","Not tracked","Not tracked",69,,0,,1,,0,
"fasny fcu","Not tracked","Not tracked",64,,0,,1,,0,
"fast auto loans title loans","Not tracked","Not tracked",27,,0,,1,,0,
"fast bridging loan us","Not tracked","Not tracked",88,,0,,1,,0,
"fast bridging loans","Not tracked","Not tracked",91,,0,,1,,0,
"fast bridging mortgage","Not tracked","Not tracked",99,,0,,1,,0,
"fast cash houston","Not tracked","Not tracked",64,,0,,1,,0,
"fast cash houston texas","Not tracked","Not tracked",52,,0,,1,,0,
"fast cash memorial drive","Not tracked","Not tracked",75,,0,,1,,0,
"fast cash murfreesboro tennessee","Not tracked","Not tracked",66,,0,,1,,0,
"fast cash nashville tn","Not tracked","Not tracked",89,,0,,1,,0,
"fb&t mercury financial","Not tracked","Not tracked",51,,0,,1,,0,
"fb&t/mercury financial","Not tracked","Not tracked",50,,0,,1,,0,
"fccb mansfield pa","Not tracked","Not tracked",45,,0,,1,,0,
"fd community fcu","Not tracked","Not tracked",40,,0,,1,,0,
"fd community waterbury ct","Not tracked","Not tracked",48,,0,,1,,0,
"fd credit union","Not tracked","Not tracked",90,,0,,1,,0,
"fdny bravest credit union","Not tracked","Not tracked",36,,0,,1,,0,
"fed choice","Not tracked","Not tracked",45,,0,,1,,0,
fedchoice,"Not tracked","Not tracked",38,,0,,1,,0,
"fedchoice fcu","Not tracked","Not tracked",49,,0,,1,,0,
"federal health and education credit union","Not tracked","Not tracked",78,,0,,1,,0,
"federal health credit union","Not tracked","Not tracked",65,,0,,1,,0,
"federal resource credit union","Not tracked","Not tracked",85,,0,,1,,0,
"federal third","Not tracked","Not tracked",55,,0,,1,,0,
"fedex vs fedex office","Not tracked","Not tracked",25,,0,,1,,0,
"feliciana credit union","Not tracked","Not tracked",87,,0,,1,,0,
"feliciana fcu","Not tracked","Not tracked",44,,0,,1,,0,
"feliciana federal credit union","Not tracked","Not tracked",83,,0,,1,,0,
"ferrari dealership downtown miami","Not tracked","Not tracked",89,,0,,1,,0,
"ferrari financial services miami","Not tracked","Not tracked",61,,0,,1,,0,
"ferrari of miami","Not tracked","Not tracked",99,,0,,1,,0,
"ferrari of miami service","Not tracked","Not tracked",87,,0,,1,,0,
"ferrari repair miami 33132","Not tracked","Not tracked",86,,0,,1,,0,
"ff cu","Not tracked","Not tracked",90,,0,,1,,0,
"ffb okc","Not tracked","Not tracked",52,,0,,1,,0,
ffcu,"Not tracked","Not tracked",67,,0,,1,,0,
fflorain,"Not tracked","Not tracked",50,,0,,1,,0,
"fflorain bank","Not tracked","Not tracked",57,,0,,1,,0,
"fi care","Not tracked","Not tracked",67,,0,,1,,0,
ficare,"Not tracked","Not tracked",51,,0,,1,,0,
"fidelis bank","Not tracked","Not tracked",60,,0,,1,,0,
"fidelity credit union","Not tracked","Not tracked",29,,0,,1,,0,
"fidelity investments credit rating","Not tracked","Not tracked",83,,0,,1,,0,
"fifth federal bank","Not tracked","Not tracked",87,,0,,1,,0,
"finance america mortgage llc","Not tracked","Not tracked",65,,0,,1,,0,
"finance factors","Not tracked","Not tracked",12,,0,,1,,0,
"finance factors honolulu","Not tracked","Not tracked",55,,0,,1,,0,
"finance factors liliha","Not tracked","Not tracked",78,,0,,1,,0,
"finance heights","Not tracked","Not tracked",46,,0,,1,,0,
"finance of america benji","Not tracked","Not tracked",86,,0,,1,,0,
"finance of america mortgage","Not tracked","Not tracked",65,,0,,1,,0,
"finance of america reverse homesafe reviews","Not tracked","Not tracked",66,,0,,1,,0,
"financial builders fcu","Not tracked","Not tracked",30,,0,,1,,0,
"financial builders kokomo","Not tracked","Not tracked",30,,0,,1,,0,
"financial educators federal credit union","Not tracked","Not tracked",79,,0,,1,,0,
"financial health federal credit union","Not tracked","Not tracked",54,,0,,1,,0,
"financial one mortgage corporation","Not tracked","Not tracked",88,,0,,1,,0,
"financial partners bank","Not tracked","Not tracked",56,,0,,1,,0,
"financial resources federal credit union reviews","Not tracked","Not tracked",54,,0,,1,,0,
"financial services banks","Not tracked","Not tracked",87,,0,,1,,0,
"finger lakes federal credit union","Not tracked","Not tracked",41,,0,,1,,0,
"firdt citizens bank","Not tracked","Not tracked",68,,0,,1,,0,
"fire fighter community credit union","Not tracked","Not tracked",76,,0,,1,,0,
"fire fighter first","Not tracked","Not tracked",60,,0,,1,,0,
"fire fighters credit union","Not tracked","Not tracked",85,,0,,1,,0,
"firefighter community","Not tracked","Not tracked",91,,0,,1,,0,
"firefighter community credit union","Not tracked","Not tracked",68,,0,,1,,0,
"firefighter credit","Not tracked","Not tracked",58,,0,,1,,0,
"firefighter federal credit union","Not tracked","Not tracked",85,,0,,1,,0,
"firefighters and company federal credit union","Not tracked","Not tracked",87,,0,,1,,0,
"firefighters community credit union ffccu","Not tracked","Not tracked",47,,0,,1,,0,
"firefighters credit union wellington ohio","Not tracked","Not tracked",47,,0,,1,,0,
"firefighters first credit","Not tracked","Not tracked",32,,0,,1,,0,
"firefighters first credit union auto loan rates","Not tracked","Not tracked",96,,0,,1,,0,
"firefighters first credit union mortgage rates","Not tracked","Not tracked",97,,0,,1,,0,
"firefighters first credit union reviews","Not tracked","Not tracked",62,,0,,1,,0,
"firefighters first credit union tempe","Not tracked","Not tracked",91,,0,,1,,0,
"firefighters first fcu","Not tracked","Not tracked",36,,0,,1,,0,
"firefightersfirst credit union","Not tracked","Not tracked",57,,0,,1,,0,
firefightersfirstcu,"Not tracked","Not tracked",46,,0,,1,,0,
"firemans first credit union","Not tracked","Not tracked",36,,0,,1,,0,
"firemen's credit union","Not tracked","Not tracked",83,,0,,1,,0,
"firemen's credit union metairie","Not tracked","Not tracked",45,,0,,1,,0,
"first american credit","Not tracked","Not tracked",56,,0,,1,,0,
"first bank & trust co.","Not tracked","Not tracked",86,,0,,1,,0,
"first bank alaska","Not tracked","Not tracked",17,,0,,1,,0,
"first bank and trust co","Not tracked","Not tracked",80,,0,,1,,0,
"first bank and trust online","Not tracked","Not tracked",85,,0,,1,,0,
"first bank and trust review","Not tracked","Not tracked",70,,0,,1,,0,
"first bank and trust wellston ok","Not tracked","Not tracked",85,,0,,1,,0,
"first bank boulder colorado","Not tracked","Not tracked",69,,0,,1,,0,
"first bank clinton ok","Not tracked","Not tracked",87,,0,,1,,0,
"first bank in trust","Not tracked","Not tracked",89,,0,,1,,0,
"first bank juneau","Not tracked","Not tracked",56,,0,,1,,0,
"first bank minden ne","Not tracked","Not tracked",54,,0,,1,,0,
"first bank of berne agribusiness bankers","Not tracked","Not tracked",59,,0,,1,,0,
"first bank of berne apply","Not tracked","Not tracked",67,,0,,1,,0,
"first bank of berne farmer","Not tracked","Not tracked",63,,0,,1,,0,
"first bank of berne financial consulting","Not tracked","Not tracked",74,,0,,1,,0,
"first bank of berne financing","Not tracked","Not tracked",70,,0,,1,,0,
"first bank of berne free checking","Not tracked","Not tracked",70,,0,,1,,0,
"first bank of berne investment","Not tracked","Not tracked",74,,0,,1,,0,
"first bank of colorado","Not tracked","Not tracked",52,,0,,1,,0,
"first bank of the south","Not tracked","Not tracked",97,,0,,1,,0,
"first bank of trust","Not tracked","Not tracked",93,,0,,1,,0,
"first bank trust co","Not tracked","Not tracked",83,,0,,1,,0,
"first bank utica","Not tracked","Not tracked",65,,0,,1,,0,
"first business madison wi","Not tracked","Not tracked",39,,0,,1,,0,
"first cash pawn essex md","Not tracked","Not tracked",48,,0,,1,,0,
"first centry bank","Not tracked","Not tracked",77,,0,,1,,0,
"first century bank loan","Not tracked","Not tracked",91,,0,,1,,0,
"first century bank loan status","Not tracked","Not tracked",65,,0,,1,,0,
"first century bank maryville","Not tracked","Not tracked",59,,0,,1,,0,
"first century bank maryville tn","Not tracked","Not tracked",51,,0,,1,,0,
"first century bank maynardville tn","Not tracked","Not tracked",58,,0,,1,,0,
"first century bank n","Not tracked","Not tracked",62,,0,,1,,0,
"first century bank new tazewell","Not tracked","Not tracked",59,,0,,1,,0,
"first century bank new tazewell tn","Not tracked","Not tracked",60,,0,,1,,0,
"first century bank open account online","Not tracked","Not tracked",57,,0,,1,,0,
"first century bank powell tn","Not tracked","Not tracked",53,,0,,1,,0,
"first century bank sneedville","Not tracked","Not tracked",49,,0,,1,,0,
"first century bank sneedville tn","Not tracked","Not tracked",59,,0,,1,,0,
"first century bank tennessee","Not tracked","Not tracked",49,,0,,1,,0,
"first champion credit union","Not tracked","Not tracked",36,,0,,1,,0,
"first choice credit union reviews","Not tracked","Not tracked",60,,0,,1,,0,
"first choice cu","Not tracked","Not tracked",70,,0,,1,,0,
"first choice loan","Not tracked","Not tracked",100,,0,,1,,0,
"first choice personal loan","Not tracked","Not tracked",100,,0,,1,,0,
"first citicens bank","Not tracked","Not tracked",66,,0,,1,,0,
"first citizen bank and trust company","Not tracked","Not tracked",81,,0,,1,,0,
"first citizen bank.","Not tracked","Not tracked",68,,0,,1,,0,
"first citizen banks","Not tracked","Not tracked",68,,0,,1,,0,
"first citizen's bank","Not tracked","Not tracked",64,,0,,1,,0,
"first citizens bank & trust co","Not tracked","Not tracked",64,,0,,1,,0,
"first citizens bank charles city ia","Not tracked","Not tracked",64,,0,,1,,0,
"first citizens community bank mansfield","Not tracked","Not tracked",67,,0,,1,,0,
"first citizens reviews","Not tracked","Not tracked",79,,0,,1,,0,
"first citiznes bank","Not tracked","Not tracked",42,,0,,1,,0,
"first city credit union cd rates","Not tracked","Not tracked",86,,0,,1,,0,
"first city credit union certificate of deposit","Not tracked","Not tracked",87,,0,,1,,0,
"first city credit union discounts","Not tracked","Not tracked",52,,0,,1,,0,
"first city credit union palmdale ca","Not tracked","Not tracked",51,,0,,1,,0,
"first city credit union pasadena","Not tracked","Not tracked",53,,0,,1,,0,
"first city credit union trust","Not tracked","Not tracked",87,,0,,1,,0,
"first city credit union visa","Not tracked","Not tracked",87,,0,,1,,0,
"first city savings","Not tracked","Not tracked",59,,0,,1,,0,
"first citzens bank","Not tracked","Not tracked",66,,0,,1,,0,
"first coast mortgage funding reviews","Not tracked","Not tracked",66,,0,,1,,0,
"first community bank arkansas","Not tracked","Not tracked",36,,0,,1,,0,
"first county bank fairfield ct","Not tracked","Not tracked",70,,0,,1,,0,
"first eagle credit union","Not tracked","Not tracked",77,,0,,1,,0,
"first family bank","Not tracked","Not tracked",76,,0,,1,,0,
"first family credit union okmulgee","Not tracked","Not tracked",64,,0,,1,,0,
"first family federal credit union okmulgee","Not tracked","Not tracked",54,,0,,1,,0,
"first family federal credit union okmulgee ok","Not tracked","Not tracked",61,,0,,1,,0,
"first federal bank lincolnton nc","Not tracked","Not tracked",80,,0,,1,,0,
"first federal bank of lorain","Not tracked","Not tracked",67,,0,,1,,0,
"first federal lincolnton","Not tracked","Not tracked",82,,0,,1,,0,
"first federal lincolnton nc","Not tracked","Not tracked",80,,0,,1,,0,
"first federal savings and loan lorain","Not tracked","Not tracked",49,,0,,1,,0,
"first fidelity bank auto loan payment","Not tracked","Not tracked",80,,0,,1,,0,
"first fidelity bank in oklahoma city","Not tracked","Not tracked",64,,0,,1,,0,
"first fidelity bank loan payment","Not tracked","Not tracked",69,,0,,1,,0,
"first fidelity bank nichols hills","Not tracked","Not tracked",65,,0,,1,,0,
"first fidelity bank okc","Not tracked","Not tracked",63,,0,,1,,0,
"first fidelity bank oklahoma city","Not tracked","Not tracked",59,,0,,1,,0,
"first fidelity loan payment","Not tracked","Not tracked",68,,0,,1,,0,
"first fidelity oklahoma","Not tracked","Not tracked",64,,0,,1,,0,
"first fidelity online","Not tracked","Not tracked",16,,0,,1,,0,
"first financial credit union bank","Not tracked","Not tracked",81,,0,,1,,0,
"first financial credit union loan","Not tracked","Not tracked",77,,0,,1,,0,
"first financial credit union personal loan","Not tracked","Not tracked",79,,0,,1,,0,
"first financial credit union rates","Not tracked","Not tracked",75,,0,,1,,0,
"first financial cu","Not tracked","Not tracked",82,,0,,1,,0,
"first firefighters credit union","Not tracked","Not tracked",56,,0,,1,,0,
"first fl cu","Not tracked","Not tracked",81,,0,,1,,0,
"first florida credit","Not tracked","Not tracked",56,,0,,1,,0,
"first florida financial","Not tracked","Not tracked",93,,0,,1,,0,
"first imperial credit union bank","Not tracked","Not tracked",46,,0,,1,,0,
"first imperial credit union el centro california","Not tracked","Not tracked",93,,0,,1,,0,
"first imperial credit union review","Not tracked","Not tracked",29,,0,,1,,0,
"first independence bank review","Not tracked","Not tracked",28,,0,,1,,0,
"first jackson bank stevenson","Not tracked","Not tracked",79,,0,,1,,0,
"first lockhart","Not tracked","Not tracked",47,,0,,1,,0,
"first lockhart bank","Not tracked","Not tracked",56,,0,,1,,0,
"first lockhart national bank lockhart tx","Not tracked","Not tracked",51,,0,,1,,0,
"first mercury financial corporation","Not tracked","Not tracked",68,,0,,1,,0,
"first mid america","Not tracked","Not tracked",34,,0,,1,,0,
"first midamerica","Not tracked","Not tracked",39,,0,,1,,0,
"first midamerica credit union","Not tracked","Not tracked",27,,0,,1,,0,
"first national bank burleson","Not tracked","Not tracked",66,,0,,1,,0,
"first national bank fort stockton","Not tracked","Not tracked",61,,0,,1,,0,
"first national bank fort stockton texas","Not tracked","Not tracked",77,,0,,1,,0,
"first national bank greenville il","Not tracked","Not tracked",79,,0,,1,,0,
"first national bank in burleson","Not tracked","Not tracked",66,,0,,1,,0,
"first national bank moody","Not tracked","Not tracked",78,,0,,1,,0,
"first national bank moody tx","Not tracked","Not tracked",76,,0,,1,,0,
"first national bank of burleson texas","Not tracked","Not tracked",71,,0,,1,,0,
"first national bank of manning","Not tracked","Not tracked",86,,0,,1,,0,
"first national bank of virginia","Not tracked","Not tracked",98,,0,,1,,0,
"first national bank oglesby","Not tracked","Not tracked",93,,0,,1,,0,
"first national bank ok","Not tracked","Not tracked",66,,0,,1,,0,
"first national bank oklahoma city ok","Not tracked","Not tracked",68,,0,,1,,0,
"first national bank philip","Not tracked","Not tracked",52,,0,,1,,0,
"first national bank philip sd","Not tracked","Not tracked",56,,0,,1,,0,
"first national bank ponca city","Not tracked","Not tracked",74,,0,,1,,0,
"first national bank vandalia illinois","Not tracked","Not tracked",99,,0,,1,,0,
"first national burleson","Not tracked","Not tracked",66,,0,,1,,0,
"first northern cu","Not tracked","Not tracked",29,,0,,1,,0,
"first ohio community","Not tracked","Not tracked",43,,0,,1,,0,
"first ohio community credit union","Not tracked","Not tracked",41,,0,,1,,0,
"first ohio federal credit union","Not tracked","Not tracked",38,,0,,1,,0,
"first pacific financial reviews","Not tracked","Not tracked",70,,0,,1,,0,
"first security bank and trust charles city iowa","Not tracked","Not tracked",68,,0,,1,,0,
"first security bank deer lodge mt","Not tracked","Not tracked",64,,0,,1,,0,
"first security bank hampton","Not tracked","Not tracked",61,,0,,1,,0,
"first security bank iowa","Not tracked","Not tracked",65,,0,,1,,0,
"first security bank manly iowa","Not tracked","Not tracked",63,,0,,1,,0,
"first security bank of deer lodge mt","Not tracked","Not tracked",95,,0,,1,,0,
"first security bank of washington","Not tracked","Not tracked",47,,0,,1,,0,
"first security bank riceville iowa","Not tracked","Not tracked",73,,0,,1,,0,
"first security bank rockford iowa","Not tracked","Not tracked",67,,0,,1,,0,
"first sentinel bank richlands","Not tracked","Not tracked",50,,0,,1,,0,
"first sentinel bank richlands va phone number","Not tracked","Not tracked",59,,0,,1,,0,
"first south federal credit union","Not tracked","Not tracked",57,,0,,1,,0,
"first south financial","Not tracked","Not tracked",50,,0,,1,,0,
"first southern bank eldorado il","Not tracked","Not tracked",49,,0,,1,,0,
"first southern bank herrin il","Not tracked","Not tracked",36,,0,,1,,0,
"first southern bank stevenson al","Not tracked","Not tracked",60,,0,,1,,0,
"first southern state bank centre al","Not tracked","Not tracked",63,,0,,1,,0,
"first southern state bank stevenson","Not tracked","Not tracked",58,,0,,1,,0,
"first southern state bank stevenson alabama","Not tracked","Not tracked",70,,0,,1,,0,
"first state bank abernathy","Not tracked","Not tracked",71,,0,,1,,0,
"first state bank beaumont tx","Not tracked","Not tracked",86,,0,,1,,0,
"first state bank buxton nd","Not tracked","Not tracked",79,,0,,1,,0,
"first state bank dalhart","Not tracked","Not tracked",71,,0,,1,,0,
"first state bank dalhart tx","Not tracked","Not tracked",80,,0,,1,,0,
"first state bank haskell","Not tracked","Not tracked",68,,0,,1,,0,
"first state bank hill city kansas","Not tracked","Not tracked",60,,0,,1,,0,
"first state bank hoxie","Not tracked","Not tracked",58,,0,,1,,0,
"first state bank hoxie ks","Not tracked","Not tracked",59,,0,,1,,0,
"first state bank livingston texas","Not tracked","Not tracked",76,,0,,1,,0,
"first state bank nd","Not tracked","Not tracked",69,,0,,1,,0,
"first state bank norton kansas","Not tracked","Not tracked",71,,0,,1,,0,
"first state bank of livingston texas","Not tracked","Not tracked",79,,0,,1,,0,
"first state bank of norton","Not tracked","Not tracked",100,,0,,1,,0,
"first state bank of the south winfield al","Not tracked","Not tracked",65,,0,,1,,0,
"first state bank plainville","Not tracked","Not tracked",69,,0,,1,,0,
"first state bank plainville ks","Not tracked","Not tracked",64,,0,,1,,0,
"first state bank portland nd","Not tracked","Not tracked",80,,0,,1,,0,
"first state bank shepherd","Not tracked","Not tracked",81,,0,,1,,0,
"first state bank stamford","Not tracked","Not tracked",82,,0,,1,,0,
"first state bank stamford tx","Not tracked","Not tracked",73,,0,,1,,0,
"first state bank thompson nd","Not tracked","Not tracked",66,,0,,1,,0,
"first trust and bank","Not tracked","Not tracked",81,,0,,1,,0,
"first trust bank","Not tracked","Not tracked",88,,0,,1,,0,
"first trust bank jenkintown","Not tracked","Not tracked",72,,0,,1,,0,
"first trust bank philadelphia pa","Not tracked","Not tracked",44,,0,,1,,0,
"first trust bank southampton pa","Not tracked","Not tracked",57,,0,,1,,0,
"first trust credit union wheatfield indiana","Not tracked","Not tracked",68,,0,,1,,0,
"first union finance","Not tracked","Not tracked",96,,0,,1,,0,
"first united bank & trust hagerstown md","Not tracked","Not tracked",48,,0,,1,,0,
"first united bank and trust maryland","Not tracked","Not tracked",58,,0,,1,,0,
"first united bank and trust mortgage","Not tracked","Not tracked",84,,0,,1,,0,
"first united bank and trust oakland maryland","Not tracked","Not tracked",67,,0,,1,,0,
"first united bank and trust oklahoma","Not tracked","Not tracked",59,,0,,1,,0,
"first united bank oakland md","Not tracked","Not tracked",68,,0,,1,,0,
"first united bank services","Not tracked","Not tracked",69,,0,,1,,0,
"first united corporation","Not tracked","Not tracked",95,,0,,1,,0,
"first united durant","Not tracked","Not tracked",55,,0,,1,,0,
"first united oakland md","Not tracked","Not tracked",69,,0,,1,,0,
"first western federal savings bank","Not tracked","Not tracked",51,,0,,1,,0,
first+citizens+bank,"Not tracked","Not tracked",66,,0,,1,,0,
"first-citizens bank","Not tracked","Not tracked",67,,0,,1,,0,
"first-lockhart national bank","Not tracked","Not tracked",52,,0,,1,,0,
firstarbank,"Not tracked","Not tracked",83,,0,,1,,0,
"firstbank & trust","Not tracked","Not tracked",72,,0,,1,,0,
"firstbank holding co","Not tracked","Not tracked",67,,0,,1,,0,
"firstbank holdings","Not tracked","Not tracked",80,,0,,1,,0,
"firstbank ketchikan","Not tracked","Not tracked",18,,0,,1,,0,
"firstbank lakewood","Not tracked","Not tracked",69,,0,,1,,0,
firstbankandtrust,"Not tracked","Not tracked",85,,0,,1,,0,
firstbanktrust,"Not tracked","Not tracked",100,,0,,1,,0,
firstcitizenbank,"Not tracked","Not tracked",67,,0,,1,,0,
firstcity,"Not tracked","Not tracked",70,,0,,1,,0,
firstcommercebank,"Not tracked","Not tracked",90,,0,,1,,0,
firstfedlorain,"Not tracked","Not tracked",58,,0,,1,,0,
firstflorida,"Not tracked","Not tracked",87,,0,,1,,0,
firstohio,"Not tracked","Not tracked",44,,0,,1,,0,
"firstrust bank conshohocken","Not tracked","Not tracked",46,,0,,1,,0,
"firstrust bank conshohocken pa","Not tracked","Not tracked",53,,0,,1,,0,
"firstsouth bank","Not tracked","Not tracked",57,,0,,1,,0,
"firsttrust bank","Not tracked","Not tracked",77,,0,,1,,0,
firstunitedbank,"Not tracked","Not tracked",57,,0,,1,,0,
firstunitedbankandtrust,"Not tracked","Not tracked",71,,0,,1,,0,
fitzimons,"Not tracked","Not tracked",58,,0,,1,,0,
"fitzsimons fcu","Not tracked","Not tracked",33,,0,,1,,0,
"five star credit builder","Not tracked","Not tracked",82,,0,,1,,0,
"five star credit union","Not tracked","Not tracked",85,,0,,1,,0,
"five star credit union mount pleasant iowa","Not tracked","Not tracked",60,,0,,1,,0,
"fix credit reviews","Not tracked","Not tracked",74,,0,,1,,0,
"fixed income auto title loan glendale","Not tracked","Not tracked",83,,0,,1,,0,
"fl central cu","Not tracked","Not tracked",57,,0,,1,,0,
"flamingo and jones","Not tracked","Not tracked",62,,0,,1,,0,
"flamingo jones plaza","Not tracked","Not tracked",85,,0,,1,,0,
"flexibility capital reviews","Not tracked","Not tracked",49,,0,,1,,0,
"flexibility loan","Not tracked","Not tracked",85,,0,,1,,0,
flfcu,"Not tracked","Not tracked",48,,0,,1,,0,
"flfcu geneva ny","Not tracked","Not tracked",36,,0,,1,,0,
"florida business development corp","Not tracked","Not tracked",50,,0,,1,,0,
"florida community first credit union","Not tracked","Not tracked",67,,0,,1,,0,
floridacentral,"Not tracked","Not tracked",52,,0,,1,,0,
"fnb community bank midwest city","Not tracked","Not tracked",34,,0,,1,,0,
"fnb fort stockton","Not tracked","Not tracked",59,,0,,1,,0,
"fnb greenville il","Not tracked","Not tracked",61,,0,,1,,0,
"fnb vandalia","Not tracked","Not tracked",60,,0,,1,,0,
"fnbsc banking","Not tracked","Not tracked",55,,0,,1,,0,
"for financial","Not tracked","Not tracked",81,,0,,1,,0,
"for members only","Not tracked","Not tracked",92,,0,,1,,0,
"fora credit","Not tracked","Not tracked",60,,0,,1,,0,
"fora financial business loans","Not tracked","Not tracked",38,,0,,1,,0,
"fora financing","Not tracked","Not tracked",66,,0,,1,,0,
"fora loan","Not tracked","Not tracked",55,,0,,1,,0,
forafinancial,"Not tracked","Not tracked",69,,0,,1,,0,
"foreign currency exchange services carol stream","Not tracked","Not tracked",56,,0,,1,,0,
"forge fcu","Not tracked","Not tracked",79,,0,,1,,0,
"formation credit management","Not tracked","Not tracked",70,,0,,1,,0,
"formation credit union baton rouge","Not tracked","Not tracked",42,,0,,1,,0,
"formation federal credit union","Not tracked","Not tracked",44,,0,,1,,0,
"fort atkinson credit union","Not tracked","Not tracked",29,,0,,1,,0,
"fort community","Not tracked","Not tracked",47,,0,,1,,0,
"fort community bank","Not tracked","Not tracked",35,,0,,1,,0,
"fort financial fort wayne","Not tracked","Not tracked",38,,0,,1,,0,
"fort sill federal credit","Not tracked","Not tracked",27,,0,,1,,0,
"fort sill federal credit union locations","Not tracked","Not tracked",51,,0,,1,,0,
"fort sill federal cu","Not tracked","Not tracked",37,,0,,1,,0,
"fort stockton first national bank","Not tracked","Not tracked",57,,0,,1,,0,
"forte bank hartford wisconsin","Not tracked","Not tracked",32,,0,,1,,0,
"forte bank wi","Not tracked","Not tracked",30,,0,,1,,0,
"fortes bank","Not tracked","Not tracked",73,,0,,1,,0,
"forward bank park falls","Not tracked","Not tracked",41,,0,,1,,0,
"forward bank park falls wi","Not tracked","Not tracked",38,,0,,1,,0,
"forward banking","Not tracked","Not tracked",40,,0,,1,,0,
forwardbank,"Not tracked","Not tracked",42,,0,,1,,0,
"foundation credit union","Not tracked","Not tracked",22,,0,,1,,0,
"foundation for credit counseling","Not tracked","Not tracked",59,,0,,1,,0,
"founder federal credit union","Not tracked","Not tracked",65,,0,,1,,0,
"founders credit union monroe nc","Not tracked","Not tracked",46,,0,,1,,0,
"founders federal credit union reviews","Not tracked","Not tracked",80,,0,,1,,0,
"four leaf bank","Not tracked","Not tracked",46,,0,,1,,0,
"four leaf credit union","Not tracked","Not tracked",43,,0,,1,,0,
"four leaves bank","Not tracked","Not tracked",50,,0,,1,,0,
"four season federal credit union","Not tracked","Not tracked",46,,0,,1,,0,
"four seasons bank","Not tracked","Not tracked",53,,0,,1,,0,
"four seasons fcu","Not tracked","Not tracked",39,,0,,1,,0,
"four-leaf credit union","Not tracked","Not tracked",38,,0,,1,,0,
"fourleaf credit","Not tracked","Not tracked",41,,0,,1,,0,
"fourleaf credit union","Not tracked","Not tracked",42,,0,,1,,0,
"fourleaf federal credit union new york","Not tracked","Not tracked",55,,0,,1,,0,
"fourleaf federal credit union reviews","Not tracked","Not tracked",61,,0,,1,,0,
fowlerstatebank,"Not tracked","Not tracked",65,,0,,1,,0,
"fox communities credit union oshkosh","Not tracked","Not tracked",39,,0,,1,,0,
"franklin state bank in winnsboro louisiana","Not tracked","Not tracked",79,,0,,1,,0,
"franklin state bank winnsboro","Not tracked","Not tracked",66,,0,,1,,0,
"franklin state bank winnsboro la","Not tracked","Not tracked",64,,0,,1,,0,
"franklin state bank wisner la","Not tracked","Not tracked",34,,0,,1,,0,
"freedom bank of virginia","Not tracked","Not tracked",38,,0,,1,,0,
"freedom credit union chicopee","Not tracked","Not tracked",49,,0,,1,,0,
"freedom of maryland fcu financial service","Not tracked","Not tracked",45,,0,,1,,0,
"freedom of maryland federal credit union fee","Not tracked","Not tracked",37,,0,,1,,0,
"freedom of maryland federal credit union harford countys better way to bank","Not tracked","Not tracked",52,,0,,1,,0,
"freemont bank","Not tracked","Not tracked",41,,0,,1,,0,
"freestone credit union fairfield tx","Not tracked","Not tracked",61,,0,,1,,0,
"fremint bank","Not tracked","Not tracked",40,,0,,1,,0,
"fremont babk","Not tracked","Not tracked",41,,0,,1,,0,
"fremont bamk","Not tracked","Not tracked",41,,0,,1,,0,
"fremont bancorporation","Not tracked","Not tracked",39,,0,,1,,0,
"fremont bank asset size","Not tracked","Not tracked",47,,0,,1,,0,
"fremont bank ca","Not tracked","Not tracked",37,,0,,1,,0,
"fremont bank california","Not tracked","Not tracked",35,,0,,1,,0,
"fremont bank dublin","Not tracked","Not tracked",72,,0,,1,,0,
"fremont bank fremont","Not tracked","Not tracked",46,,0,,1,,0,
"fremont bank hayward","Not tracked","Not tracked",61,,0,,1,,0,
"fremont bank headquarters","Not tracked","Not tracked",98,,0,,1,,0,
"fremont bank home loans","Not tracked","Not tracked",29,,0,,1,,0,
"fremont bank in fremont ca","Not tracked","Not tracked",60,,0,,1,,0,
"fremont bank loan","Not tracked","Not tracked",30,,0,,1,,0,
"fremont bank logo","Not tracked","Not tracked",48,,0,,1,,0,
"fremont bank newark ca","Not tracked","Not tracked",80,,0,,1,,0,
"fremont bank oakland","Not tracked","Not tracked",52,,0,,1,,0,
"fremont bank products","Not tracked","Not tracked",29,,0,,1,,0,
"fremont bank reviews","Not tracked","Not tracked",54,,0,,1,,0,
"fremont bank san ramon","Not tracked","Not tracked",45,,0,,1,,0,
"fremont bank union city","Not tracked","Not tracked",37,,0,,1,,0,
"fremont bank union city ca","Not tracked","Not tracked",40,,0,,1,,0,
"fremont bank website","Not tracked","Not tracked",27,,0,,1,,0,
"fremont bank.com","Not tracked","Not tracked",30,,0,,1,,0,
"fremont bnak","Not tracked","Not tracked",41,,0,,1,,0,
"fremont ca bank","Not tracked","Not tracked",61,,0,,1,,0,
"frist citizen bank","Not tracked","Not tracked",69,,0,,1,,0,
"fry's money order fee","Not tracked","Not tracked",40,,0,,1,,0,
"fsb abernathy","Not tracked","Not tracked",17,,0,,1,,0,
"ft sill fcu","Not tracked","Not tracked",39,,0,,1,,0,
"ft sill federal credit union","Not tracked","Not tracked",36,,0,,1,,0,
"funding first reviews","Not tracked","Not tracked",44,,0,,1,,0,
"furst citizens bank","Not tracked","Not tracked",66,,0,,1,,0,
"fusion bank banking","Not tracked","Not tracked",64,,0,,1,,0,
"future mortgage","Not tracked","Not tracked",79,,0,,1,,0,
"futurepdlo.com owner","Not tracked","Not tracked",4,,0,,1,,0,
"ga auto pawn","Not tracked","Not tracked",40,,0,,1,,0,
"ga power federal credit union","Not tracked","Not tracked",81,,0,,1,,0,
"ga title pawn","Not tracked","Not tracked",48,,0,,1,,0,
"gad capital loans","Not tracked","Not tracked",52,,0,,1,,0,
"garden city golden plains","Not tracked","Not tracked",38,,0,,1,,0,
"garden city pawn","Not tracked","Not tracked",63,,0,,1,,0,
"garden city pawn shop","Not tracked","Not tracked",66,,0,,1,,0,
"garden city pawn shops","Not tracked","Not tracked",65,,0,,1,,0,
"garden federal credit union","Not tracked","Not tracked",55,,0,,1,,0,
"garden savings federal","Not tracked","Not tracked",20,,0,,1,,0,
"garden savings federal cu","Not tracked","Not tracked",45,,0,,1,,0,
gardensavings,"Not tracked","Not tracked",57,,0,,1,,0,
"gateway bank","Not tracked","Not tracked",76,,0,,1,,0,
"gateway to housing","Not tracked","Not tracked",89,,0,,1,,0,
gatewaybank,"Not tracked","Not tracked",67,,0,,1,,0,
"gbc finance co","Not tracked","Not tracked",55,,0,,1,,0,
"gbc finance reviews","Not tracked","Not tracked",61,,0,,1,,0,
"gbc loan","Not tracked","Not tracked",55,,0,,1,,0,
gecu,"Not tracked","Not tracked",67,,0,,1,,0,
"gecu credit union","Not tracked","Not tracked",66,,0,,1,,0,
"gecu meaning","Not tracked","Not tracked",69,,0,,1,,0,
"gecu name","Not tracked","Not tracked",99,,0,,1,,0,
gecu-ep,"Not tracked","Not tracked",53,,0,,1,,0,
gecyu,"Not tracked","Not tracked",89,,0,,1,,0,
"gem and loan beverly hills","Not tracked","Not tracked",100,,0,,1,,0,
"generation bank","Not tracked","Not tracked",74,,0,,1,,0,
"generations bank hampton ar","Not tracked","Not tracked",58,,0,,1,,0,
"generations bank hampton arkansas","Not tracked","Not tracked",65,,0,,1,,0,
"genesee credit union","Not tracked","Not tracked",69,,0,,1,,0,
"genesis bank benoit ms","Not tracked","Not tracked",21,,0,,1,,0,
"genesis banking","Not tracked","Not tracked",74,,0,,1,,0,
"genesis credit union","Not tracked","Not tracked",34,,0,,1,,0,
"gensis bank","Not tracked","Not tracked",72,,0,,1,,0,
"georgia associated credit union","Not tracked","Not tracked",17,,0,,1,,0,
"georgia auto pawn","Not tracked","Not tracked",35,,0,,1,,0,
"georgia auto pawn fulton industrial","Not tracked","Not tracked",85,,0,,1,,0,
"georgia community credit union","Not tracked","Not tracked",59,,0,,1,,0,
"georgia credit union atlanta","Not tracked","Not tracked",38,,0,,1,,0,
"georgia power credit union","Not tracked","Not tracked",22,,0,,1,,0,
"georgia united","Not tracked","Not tracked",46,,0,,1,,0,
"georgia united bank","Not tracked","Not tracked",40,,0,,1,,0,
"georgia united credit union card","Not tracked","Not tracked",73,,0,,1,,0,
"georgia united credit union money","Not tracked","Not tracked",58,,0,,1,,0,
"georgia united credit union rates","Not tracked","Not tracked",66,,0,,1,,0,
"georgia's own mortgage calculator","Not tracked","Not tracked",64,,0,,1,,0,
"geovista near me","Not tracked","Not tracked",46,,0,,1,,0,
"gesa credit union washington","Not tracked","Not tracked",41,,0,,1,,0,
"get appointed with sagesure","Not tracked","Not tracked",71,,0,,1,,0,
"gf national bank online","Not tracked","Not tracked",36,,0,,1,,0,
"gfcu bank","Not tracked","Not tracked",74,,0,,1,,0,
"gha housing","Not tracked","Not tracked",83,,0,,1,,0,
"gk united","Not tracked","Not tracked",75,,0,,1,,0,
"gl9bal credit union","Not tracked","Not tracked",56,,0,,1,,0,
"glen falls national bank and trust","Not tracked","Not tracked",50,,0,,1,,0,
"glendale federal","Not tracked","Not tracked",53,,0,,1,,0,
"glendale federal credit union","Not tracked","Not tracked",49,,0,,1,,0,
"glenfalls national bank","Not tracked","Not tracked",41,,0,,1,,0,
"glenns falls national bank","Not tracked","Not tracked",37,,0,,1,,0,
"glens falls national bank auto loan","Not tracked","Not tracked",66,,0,,1,,0,
"glens falls national bank mortgage rates","Not tracked","Not tracked",57,,0,,1,,0,
"glensfalls national bank","Not tracked","Not tracked",37,,0,,1,,0,
"glenwood state bank alexandria mn","Not tracked","Not tracked",48,,0,,1,,0,
"glenwood state bank glenwood mn","Not tracked","Not tracked",56,,0,,1,,0,
glenwoodstatebank,"Not tracked","Not tracked",67,,0,,1,,0,
"gloabl credit union","Not tracked","Not tracked",61,,0,,1,,0,
"global credit payment","Not tracked","Not tracked",56,,0,,1,,0,
"global credit solution","Not tracked","Not tracked",78,,0,,1,,0,
"global credit union application status","Not tracked","Not tracked",43,,0,,1,,0,
"global credit union bank","Not tracked","Not tracked",41,,0,,1,,0,
"global credit union client","Not tracked","Not tracked",79,,0,,1,,0,
"global credit union credit card","Not tracked","Not tracked",83,,0,,1,,0,
"global credit union credit card application","Not tracked","Not tracked",64,,0,,1,,0,
"global credit union debit card","Not tracked","Not tracked",75,,0,,1,,0,
"global credit union gcu","Not tracked","Not tracked",70,,0,,1,,0,
"global credit union get a quote","Not tracked","Not tracked",73,,0,,1,,0,
"global credit union loans","Not tracked","Not tracked",74,,0,,1,,0,
"global credit union merchant services","Not tracked","Not tracked",84,,0,,1,,0,
"global credit union online banking","Not tracked","Not tracked",38,,0,,1,,0,
"global credit union open an account","Not tracked","Not tracked",83,,0,,1,,0,
"global credit union pre approval","Not tracked","Not tracked",71,,0,,1,,0,
"global credit union tempe","Not tracked","Not tracked",54,,0,,1,,0,
"global credit union tucson","Not tracked","Not tracked",42,,0,,1,,0,
"global credit union verification","Not tracked","Not tracked",72,,0,,1,,0,
"global credit ynion","Not tracked","Not tracked",61,,0,,1,,0,
"global cu rates","Not tracked","Not tracked",43,,0,,1,,0,
"global federal credit union phoenix","Not tracked","Not tracked",54,,0,,1,,0,
"global innovation bank","Not tracked","Not tracked",40,,0,,1,,0,
"global. credit union","Not tracked","Not tracked",58,,0,,1,,0,
global.credit.union,"Not tracked","Not tracked",44,,0,,1,,0,
"globalcu.org account","Not tracked","Not tracked",79,,0,,1,,0,
"globo bank","Not tracked","Not tracked",70,,0,,1,,0,
"gnb banking centers","Not tracked","Not tracked",60,,0,,1,,0,
"go bank free atm","Not tracked","Not tracked",71,,0,,1,,0,
"go rascal","Not tracked","Not tracked",70,,0,,1,,0,
"go rascal mortgage reviews","Not tracked","Not tracked",79,,0,,1,,0,
"gobank atm","Not tracked","Not tracked",65,,0,,1,,0,
"gold loan mesa","Not tracked","Not tracked",66,,0,,1,,0,
"gold rush store","Not tracked","Not tracked",82,,0,,1,,0,
"golden oak lending","Not tracked","Not tracked",46,,0,,1,,0,
"golden plains credit union garden city ks","Not tracked","Not tracked",44,,0,,1,,0,
"golden plains credit union ks","Not tracked","Not tracked",43,,0,,1,,0,
"golden plains garden city ks","Not tracked","Not tracked",49,,0,,1,,0,
"golden sack bank","Not tracked","Not tracked",59,,0,,1,,0,
"golden tree capital","Not tracked","Not tracked",97,,0,,1,,0,
"goldentree asset management","Not tracked","Not tracked",100,,0,,1,,0,
"goldentree asset management new york","Not tracked","Not tracked",89,,0,,1,,0,
"goldman and sachs bank","Not tracked","Not tracked",75,,0,,1,,0,
"goldman banking","Not tracked","Not tracked",77,,0,,1,,0,
"goldman sachs banks","Not tracked","Not tracked",85,,0,,1,,0,
"goldsach bank","Not tracked","Not tracked",74,,0,,1,,0,
golombard,"Not tracked","Not tracked",77,,0,,1,,0,
"good funding llc","Not tracked","Not tracked",63,,0,,1,,0,
"good lending","Not tracked","Not tracked",100,,0,,1,,0,
"goodfield state bank metamora il","Not tracked","Not tracked",46,,0,,1,,0,
"goodfield state bank routing number","Not tracked","Not tracked",45,,0,,1,,0,
gorascal,"Not tracked","Not tracked",63,,0,,1,,0,
"government printing office fcu","Not tracked","Not tracked",40,,0,,1,,0,
"government printing office federal credit union","Not tracked","Not tracked",40,,0,,1,,0,
grafcu,"Not tracked","Not tracked",59,,0,,1,,0,
"grand ridge national bank","Not tracked","Not tracked",42,,0,,1,,0,
"grand river check cashing","Not tracked","Not tracked",67,,0,,1,,0,
"great falls neighborworks","Not tracked","Not tracked",54,,0,,1,,0,
"great lakes credit union north chicago","Not tracked","Not tracked",30,,0,,1,,0,
"great lakes federal credit union birch run","Not tracked","Not tracked",40,,0,,1,,0,
"great western bank rapid city","Not tracked","Not tracked",78,,0,,1,,0,
"greater credit union","Not tracked","Not tracked",81,,0,,1,,0,
"greater houston federal credit union","Not tracked","Not tracked",61,,0,,1,,0,
"greater pittsburgh fcu","Not tracked","Not tracked",58,,0,,1,,0,
"greater texas","Not tracked","Not tracked",48,,0,,1,,0,
"greater wayne credit union","Not tracked","Not tracked",69,,0,,1,,0,
"green belt bank and trust","Not tracked","Not tracked",51,,0,,1,,0,
"greenbelt bank and trust iowa falls iowa","Not tracked","Not tracked",57,,0,,1,,0,
"greenbelt bank grundy center iowa","Not tracked","Not tracked",53,,0,,1,,0,
"greeneville federal","Not tracked","Not tracked",67,,0,,1,,0,
"greenfield banking company greenfield tennessee","Not tracked","Not tracked",80,,0,,1,,0,
"greenlight atm","Not tracked","Not tracked",71,,0,,1,,0,
"greenlight atms","Not tracked","Not tracked",74,,0,,1,,0,
"greensboro housing authority","Not tracked","Not tracked",42,,0,,1,,0,
"greensboro housing authority ga","Not tracked","Not tracked",61,,0,,1,,0,
"greenville federal heritage credit union","Not tracked","Not tracked",47,,0,,1,,0,
"greenville heritage f.c.u.","Not tracked","Not tracked",46,,0,,1,,0,
"greenville heritage federal credit","Not tracked","Not tracked",43,,0,,1,,0,
"greenville heritage federal credit union simpsonville","Not tracked","Not tracked",43,,0,,1,,0,
"greenville heritage simpsonville","Not tracked","Not tracked",44,,0,,1,,0,
"greenville national bank bradford","Not tracked","Not tracked",83,,0,,1,,0,
"greenville national bank locations","Not tracked","Not tracked",76,,0,,1,,0,
"greenville national bank versailles ohio","Not tracked","Not tracked",69,,0,,1,,0,
"greenwoods equipment finance","Not tracked","Not tracked",38,,0,,1,,0,
"grundy national bank","Not tracked","Not tracked",77,,0,,1,,0,
"gs bank","Not tracked","Not tracked",36,,0,,1,,0,
"gs bank usa","Not tracked","Not tracked",77,,0,,1,,0,
"gta financial","Not tracked","Not tracked",65,,0,,1,,0,
"gte fin","Not tracked","Not tracked",41,,0,,1,,0,
"gtefcu financial","Not tracked","Not tracked",40,,0,,1,,0,
"guaranteed sba loan","Not tracked","Not tracked",95,,0,,1,,0,
"guaranteed sba loans","Not tracked","Not tracked",98,,0,,1,,0,
"guaranty bank belzoni mississippi","Not tracked","Not tracked",58,,0,,1,,0,
"guaranty bank greenwood ms","Not tracked","Not tracked",52,,0,,1,,0,
"guaranty bank mississippi","Not tracked","Not tracked",49,,0,,1,,0,
"guardian credit union car loan rates","Not tracked","Not tracked",76,,0,,1,,0,
"guardian credit union interest rates","Not tracked","Not tracked",68,,0,,1,,0,
"gucu atlanta","Not tracked","Not tracked",30,,0,,1,,0,
"guide to credit score","Not tracked","Not tracked",96,,0,,1,,0,
"gulf coast capital reviews","Not tracked","Not tracked",84,,0,,1,,0,
"gulf coast community bank","Not tracked","Not tracked",62,,0,,1,,0,
"gulf coast community fcu","Not tracked","Not tracked",51,,0,,1,,0,
"gulf coast community federal","Not tracked","Not tracked",56,,0,,1,,0,
"gulf coast community federal credit","Not tracked","Not tracked",74,,0,,1,,0,
"gulf coast community federal credit union gulfport","Not tracked","Not tracked",47,,0,,1,,0,
"gulf coast community federal credit union gulfport mississippi","Not tracked","Not tracked",61,,0,,1,,0,
"gulf coast community federal credit union gulfport ms","Not tracked","Not tracked",47,,0,,1,,0,
"gulf coast credit union gulfport ms","Not tracked","Not tracked",50,,0,,1,,0,
"gulf coast federal credit union","Not tracked","Not tracked",64,,0,,1,,0,
"gulf island credit","Not tracked","Not tracked",82,,0,,1,,0,
"gulf wind bank","Not tracked","Not tracked",43,,0,,1,,0,
"gulf wind credit union","Not tracked","Not tracked",45,,0,,1,,0,
"gulf winds auto loan","Not tracked","Not tracked",58,,0,,1,,0,
"gulf winds cd rates","Not tracked","Not tracked",58,,0,,1,,0,
"gulf winds checking account","Not tracked","Not tracked",47,,0,,1,,0,
"gulf winds.","Not tracked","Not tracked",36,,0,,1,,0,
"gulfcoast credit","Not tracked","Not tracked",61,,0,,1,,0,
gulfwind,"Not tracked","Not tracked",55,,0,,1,,0,
"gulfwinds federal credit union","Not tracked","Not tracked",37,,0,,1,,0,
gulfwindscreditunion,"Not tracked","Not tracked",42,,0,,1,,0,
"gun loans phoenix","Not tracked","Not tracked",83,,0,,1,,0,
"habitat for humanity mandeville la","Not tracked","Not tracked",89,,0,,1,,0,
"habitat for humanity mandeville louisiana","Not tracked","Not tracked",98,,0,,1,,0,
"hamilton horizon credit union","Not tracked","Not tracked",57,,0,,1,,0,
"hampton roads credit union","Not tracked","Not tracked",51,,0,,1,,0,
"hapo business account","Not tracked","Not tracked",68,,0,,1,,0,
"hapo community credit union","Not tracked","Not tracked",46,,0,,1,,0,
"hapo community credit union pasco wa","Not tracked","Not tracked",68,,0,,1,,0,
"hapo credit union spokane","Not tracked","Not tracked",78,,0,,1,,0,
"hapo cu","Not tracked","Not tracked",47,,0,,1,,0,
"harco credit union","Not tracked","Not tracked",65,,0,,1,,0,
"harco federal credit union","Not tracked","Not tracked",62,,0,,1,,0,
"harco md","Not tracked","Not tracked",66,,0,,1,,0,
"harford county credit union","Not tracked","Not tracked",61,,0,,1,,0,
"hawaii law enforcement","Not tracked","Not tracked",79,,0,,1,,0,
"hca fcu","Not tracked","Not tracked",64,,0,,1,,0,
healhnet,"Not tracked","Not tracked",36,,0,,1,,0,
"healt net","Not tracked","Not tracked",89,,0,,1,,0,
"health alliance credit union","Not tracked","Not tracked",94,,0,,1,,0,
"health alliance federal credit union","Not tracked","Not tracked",89,,0,,1,,0,
"health education credit union","Not tracked","Not tracked",56,,0,,1,,0,
"health net california medi-cal","Not tracked","Not tracked",50,,0,,1,,0,
"health net inc","Not tracked","Not tracked",91,,0,,1,,0,
"health net ins","Not tracked","Not tracked",69,,0,,1,,0,
"health net llc","Not tracked","Not tracked",82,,0,,1,,0,
"health net of california inc","Not tracked","Not tracked",72,,0,,1,,0,
"health net plans","Not tracked","Not tracked",71,,0,,1,,0,
"health one credit union","Not tracked","Not tracked",89,,0,,1,,0,
"healthcare family credit union","Not tracked","Not tracked",68,,0,,1,,0,
"healthnet california","Not tracked","Not tracked",62,,0,,1,,0,
"healthnet com","Not tracked","Not tracked",58,,0,,1,,0,
"healthnet ins","Not tracked","Not tracked",67,,0,,1,,0,
"healthnet insurance california","Not tracked","Not tracked",75,,0,,1,,0,
"healthnet llc","Not tracked","Not tracked",88,,0,,1,,0,
"healthnet logo","Not tracked","Not tracked",77,,0,,1,,0,
"healthnet medical group","Not tracked","Not tracked",69,,0,,1,,0,
"healthnet of ca","Not tracked","Not tracked",47,,0,,1,,0,
"healthnet plan","Not tracked","Not tracked",78,,0,,1,,0,
healthnet.,"Not tracked","Not tracked",99,,0,,1,,0,
healthnetcalifornia,"Not tracked","Not tracked",72,,0,,1,,0,
healtnet,"Not tracked","Not tracked",93,,0,,1,,0,
"heartland c","Not tracked","Not tracked",78,,0,,1,,0,
"heartland credit union kokomo","Not tracked","Not tracked",62,,0,,1,,0,
"heartland credit union wisconsin","Not tracked","Not tracked",40,,0,,1,,0,
"hebrew free loan sf","Not tracked","Not tracked",48,,0,,1,,0,
"heights finance aurora il","Not tracked","Not tracked",70,,0,,1,,0,
"heights finance harrisburg il","Not tracked","Not tracked",80,,0,,1,,0,
"heights finance harrisburg illinois","Not tracked","Not tracked",78,,0,,1,,0,
"heights finance joliet il","Not tracked","Not tracked",62,,0,,1,,0,
"heights finance louisville","Not tracked","Not tracked",61,,0,,1,,0,
"heights finance macomb il","Not tracked","Not tracked",83,,0,,1,,0,
"heights finance mchenry","Not tracked","Not tracked",67,,0,,1,,0,
"heights finance moline il","Not tracked","Not tracked",65,,0,,1,,0,
"heights finance quincy il","Not tracked","Not tracked",74,,0,,1,,0,
"heights finance rock falls","Not tracked","Not tracked",76,,0,,1,,0,
"heights finance rock falls il","Not tracked","Not tracked",74,,0,,1,,0,
"heights finance sedalia mo","Not tracked","Not tracked",68,,0,,1,,0,
"heights financial corporation","Not tracked","Not tracked",50,,0,,1,,0,
"heights financial services","Not tracked","Not tracked",67,,0,,1,,0,
"helco federal credit union","Not tracked","Not tracked",45,,0,,1,,0,
"hello credit union","Not tracked","Not tracked",47,,0,,1,,0,
"help me build credit","Not tracked","Not tracked",85,,0,,1,,0,
"help with foreclosure portland","Not tracked","Not tracked",96,,0,,1,,0,
"heritage bank dennison","Not tracked","Not tracked",61,,0,,1,,0,
"heritage bank marion","Not tracked","Not tracked",55,,0,,1,,0,
"heritage bank na willmar","Not tracked","Not tracked",63,,0,,1,,0,
"heritage bank national association","Not tracked","Not tracked",38,,0,,1,,0,
"heritage bank northfield mn","Not tracked","Not tracked",61,,0,,1,,0,
"heritage bank sioux city","Not tracked","Not tracked",56,,0,,1,,0,
"heritage bank willmar","Not tracked","Not tracked",53,,0,,1,,0,
"heritage bank willmar minnesota","Not tracked","Not tracked",66,,0,,1,,0,
"heritage bank willmar mn","Not tracked","Not tracked",54,,0,,1,,0,
"heritage credit union auto loan rates","Not tracked","Not tracked",88,,0,,1,,0,
"heritage federal credit union auto loan rates","Not tracked","Not tracked",92,,0,,1,,0,
"heritage financial credit","Not tracked","Not tracked",69,,0,,1,,0,
"heritage financial credit union reviews","Not tracked","Not tracked",70,,0,,1,,0,
heritagebankna,"Not tracked","Not tracked",52,,0,,1,,0,
"herring bank in amarillo texas","Not tracked","Not tracked",77,,0,,1,,0,
"herring bank in vernon texas","Not tracked","Not tracked",75,,0,,1,,0,
"herring bank seymour texas","Not tracked","Not tracked",44,,0,,1,,0,
"herring bank vernon texas","Not tracked","Not tracked",61,,0,,1,,0,
"herrington bank","Not tracked","Not tracked",43,,0,,1,,0,
hfcfcu,"Not tracked","Not tracked",54,,0,,1,,0,
"hfs credit card","Not tracked","Not tracked",35,,0,,1,,0,
"hfs fcu kona","Not tracked","Not tracked",82,,0,,1,,0,
"hfs online banking","Not tracked","Not tracked",32,,0,,1,,0,
hfscu,"Not tracked","Not tracked",49,,0,,1,,0,
"hfsfcu kona","Not tracked","Not tracked",87,,0,,1,,0,
hghes,"Not tracked","Not tracked",96,,0,,1,,0,
"hi credit union membership","Not tracked","Not tracked",69,,0,,1,,0,
"high interest business loans","Not tracked","Not tracked",93,,0,,1,,0,
"high yield savings account truliant","Not tracked","Not tracked",100,,0,,1,,0,
"hill country loans","Not tracked","Not tracked",74,,0,,1,,0,
"hills bank","Not tracked","Not tracked",35,,0,,1,,0,
"hills bank and trust company","Not tracked","Not tracked",46,,0,,1,,0,
"hills bank credit card","Not tracked","Not tracked",64,,0,,1,,0,
"hills bank iowa","Not tracked","Not tracked",48,,0,,1,,0,
"hills bank logo","Not tracked","Not tracked",41,,0,,1,,0,
"hills bank marion ia","Not tracked","Not tracked",40,,0,,1,,0,
"hills bank marion iowa","Not tracked","Not tracked",38,,0,,1,,0,
"hills bank wealth management","Not tracked","Not tracked",81,,0,,1,,0,
"hock it to me pawn albuquerque","Not tracked","Not tracked",67,,0,,1,,0,
"hocking valley bank","Not tracked","Not tracked",54,,0,,1,,0,
"hocking valley bank cd rates","Not tracked","Not tracked",38,,0,,1,,0,
"home bank account opening","Not tracked","Not tracked",83,,0,,1,,0,
"home bank in martinsville indiana","Not tracked","Not tracked",86,,0,,1,,0,
"home bank martinsville in","Not tracked","Not tracked",63,,0,,1,,0,
"home bank martinsville indiana","Not tracked","Not tracked",70,,0,,1,,0,
"home bank savings account","Not tracked","Not tracked",87,,0,,1,,0,
"home federal savings and loan","Not tracked","Not tracked",72,,0,,1,,0,
"home federal savings and loan association of niles","Not tracked","Not tracked",47,,0,,1,,0,
"home loan and savings bank coshocton","Not tracked","Not tracked",82,,0,,1,,0,
"home loan bank coshocton ohio","Not tracked","Not tracked",65,,0,,1,,0,
"home loan care","Not tracked","Not tracked",34,,0,,1,,0,
"home loan coshocton ohio","Not tracked","Not tracked",71,,0,,1,,0,
"home loan inc","Not tracked","Not tracked",98,,0,,1,,0,
"home loan saving bank","Not tracked","Not tracked",80,,0,,1,,0,
"home savings and loan carrollton missouri","Not tracked","Not tracked",43,,0,,1,,0,
"home savings and loan carrollton mo","Not tracked","Not tracked",44,,0,,1,,0,
"home savings bank","Not tracked","Not tracked",84,,0,,1,,0,
"home town credit","Not tracked","Not tracked",56,,0,,1,,0,
"homebank martinsville indiana","Not tracked","Not tracked",60,,0,,1,,0,
homesfund,"Not tracked","Not tracked",13,,0,,1,,0,
"homesfund durango","Not tracked","Not tracked",60,,0,,1,,0,
"hometown cu","Not tracked","Not tracked",49,,0,,1,,0,
"hometown fcu","Not tracked","Not tracked",48,,0,,1,,0,
hometowncu,"Not tracked","Not tracked",58,,0,,1,,0,
"homewise albuquerque","Not tracked","Not tracked",43,,0,,1,,0,
"homewise mortgages","Not tracked","Not tracked",84,,0,,1,,0,
"homewise nm","Not tracked","Not tracked",49,,0,,1,,0,
"homewise, inc.","Not tracked","Not tracked",48,,0,,1,,0,
"horizons north credit union","Not tracked","Not tracked",39,,0,,1,,0,
"horizons north credit union westminster co","Not tracked","Not tracked",37,,0,,1,,0,
"hotel travel industry fcu","Not tracked","Not tracked",65,,0,,1,,0,
"housing consulting group","Not tracked","Not tracked",79,,0,,1,,0,
"houston diamond loan","Not tracked","Not tracked",76,,0,,1,,0,
"houston pawn inc","Not tracked","Not tracked",62,,0,,1,,0,
"how does a joint bank account affect credit score","Not tracked","Not tracked",90,,0,,1,,0,
"how does ace check cashing verify checks","Not tracked","Not tracked",61,,0,,1,,0,
"how does kasheesh work","Not tracked","Not tracked",56,,0,,1,,0,
"how long does it take experian boost to work","Not tracked","Not tracked",24,,0,,1,,0,
"how much does asap credit repair cost","Not tracked","Not tracked",57,,0,,1,,0,
"how much does msi credit solutions cost","Not tracked","Not tracked",77,,0,,1,,0,
"how to join nechesfcu","Not tracked","Not tracked",72,,0,,1,,0,
hrecu,"Not tracked","Not tracked",49,,0,,1,,0,
"hughes federal credit union personal loan","Not tracked","Not tracked",78,,0,,1,,0,
"huntingtonized credit union","Not tracked","Not tracked",69,,0,,1,,0,
"huntingtonized federal credit union","Not tracked","Not tracked",80,,0,,1,,0,
"huron community bank east tawas","Not tracked","Not tracked",36,,0,,1,,0,
"huron community bank harrisville","Not tracked","Not tracked",73,,0,,1,,0,
"huron community bank tawas mi","Not tracked","Not tracked",18,,0,,1,,0,
"huron community bank west branch mi","Not tracked","Not tracked",57,,0,,1,,0,
"hưng long money changer","Not tracked","Not tracked",53,,0,,1,,0,
"i deal pawn","Not tracked","Not tracked",93,,0,,1,,0,
"ia bank debit cards","Not tracked","Not tracked",92,,0,,1,,0,
"ia bank trust services","Not tracked","Not tracked",94,,0,,1,,0,
"iaa bloomington il","Not tracked","Not tracked",32,,0,,1,,0,
"iaa credit union bloomington il","Not tracked","Not tracked",26,,0,,1,,0,
"iaa credit union cd rates","Not tracked","Not tracked",72,,0,,1,,0,
"ibew 175 credit union","Not tracked","Not tracked",69,,0,,1,,0,
"ibew 697 credit union","Not tracked","Not tracked",69,,0,,1,,0,
"ibew credit union portland","Not tracked","Not tracked",65,,0,,1,,0,
"ibew fcu","Not tracked","Not tracked",94,,0,,1,,0,
"ibew federal credit union portland oregon","Not tracked","Not tracked",70,,0,,1,,0,
"ibew local 380","Not tracked","Not tracked",90,,0,,1,,0,
"ibew local 56 fcu","Not tracked","Not tracked",57,,0,,1,,0,
"ibew united workers federal credit union","Not tracked","Not tracked",46,,0,,1,,0,
"iccu mount pleasant michigan","Not tracked","Not tracked",60,,0,,1,,0,
"idaho cen","Not tracked","Not tracked",71,,0,,1,,0,
"idaho federal credit union","Not tracked","Not tracked",74,,0,,1,,0,
"idaho state credit union","Not tracked","Not tracked",73,,0,,1,,0,
"ideal jewelry and pawn","Not tracked","Not tracked",81,,0,,1,,0,
"ideal pawn bemidji minnesota","Not tracked","Not tracked",76,,0,,1,,0,
"ideal pawn photos","Not tracked","Not tracked",65,,0,,1,,0,
"idr student loan forgiveness","Not tracked","Not tracked",85,,0,,1,,0,
"ih credit union springfield ohio","Not tracked","Not tracked",43,,0,,1,,0,
"illinois currency","Not tracked","Not tracked",66,,0,,1,,0,
"illinois currency exchange chicago, il","Not tracked","Not tracked",62,,0,,1,,0,
"illinois state police credit union","Not tracked","Not tracked",50,,0,,1,,0,
"ilwu credit union hawaii","Not tracked","Not tracked",29,,0,,1,,0,
"ilwu credit union loans","Not tracked","Not tracked",15,,0,,1,,0,
"ilwu credit union wilmington ca","Not tracked","Not tracked",35,,0,,1,,0,
"in advance capital","Not tracked","Not tracked",93,,0,,1,,0,
"in advance capital reviews","Not tracked","Not tracked",49,,0,,1,,0,
"in first credit union","Not tracked","Not tracked",86,,0,,1,,0,
"incharge credit counseling","Not tracked","Not tracked",48,,0,,1,,0,
inchargedebt,"Not tracked","Not tracked",77,,0,,1,,0,
increditble,"Not tracked","Not tracked",61,,0,,1,,0,
"indiana heartland fcu","Not tracked","Not tracked",70,,0,,1,,0,
"indianapolis housing partnership","Not tracked","Not tracked",41,,0,,1,,0,
"indy gold","Not tracked","Not tracked",76,,0,,1,,0,
"indy pawn on pendleton pike","Not tracked","Not tracked",64,,0,,1,,0,
"indy pawn reviews","Not tracked","Not tracked",43,,0,,1,,0,
"infirst fcu","Not tracked","Not tracked",49,,0,,1,,0,
"infirst federal credit union","Not tracked","Not tracked",51,,0,,1,,0,
"infuze credit union cd rates","Not tracked","Not tracked",87,,0,,1,,0,
"infuze credit union lebanon mo","Not tracked","Not tracked",46,,0,,1,,0,
"infuze credit union st robert mo","Not tracked","Not tracked",56,,0,,1,,0,
"infuze credit union waynesville mo","Not tracked","Not tracked",47,,0,,1,,0,
"innovation mortgage reviews","Not tracked","Not tracked",58,,0,,1,,0,
"innovative mortgage","Not tracked","Not tracked",90,,0,,1,,0,
"innovative mortgage brokers","Not tracked","Not tracked",91,,0,,1,,0,
"innovative mortgage solutions","Not tracked","Not tracked",85,,0,,1,,0,
"inroads credit union","Not tracked","Not tracked",39,,0,,1,,0,
"inroads credit union hours","Not tracked","Not tracked",37,,0,,1,,0,
"inroads credit union st helens","Not tracked","Not tracked",20,,0,,1,,0,
"inroads credit union st helens oregon","Not tracked","Not tracked",39,,0,,1,,0,
"inroads rainier","Not tracked","Not tracked",39,,0,,1,,0,
"inroads st helens oregon","Not tracked","Not tracked",36,,0,,1,,0,
"insta loan orlando","Not tracked","Not tracked",65,,0,,1,,0,
"insta loan tampa","Not tracked","Not tracked",64,,0,,1,,0,
"instaloan brandon fl","Not tracked","Not tracked",61,,0,,1,,0,
"instaloan fowler","Not tracked","Not tracked",67,,0,,1,,0,
"instaloan hialeah","Not tracked","Not tracked",32,,0,,1,,0,
"instaloan miami","Not tracked","Not tracked",69,,0,,1,,0,
"instaloan orlando","Not tracked","Not tracked",58,,0,,1,,0,
"instaloan orlando fl","Not tracked","Not tracked",72,,0,,1,,0,
"instaloan title loans st petersburg reviews","Not tracked","Not tracked",42,,0,,1,,0,
"instaloan west colonial","Not tracked","Not tracked",74,,0,,1,,0,
"insurance upmc","Not tracked","Not tracked",44,,0,,1,,0,
"integrated credit services","Not tracked","Not tracked",98,,0,,1,,0,
"integrity bank fowler ks","Not tracked","Not tracked",37,,0,,1,,0,
"integrity bank meade ks","Not tracked","Not tracked",36,,0,,1,,0,
"integrity bank montezuma ks","Not tracked","Not tracked",49,,0,,1,,0,
"interbank client","Not tracked","Not tracked",58,,0,,1,,0,
intercambioexpress,"Not tracked","Not tracked",44,,0,,1,,0,
"intercap pricing","Not tracked","Not tracked",40,,0,,1,,0,
"interfaith credit union","Not tracked","Not tracked",50,,0,,1,,0,
"intermex international money express","Not tracked","Not tracked",43,,0,,1,,0,
"international harvester bank","Not tracked","Not tracked",40,,0,,1,,0,
"international harvester credit union","Not tracked","Not tracked",36,,0,,1,,0,
internationalites,"Not tracked","Not tracked",18,,0,,1,,0,
"interstate bank amarillo tx","Not tracked","Not tracked",49,,0,,1,,0,
"interstate cu","Not tracked","Not tracked",64,,0,,1,,0,
"intesa sanpaolo new york branch","Not tracked","Not tracked",43,,0,,1,,0,
intrepidcu,"Not tracked","Not tracked",64,,0,,1,,0,
"invest tech credit union","Not tracked","Not tracked",56,,0,,1,,0,
"invest tex","Not tracked","Not tracked",47,,0,,1,,0,
"iowa bank","Not tracked","Not tracked",83,,0,,1,,0,
"ipic refund policy","Not tracked","Not tracked",49,,0,,1,,0,
"iron county community credit union","Not tracked","Not tracked",96,,0,,1,,0,
"iron county credit union","Not tracked","Not tracked",100,,0,,1,,0,
"irs debt help","Not tracked","Not tracked",82,,0,,1,,0,
"irs debt reduction","Not tracked","Not tracked",89,,0,,1,,0,
"irs tax relief debt","Not tracked","Not tracked",96,,0,,1,,0,
"irst citizens bank","Not tracked","Not tracked",67,,0,,1,,0,
"is american express mycredit guide free","Not tracked","Not tracked",78,,0,,1,,0,
"is arrowhead credit union good","Not tracked","Not tracked",72,,0,,1,,0,
"is assurant legit","Not tracked","Not tracked",50,,0,,1,,0,
"is banner bank a credit union","Not tracked","Not tracked",67,,0,,1,,0,
"is better debt solutions legit","Not tracked","Not tracked",70,,0,,1,,0,
"is christian credit counselors legitimate","Not tracked","Not tracked",96,,0,,1,,0,
"is eagle federal credit union","Not tracked","Not tracked",98,,0,,1,,0,
"is eecu a good credit union","Not tracked","Not tracked",78,,0,,1,,0,
"is eecu fdic insured","Not tracked","Not tracked",62,,0,,1,,0,
"is everbank fdic insured","Not tracked","Not tracked",83,,0,,1,,0,
"is gateway bank safe","Not tracked","Not tracked",72,,0,,1,,0,
"is health net medi cal","Not tracked","Not tracked",70,,0,,1,,0,
"is health net medicaid","Not tracked","Not tracked",88,,0,,1,,0,
"is health net medical","Not tracked","Not tracked",52,,0,,1,,0,
"is heartland finance legit","Not tracked","Not tracked",59,,0,,1,,0,
"is loancare legit","Not tracked","Not tracked",43,,0,,1,,0,
"is nfcc legitimate","Not tracked","Not tracked",66,,0,,1,,0,
"is nhhfa a non profit","Not tracked","Not tracked",52,,0,,1,,0,
"is optimum outcomes legit","Not tracked","Not tracked",52,,0,,1,,0,
"is orange county credit union good","Not tracked","Not tracked",57,,0,,1,,0,
"is pathway lending legit","Not tracked","Not tracked",60,,0,,1,,0,
"is provident credit union good","Not tracked","Not tracked",61,,0,,1,,0,
"is rally credit union good","Not tracked","Not tracked",78,,0,,1,,0,
"is regional finance legit","Not tracked","Not tracked",52,,0,,1,,0,
"is rockland trust a good bank","Not tracked","Not tracked",70,,0,,1,,0,
"is southwest recovery services legit","Not tracked","Not tracked",57,,0,,1,,0,
"is tomo mortgage reputable","Not tracked","Not tracked",59,,0,,1,,0,
"is wafd a good bank","Not tracked","Not tracked",71,,0,,1,,0,
"is wescom financial a credit union","Not tracked","Not tracked",99,,0,,1,,0,
"island savings valley first","Not tracked","Not tracked",53,,0,,1,,0,
"iu health credit union","Not tracked","Not tracked",58,,0,,1,,0,
"jack miller auto plaza reviews","Not tracked","Not tracked",33,,0,,1,,0,
"jackson county bank bancorp of southern indiana","Not tracked","Not tracked",58,,0,,1,,0,
"jackson county bank certificates of deposit","Not tracked","Not tracked",49,,0,,1,,0,
"jackson county bank fee","Not tracked","Not tracked",33,,0,,1,,0,
"jacksonville beach va lenders","Not tracked","Not tracked",92,,0,,1,,0,
"jacksonville regional shopping center","Not tracked","Not tracked",70,,0,,1,,0,
"jcb credit card usa","Not tracked","Not tracked",69,,0,,1,,0,
"jcb foreign currency","Not tracked","Not tracked",60,,0,,1,,0,
"jcb payment gateway","Not tracked","Not tracked",66,,0,,1,,0,
"jcbank bancorp.","Not tracked","Not tracked",79,,0,,1,,0,
"jcbank community","Not tracked","Not tracked",79,,0,,1,,0,
"jefferson financial credit union marrero","Not tracked","Not tracked",58,,0,,1,,0,
"jefferson parish credit union marrero","Not tracked","Not tracked",54,,0,,1,,0,
"jefferson parish employees","Not tracked","Not tracked",81,,0,,1,,0,
"jefferson parish employees federal credit union phone number","Not tracked","Not tracked",51,,0,,1,,0,
"jefferson state bank","Not tracked","Not tracked",54,,0,,1,,0,
"jet home loans reviews","Not tracked","Not tracked",57,,0,,1,,0,
"jet investor lending","Not tracked","Not tracked",67,,0,,1,,0,
"jet lending llc","Not tracked","Not tracked",58,,0,,1,,0,
"jet lending reviews","Not tracked","Not tracked",57,,0,,1,,0,
"jet lends reviews","Not tracked","Not tracked",93,,0,,1,,0,
"jet stream federal credit union","Not tracked","Not tracked",34,,0,,1,,0,
"jetstream bank","Not tracked","Not tracked",28,,0,,1,,0,
"jetstream federal","Not tracked","Not tracked",30,,0,,1,,0,
jetstreamfcu,"Not tracked","Not tracked",24,,0,,1,,0,
"jewelry loan new york","Not tracked","Not tracked",98,,0,,1,,0,
"jewelry loans miami fl","Not tracked","Not tracked",98,,0,,1,,0,
"jns check cashing","Not tracked","Not tracked",12,,0,,1,,0,
"joint account bad credit","Not tracked","Not tracked",92,,0,,1,,0,
"joint account credit score impact","Not tracked","Not tracked",83,,0,,1,,0,
"jones & walden llc","Not tracked","Not tracked",70,,0,,1,,0,
"jones walden","Not tracked","Not tracked",75,,0,,1,,0,
jpefcu,"Not tracked","Not tracked",59,,0,,1,,0,
"jsc fcu routing number","Not tracked","Not tracked",40,,0,,1,,0,
"jsc federal credit union phone number","Not tracked","Not tracked",45,,0,,1,,0,
"jsc routing number","Not tracked","Not tracked",44,,0,,1,,0,
"julie johnson mortgage","Not tracked","Not tracked",53,,0,,1,,0,
"justice finance buckner","Not tracked","Not tracked",54,,0,,1,,0,
"justice finance cleburne","Not tracked","Not tracked",39,,0,,1,,0,
"justice finance cleburne tx","Not tracked","Not tracked",46,,0,,1,,0,
"justice finance garland","Not tracked","Not tracked",60,,0,,1,,0,
"justice finance in garland","Not tracked","Not tracked",58,,0,,1,,0,
"justice finance mansfield","Not tracked","Not tracked",63,,0,,1,,0,
"justice finance on east grand","Not tracked","Not tracked",49,,0,,1,,0,
"justice finance on jefferson","Not tracked","Not tracked",50,,0,,1,,0,
"kafene credit","Not tracked","Not tracked",44,,0,,1,,0,
"kahului fcu","Not tracked","Not tracked",67,,0,,1,,0,
"kaleida fcu","Not tracked","Not tracked",75,,0,,1,,0,
"kansas state bank wichita ks","Not tracked","Not tracked",65,,0,,1,,0,
"kansas state credit union","Not tracked","Not tracked",53,,0,,1,,0,
"kaplan law firm reviews","Not tracked","Not tracked",71,,0,,1,,0,
"kar town","Not tracked","Not tracked",76,,0,,1,,0,
"kar town rosenberg texas","Not tracked","Not tracked",63,,0,,1,,0,
"kay finance services","Not tracked","Not tracked",66,,0,,1,,0,
"kbr heritage federal credit union","Not tracked","Not tracked",30,,0,,1,,0,
"kccu battle creek","Not tracked","Not tracked",40,,0,,1,,0,
"kd finance","Not tracked","Not tracked",80,,0,,1,,0,
"kellogg bank","Not tracked","Not tracked",49,,0,,1,,0,
"kellogg community credit union","Not tracked","Not tracked",41,,0,,1,,0,
"kellogg community credit union battle creek mi","Not tracked","Not tracked",37,,0,,1,,0,
"kellogg community credit union portage mi","Not tracked","Not tracked",43,,0,,1,,0,
"kellogg community federal credit","Not tracked","Not tracked",40,,0,,1,,0,
"kellogg community federal credit union","Not tracked","Not tracked",46,,0,,1,,0,
"kemba credit union charleston wv","Not tracked","Not tracked",61,,0,,1,,0,
"kemba fin","Not tracked","Not tracked",64,,0,,1,,0,
"kemba financial bank","Not tracked","Not tracked",70,,0,,1,,0,
"kemba financial credit union grove city","Not tracked","Not tracked",96,,0,,1,,0,
"kemba financial cu","Not tracked","Not tracked",80,,0,,1,,0,
"kemba money market","Not tracked","Not tracked",71,,0,,1,,0,
"kemba personal loans","Not tracked","Not tracked",62,,0,,1,,0,
"kembra credit union","Not tracked","Not tracked",73,,0,,1,,0,
"kennett checking accounts","Not tracked","Not tracked",18,,0,,1,,0,
"kennett trust bank kennett mo","Not tracked","Not tracked",43,,0,,1,,0,
"keystone credit union tyler texas","Not tracked","Not tracked",85,,0,,1,,0,
"kikoff company","Not tracked","Not tracked",67,,0,,1,,0,
"kimba credit union","Not tracked","Not tracked",76,,0,,1,,0,
"kinetic card","Not tracked","Not tracked",78,,0,,1,,0,
"kinetic credit union credit card","Not tracked","Not tracked",76,,0,,1,,0,
"kinetic federal credit union","Not tracked","Not tracked",49,,0,,1,,0,
"king cash pawn miami","Not tracked","Not tracked",63,,0,,1,,0,
"king pawn escondido","Not tracked","Not tracked",71,,0,,1,,0,
"kings jewelry los angeles","Not tracked","Not tracked",76,,0,,1,,0,
"kings pawn escondido","Not tracked","Not tracked",39,,0,,1,,0,
"kirkland's credit union","Not tracked","Not tracked",43,,0,,1,,0,
"kirtland credit union rio rancho","Not tracked","Not tracked",34,,0,,1,,0,
"kirtland cu","Not tracked","Not tracked",37,,0,,1,,0,
"kirtland federal","Not tracked","Not tracked",33,,0,,1,,0,
"kirtland federal credit","Not tracked","Not tracked",29,,0,,1,,0,
"kirtland federal credit union","Not tracked","Not tracked",32,,0,,1,,0,
"kitsap credit","Not tracked","Not tracked",35,,0,,1,,0,
"kitsap federal credit union","Not tracked","Not tracked",39,,0,,1,,0,
"klarna bank","Not tracked","Not tracked",146,,0,,1,,0,
"klarna inc columbus oh","Not tracked","Not tracked",72,,0,,1,,0,
"klarna ohio","Not tracked","Not tracked",72,,0,,1,,0,
koradrive,"Not tracked","Not tracked",70,,0,,1,,0,
"koster loans las vegas nv","Not tracked","Not tracked",37,,0,,1,,0,
"koster's cash loans henderson","Not tracked","Not tracked",58,,0,,1,,0,
"kosters cash loan","Not tracked","Not tracked",37,,0,,1,,0,
"kosters cash loans","Not tracked","Not tracked",43,,0,,1,,0,
"kosters finance","Not tracked","Not tracked",31,,0,,1,,0,
kstatebank,"Not tracked","Not tracked",66,,0,,1,,0,
"l m federal credit union","Not tracked","Not tracked",36,,0,,1,,0,
"l&m credit union","Not tracked","Not tracked",57,,0,,1,,0,
"l'oreal credit union","Not tracked","Not tracked",79,,0,,1,,0,
"la familia pawn and jewelry reviews","Not tracked","Not tracked",45,,0,,1,,0,
"la familia pawn tampa","Not tracked","Not tracked",50,,0,,1,,0,
"la firefighters credit union","Not tracked","Not tracked",68,,0,,1,,0,
"la nacional money transfer","Not tracked","Not tracked",53,,0,,1,,0,
"la porte credit union","Not tracked","Not tracked",64,,0,,1,,0,
labettebank,"Not tracked","Not tracked",45,,0,,1,,0,
"labor management federal credit union","Not tracked","Not tracked",58,,0,,1,,0,
"lake city alliance bank","Not tracked","Not tracked",65,,0,,1,,0,
"lake country bank","Not tracked","Not tracked",72,,0,,1,,0,
"lakeview by mr cooper","Not tracked","Not tracked",47,,0,,1,,0,
"lakeview cooper","Not tracked","Not tracked",41,,0,,1,,0,
"lakeview lending mr cooper","Not tracked","Not tracked",65,,0,,1,,0,
"lakeview mr cooper","Not tracked","Not tracked",55,,0,,1,,0,
"lakeview mr cooper mortgage","Not tracked","Not tracked",71,,0,,1,,0,
"lakota state bank","Not tracked","Not tracked",40,,0,,1,,0,
"lampco anderson indiana","Not tracked","Not tracked",44,,0,,1,,0,
"lampco federal credit union","Not tracked","Not tracked",62,,0,,1,,0,
"lampco federal credit union anderson","Not tracked","Not tracked",53,,0,,1,,0,
"lampco federal credit union anderson indiana","Not tracked","Not tracked",16,,0,,1,,0,
"lampco federal credit union routing number","Not tracked","Not tracked",83,,0,,1,,0,
"lane law firm","Not tracked","Not tracked",83,,0,,1,,0,
"lane law firm reviews","Not tracked","Not tracked",70,,0,,1,,0,
"langley business account","Not tracked","Not tracked",45,,0,,1,,0,
"langley f","Not tracked","Not tracked",43,,0,,1,,0,
"langley federal credit union loan rates","Not tracked","Not tracked",71,,0,,1,,0,
"langley federal credit union raleigh reviews","Not tracked","Not tracked",74,,0,,1,,0,
"langley finance","Not tracked","Not tracked",59,,0,,1,,0,
"langley heloc","Not tracked","Not tracked",27,,0,,1,,0,
lantzman,"Not tracked","Not tracked",30,,0,,1,,0,
"laporte federal community credit union","Not tracked","Not tracked",57,,0,,1,,0,
"larry miller jeep tucson","Not tracked","Not tracked",56,,0,,1,,0,
"las vegas nv community bank","Not tracked","Not tracked",89,,0,,1,,0,
"launch credit union reviews","Not tracked","Not tracked",47,,0,,1,,0,
"leading edge credit","Not tracked","Not tracked",62,,0,,1,,0,
"leahy lending","Not tracked","Not tracked",63,,0,,1,,0,
"leaman team","Not tracked","Not tracked",93,,0,,1,,0,
ledistry,"Not tracked","Not tracked",56,,0,,1,,0,
"lee bank & trust","Not tracked","Not tracked",62,,0,,1,,0,
"lee bank and trust","Not tracked","Not tracked",66,,0,,1,,0,
"lee bank and trust company","Not tracked","Not tracked",67,,0,,1,,0,
"lee bank and trust jonesville va","Not tracked","Not tracked",39,,0,,1,,0,
"lee bank pennington gap va","Not tracked","Not tracked",54,,0,,1,,0,
"legacy bank in hinton ok","Not tracked","Not tracked",68,,0,,1,,0,
"legacy bank oklahoma","Not tracked","Not tracked",65,,0,,1,,0,
"legal credit repair process","Not tracked","Not tracked",42,,0,,1,,0,
legendbank,"Not tracked","Not tracked",67,,0,,1,,0,
"len larson","Not tracked","Not tracked",65,,0,,1,,0,
"len larson jewelry denver","Not tracked","Not tracked",80,,0,,1,,0,
"lend nation","Not tracked","Not tracked",40,,0,,1,,0,
"lend nation green bay","Not tracked","Not tracked",74,,0,,1,,0,
"lend nation kcmo","Not tracked","Not tracked",65,,0,,1,,0,
"lend tek","Not tracked","Not tracked",76,,0,,1,,0,
lendestry,"Not tracked","Not tracked",58,,0,,1,,0,
"lendin club","Not tracked","Not tracked",85,,0,,1,,0,
"lending capital group inc","Not tracked","Not tracked",86,,0,,1,,0,
"lending cloub","Not tracked","Not tracked",79,,0,,1,,0,
"lending club bank","Not tracked","Not tracked",75,,0,,1,,0,
"lending club bank national association","Not tracked","Not tracked",78,,0,,1,,0,
"lending club lehi","Not tracked","Not tracked",47,,0,,1,,0,
"lending clun","Not tracked","Not tracked",83,,0,,1,,0,
"lending llama","Not tracked","Not tracked",93,,0,,1,,0,
"lending nation","Not tracked","Not tracked",46,,0,,1,,0,
"lending solutions group","Not tracked","Not tracked",100,,0,,1,,0,
"lending store reviews","Not tracked","Not tracked",58,,0,,1,,0,
lendingclyb,"Not tracked","Not tracked",86,,0,,1,,0,
"lendistry address","Not tracked","Not tracked",54,,0,,1,,0,
"lendistry tustin","Not tracked","Not tracked",74,,0,,1,,0,
"lendnation cedar park","Not tracked","Not tracked",35,,0,,1,,0,
"lendnation del city","Not tracked","Not tracked",33,,0,,1,,0,
"lendnation lexington ky","Not tracked","Not tracked",59,,0,,1,,0,
"lendnation loans","Not tracked","Not tracked",49,,0,,1,,0,
"lendnation louisville reviews","Not tracked","Not tracked",57,,0,,1,,0,
"lendnation moore ok","Not tracked","Not tracked",54,,0,,1,,0,
lendnation/vip,"Not tracked","Not tracked",59,,0,,1,,0,
lendtek,"Not tracked","Not tracked",37,,0,,1,,0,
"lening club","Not tracked","Not tracked",80,,0,,1,,0,
"lennar mortgage company","Not tracked","Not tracked",48,,0,,1,,0,
"lennar mortgage llc","Not tracked","Not tracked",35,,0,,1,,0,
"lexus of dallas","Not tracked","Not tracked",63,,0,,1,,0,
"lexus sewell","Not tracked","Not tracked",69,,0,,1,,0,
libbk,"Not tracked","Not tracked",88,,0,,1,,0,
"liberty bank loan","Not tracked","Not tracked",88,,0,,1,,0,
"liberty bank personal loan rates","Not tracked","Not tracked",96,,0,,1,,0,
"liberty capital services llc","Not tracked","Not tracked",66,,0,,1,,0,
"liberty credit union dallas","Not tracked","Not tracked",64,,0,,1,,0,
"libertyone cu","Not tracked","Not tracked",54,,0,,1,,0,
"limpia deudas","Not tracked","Not tracked",62,,0,,1,,0,
"limpia deudas oficina en manhattan","Not tracked","Not tracked",84,,0,,1,,0,
"lincoln county credit union","Not tracked","Not tracked",45,,0,,1,,0,
"lincoln county credit union routing number","Not tracked","Not tracked",44,,0,,1,,0,
"lincoln maine credit union","Not tracked","Not tracked",45,,0,,1,,0,
"lincoln maine fcu","Not tracked","Not tracked",16,,0,,1,,0,
"lincoln me federal credit union","Not tracked","Not tracked",84,,0,,1,,0,
"lincone fcu","Not tracked","Not tracked",45,,0,,1,,0,
"lincone federal credit union","Not tracked","Not tracked",43,,0,,1,,0,
"link bank camp hill pa","Not tracked","Not tracked",50,,0,,1,,0,
"link bank lancaster pa","Not tracked","Not tracked",60,,0,,1,,0,
"link bank pottsville pa","Not tracked","Not tracked",62,,0,,1,,0,
"linkbank camp hill pa","Not tracked","Not tracked",62,,0,,1,,0,
"live aok bank","Not tracked","Not tracked",80,,0,,1,,0,
"live oak bank phone number","Not tracked","Not tracked",92,,0,,1,,0,
"live oak bank wilmington nc","Not tracked","Not tracked",74,,0,,1,,0,
"live oak banking company","Not tracked","Not tracked",80,,0,,1,,0,
"live oak credit union","Not tracked","Not tracked",76,,0,,1,,0,
"liveoak banking","Not tracked","Not tracked",73,,0,,1,,0,
"lm federal credit union","Not tracked","Not tracked",35,,0,,1,,0,
"lm financial reviews","Not tracked","Not tracked",54,,0,,1,,0,
"lmfcu federal credit union","Not tracked","Not tracked",35,,0,,1,,0,
"lmu credit union","Not tracked","Not tracked",72,,0,,1,,0,
loacare,"Not tracked","Not tracked",28,,0,,1,,0,
"loan care","Not tracked","Not tracked",36,,0,,1,,0,
"loan care mortgage","Not tracked","Not tracked",37,,0,,1,,0,
"loan care virginia beach","Not tracked","Not tracked",65,,0,,1,,0,
"loan cyprus","Not tracked","Not tracked",67,,0,,1,,0,
"loan depot bbb","Not tracked","Not tracked",73,,0,,1,,0,
"loan depot llc","Not tracked","Not tracked",60,,0,,1,,0,
"loan express houston","Not tracked","Not tracked",60,,0,,1,,0,
"loan factory - we dare you to compare","Not tracked","Not tracked",34,,0,,1,,0,
"loan max henderson ky","Not tracked","Not tracked",46,,0,,1,,0,
"loan max owensboro ky","Not tracked","Not tracked",64,,0,,1,,0,
"loan max rock hill sc","Not tracked","Not tracked",46,,0,,1,,0,
"loan max sahara","Not tracked","Not tracked",45,,0,,1,,0,
"loan max wheat ridge","Not tracked","Not tracked",34,,0,,1,,0,
"loan servicing specialists metairie","Not tracked","Not tracked",69,,0,,1,,0,
"loan servicing specialists new orleans","Not tracked","Not tracked",82,,0,,1,,0,
"loan sun","Not tracked","Not tracked",43,,0,,1,,0,
loancare,"Not tracked","Not tracked",29,,0,,1,,0,
"loancare home loans","Not tracked","Not tracked",30,,0,,1,,0,
"loancare service mortgage","Not tracked","Not tracked",35,,0,,1,,0,
"loancare, llc","Not tracked","Not tracked",41,,0,,1,,0,
loannation,"Not tracked","Not tracked",30,,0,,1,,0,
loanpeople,"Not tracked","Not tracked",19,,0,,1,,0,
"loanpeople llc","Not tracked","Not tracked",70,,0,,1,,0,
"loans 1234 legit","Not tracked","Not tracked",50,,0,,1,,0,
"loans in raleigh","Not tracked","Not tracked",25,,0,,1,,0,
"loans madison tn","Not tracked","Not tracked",79,,0,,1,,0,
"local 58 credit union","Not tracked","Not tracked",49,,0,,1,,0,
"local 697 fcu","Not tracked","Not tracked",73,,0,,1,,0,
"local credit unions in austin","Not tracked","Not tracked",96,,0,,1,,0,
"local loan officers oklahoma","Not tracked","Not tracked",78,,0,,1,,0,
"locations.orlandivaluta.com contact email","Not tracked","Not tracked",4,,0,,1,,0,
"lockhart first national bank","Not tracked","Not tracked",57,,0,,1,,0,
"logan federal credit union","Not tracked","Not tracked",70,,0,,1,,0,
"logan medical credit union","Not tracked","Not tracked",74,,0,,1,,0,
"logan medical fcu","Not tracked","Not tracked",76,,0,,1,,0,
"lone star finance","Not tracked","Not tracked",79,,0,,1,,0,
"lone star loans","Not tracked","Not tracked",77,,0,,1,,0,
"long island credit union loan rates","Not tracked","Not tracked",85,,0,,1,,0,
"longhorn investments","Not tracked","Not tracked",53,,0,,1,,0,
"loop currency exchange","Not tracked","Not tracked",41,,0,,1,,0,
"louisiana catholic federal credit union","Not tracked","Not tracked",48,,0,,1,,0,
"louisiana credit union","Not tracked","Not tracked",99,,0,,1,,0,
"low apr business loans","Not tracked","Not tracked",97,,0,,1,,0,
"lowest business loan rates","Not tracked","Not tracked",87,,0,,1,,0,
"lowest rate business loans","Not tracked","Not tracked",89,,0,,1,,0,
lpcfcu,"Not tracked","Not tracked",13,,0,,1,,0,
"luminate bank business checking","Not tracked","Not tracked",82,,0,,1,,0,
"lusitania bank harrison nj","Not tracked","Not tracked",47,,0,,1,,0,
"lusitania bank hillside","Not tracked","Not tracked",65,,0,,1,,0,
"lusitania bank hillside nj","Not tracked","Not tracked",64,,0,,1,,0,
"lv finance","Not tracked","Not tracked",17,,0,,1,,0,
"lvrg business funding","Not tracked","Not tracked",20,,0,,1,,0,
"lynchburg va credit unions","Not tracked","Not tracked",83,,0,,1,,0,
"lyndon state bank lyndon ks","Not tracked","Not tracked",16,,0,,1,,0,
"m cash advance reviews","Not tracked","Not tracked",90,,0,,1,,0,
"m&m funding","Not tracked","Not tracked",80,,0,,1,,0,
"maggio capital","Not tracked","Not tracked",83,,0,,1,,0,
"magnolia bank inc","Not tracked","Not tracked",66,,0,,1,,0,
"magnum opus federal corporation","Not tracked","Not tracked",80,,0,,1,,0,
"magyar bank","Not tracked","Not tracked",59,,0,,1,,0,
"main street bank corp","Not tracked","Not tracked",43,,0,,1,,0,
"main street bank millersburg ohio","Not tracked","Not tracked",36,,0,,1,,0,
"main street bank reviews","Not tracked","Not tracked",27,,0,,1,,0,
"main street bank wooster","Not tracked","Not tracked",37,,0,,1,,0,
"main street bank wooster ohio","Not tracked","Not tracked",39,,0,,1,,0,
"main street loans reviews","Not tracked","Not tracked",87,,0,,1,,0,
"maine family credit union","Not tracked","Not tracked",46,,0,,1,,0,
"maine family credit union auburn maine","Not tracked","Not tracked",38,,0,,1,,0,
"maine family federal credit union","Not tracked","Not tracked",44,,0,,1,,0,
"maine family federal credit union auburn maine","Not tracked","Not tracked",37,,0,,1,,0,
"mainstreet credit union reviews","Not tracked","Not tracked",54,,0,,1,,0,
"malden fcu","Not tracked","Not tracked",51,,0,,1,,0,
"manasquan bank brick new jersey","Not tracked","Not tracked",50,,0,,1,,0,
"manasquan bank brick nj","Not tracked","Not tracked",50,,0,,1,,0,
"manasquan bank high yield savings account","Not tracked","Not tracked",77,,0,,1,,0,
"manasquan bank landmark place","Not tracked","Not tracked",79,,0,,1,,0,
"manasquan saving","Not tracked","Not tracked",39,,0,,1,,0,
"manasquan savings bank mortgage rates","Not tracked","Not tracked",75,,0,,1,,0,
"manasquan savings bank online banking","Not tracked","Not tracked",17,,0,,1,,0,
"manchester credit union reviews","Not tracked","Not tracked",52,,0,,1,,0,
"manhattan bridge capital inc","Not tracked","Not tracked",76,,0,,1,,0,
"manufacturers bank","Not tracked","Not tracked",62,,0,,1,,0,
"manufacturers bank los angeles","Not tracked","Not tracked",43,,0,,1,,0,
maplecitysavings,"Not tracked","Not tracked",50,,0,,1,,0,
"maries county bank dixon mo","Not tracked","Not tracked",59,,0,,1,,0,
"mariner finance bowie maryland","Not tracked","Not tracked",62,,0,,1,,0,
"mariner finance bradenton fl","Not tracked","Not tracked",78,,0,,1,,0,
"mariner finance high point nc","Not tracked","Not tracked",16,,0,,1,,0,
"mariner finance raleigh","Not tracked","Not tracked",28,,0,,1,,0,
"mariner finance tampa fl","Not tracked","Not tracked",28,,0,,1,,0,
"martinsburg va fcu","Not tracked","Not tracked",70,,0,,1,,0,
"mastercard atm","Not tracked","Not tracked",56,,0,,1,,0,
"mastercard atms","Not tracked","Not tracked",10,,0,,1,,0,
"mastercard cash machine","Not tracked","Not tracked",56,,0,,1,,0,
"mauston bank","Not tracked","Not tracked",70,,0,,1,,0,
"max advance","Not tracked","Not tracked",29,,0,,1,,0,
"max leaman","Not tracked","Not tracked",40,,0,,1,,0,
"max pawn luxury miami beach","Not tracked","Not tracked",50,,0,,1,,0,
"may plant credit union","Not tracked","Not tracked",70,,0,,1,,0,
"mazuma credit union cd rates","Not tracked","Not tracked",82,,0,,1,,0,
"mbs capital","Not tracked","Not tracked",89,,0,,1,,0,
"mca debt relief reviews","Not tracked","Not tracked",93,,0,,1,,0,
"mca direct lenders","Not tracked","Not tracked",97,,0,,1,,0,
"mccoy federal bank","Not tracked","Not tracked",44,,0,,1,,0,
"mccoy federal credit union","Not tracked","Not tracked",39,,0,,1,,0,
"mccu credit card","Not tracked","Not tracked",63,,0,,1,,0,
"mcm bank","Not tracked","Not tracked",48,,0,,1,,0,
"mcs bank belleville pa","Not tracked","Not tracked",34,,0,,1,,0,
"mcs bank milroy pa","Not tracked","Not tracked",37,,0,,1,,0,
"mcu personal loan reviews","Not tracked","Not tracked",61,,0,,1,,0,
meceu,"Not tracked","Not tracked",55,,0,,1,,0,
"medi-cal health net","Not tracked","Not tracked",65,,0,,1,,0,
"medina county credit union","Not tracked","Not tracked",18,,0,,1,,0,
"medina credit union","Not tracked","Not tracked",19,,0,,1,,0,
"member choice credit union","Not tracked","Not tracked",70,,0,,1,,0,
"member community credit union","Not tracked","Not tracked",80,,0,,1,,0,
"member first credit union ga","Not tracked","Not tracked",38,,0,,1,,0,
"member's choice credit union","Not tracked","Not tracked",70,,0,,1,,0,
member1,"Not tracked","Not tracked",64,,0,,1,,0,
"memberfocus community credit union","Not tracked","Not tracked",48,,0,,1,,0,
"memberfocus credit union","Not tracked","Not tracked",59,,0,,1,,0,
"members 1st credit union vineland nj","Not tracked","Not tracked",39,,0,,1,,0,
"members 1st federal credit union vineland nj","Not tracked","Not tracked",45,,0,,1,,0,
"members 1st of new jersey","Not tracked","Not tracked",92,,0,,1,,0,
"members 1st of nj","Not tracked","Not tracked",38,,0,,1,,0,
"members 1st of nj credit union","Not tracked","Not tracked",49,,0,,1,,0,
"members 1st of nj fcu","Not tracked","Not tracked",37,,0,,1,,0,
"members choice credit union bellmead","Not tracked","Not tracked",68,,0,,1,,0,
"members choice russell ky","Not tracked","Not tracked",60,,0,,1,,0,
"members choice waco","Not tracked","Not tracked",74,,0,,1,,0,
"members fcu","Not tracked","Not tracked",98,,0,,1,,0,
"members first","Not tracked","Not tracked",54,,0,,1,,0,
"members first credit union ct","Not tracked","Not tracked",53,,0,,1,,0,
"members first credit union georgia","Not tracked","Not tracked",39,,0,,1,,0,
"members first credit union meriden ct","Not tracked","Not tracked",56,,0,,1,,0,
"members first credit union reviews","Not tracked","Not tracked",29,,0,,1,,0,
"members first credit union savannah ga","Not tracked","Not tracked",50,,0,,1,,0,
"members first vineland","Not tracked","Not tracked",19,,0,,1,,0,
"members one federal credit union","Not tracked","Not tracked",63,,0,,1,,0,
"members trust company reviews","Not tracked","Not tracked",59,,0,,1,,0,
"membersfirst credit union","Not tracked","Not tracked",88,,0,,1,,0,
membersfirstcu,"Not tracked","Not tracked",97,,0,,1,,0,
memberspluscu,"Not tracked","Not tracked",36,,0,,1,,0,
"memorial credit union","Not tracked","Not tracked",75,,0,,1,,0,
"memorial employee federal credit union","Not tracked","Not tracked",63,,0,,1,,0,
"memorial healthcare credit union","Not tracked","Not tracked",68,,0,,1,,0,
"memphis city employees credit union","Not tracked","Not tracked",22,,0,,1,,0,
"memphis credit union","Not tracked","Not tracked",65,,0,,1,,0,
"memphis credit union bartlett","Not tracked","Not tracked",53,,0,,1,,0,
"memphis gold and diamond buyers","Not tracked","Not tracked",89,,0,,1,,0,
"mercantile bank of grand rapids","Not tracked","Not tracked",70,,0,,1,,0,
"mercantile bank of michigan","Not tracked","Not tracked",38,,0,,1,,0,
"mercantile banks","Not tracked","Not tracked",45,,0,,1,,0,
mercbank,"Not tracked","Not tracked",45,,0,,1,,0,
"merced cu","Not tracked","Not tracked",51,,0,,1,,0,
"mercedez benz seattle","Not tracked","Not tracked",64,,0,,1,,0,
"mercentile bank","Not tracked","Not tracked",41,,0,,1,,0,
"mercer county community fcu","Not tracked","Not tracked",51,,0,,1,,0,
"mercer credit union","Not tracked","Not tracked",74,,0,,1,,0,
"merchant and citizens bank","Not tracked","Not tracked",87,,0,,1,,0,
"merchant services northwestern bank","Not tracked","Not tracked",84,,0,,1,,0,
"merchantile bank","Not tracked","Not tracked",28,,0,,1,,0,
mercomfcu,"Not tracked","Not tracked",68,,0,,1,,0,
"mercury bank atm","Not tracked","Not tracked",66,,0,,1,,0,
"mercury finance","Not tracked","Not tracked",51,,0,,1,,0,
"mercury financial company","Not tracked","Not tracked",57,,0,,1,,0,
"mercury financial llc","Not tracked","Not tracked",81,,0,,1,,0,
"mercury financial services","Not tracked","Not tracked",42,,0,,1,,0,
"mercury office san francisco","Not tracked","Not tracked",89,,0,,1,,0,
"mercury sf office","Not tracked","Not tracked",76,,0,,1,,0,
"meriden fcu","Not tracked","Not tracked",75,,0,,1,,0,
"meritrust cu","Not tracked","Not tracked",80,,0,,1,,0,
"meriwest bank","Not tracked","Not tracked",42,,0,,1,,0,
merriwest,"Not tracked","Not tracked",52,,0,,1,,0,
"method bank","Not tracked","Not tracked",33,,0,,1,,0,
"methodist hospital employees federal credit union","Not tracked","Not tracked",50,,0,,1,,0,
"metro bank & trust company","Not tracked","Not tracked",89,,0,,1,,0,
"metro bank new york","Not tracked","Not tracked",76,,0,,1,,0,
"metro bank pc","Not tracked","Not tracked",68,,0,,1,,0,
"metro bank rating","Not tracked","Not tracked",78,,0,,1,,0,
"metro community credit union","Not tracked","Not tracked",88,,0,,1,,0,
"metro credit union des moines","Not tracked","Not tracked",42,,0,,1,,0,
"metro credit union des moines iowa","Not tracked","Not tracked",46,,0,,1,,0,
"metro credit union huntington wv","Not tracked","Not tracked",69,,0,,1,,0,
"metro credit union reviews","Not tracked","Not tracked",63,,0,,1,,0,
"metro credit union south bay","Not tracked","Not tracked",69,,0,,1,,0,
"metro employee credit union","Not tracked","Not tracked",53,,0,,1,,0,
metroba,"Not tracked","Not tracked",90,,0,,1,,0,
"metrobank ny","Not tracked","Not tracked",35,,0,,1,,0,
"metrobank us","Not tracked","Not tracked",72,,0,,1,,0,
"metropolitan bank & trust","Not tracked","Not tracked",85,,0,,1,,0,
"metropolitan bank & trust co","Not tracked","Not tracked",90,,0,,1,,0,
"metropolitan bank & trust company","Not tracked","Not tracked",81,,0,,1,,0,
"metropolitan bank and trust co","Not tracked","Not tracked",80,,0,,1,,0,
"metropolitan bank trust company","Not tracked","Not tracked",93,,0,,1,,0,
"metropolitan trust bank","Not tracked","Not tracked",85,,0,,1,,0,
"mhv bank","Not tracked","Not tracked",48,,0,,1,,0,
"mhv bank kingston ny","Not tracked","Not tracked",44,,0,,1,,0,
"mhv federal credit union","Not tracked","Not tracked",49,,0,,1,,0,
"mhvfcu banking","Not tracked","Not tracked",41,,0,,1,,0,
"mi bank","Not tracked","Not tracked",65,,0,,1,,0,
"miami exchange currency","Not tracked","Not tracked",63,,0,,1,,0,
"miami ferrari dealership","Not tracked","Not tracked",96,,0,,1,,0,
"miami florida currency","Not tracked","Not tracked",74,,0,,1,,0,
"michael facchini","Not tracked","Not tracked",53,,0,,1,,0,
"michael j adams pc reviews","Not tracked","Not tracked",41,,0,,1,,0,
"mid carolina credit union","Not tracked","Not tracked",57,,0,,1,,0,
"mid carolina credit union elgin","Not tracked","Not tracked",61,,0,,1,,0,
"mid city title new orleans","Not tracked","Not tracked",62,,0,,1,,0,
"mid first","Not tracked","Not tracked",68,,0,,1,,0,
"mid hudson credit","Not tracked","Not tracked",55,,0,,1,,0,
"mid missouri title loans","Not tracked","Not tracked",77,,0,,1,,0,
"mid valley credit union","Not tracked","Not tracked",83,,0,,1,,0,
"mid-american title loans","Not tracked","Not tracked",45,,0,,1,,0,
"mid-hudson credit union","Not tracked","Not tracked",58,,0,,1,,0,
"mid1st bank","Not tracked","Not tracked",60,,0,,1,,0,
"middirst bank","Not tracked","Not tracked",74,,0,,1,,0,
"middletown trading reviews","Not tracked","Not tracked",43,,0,,1,,0,
"midfiest bank","Not tracked","Not tracked",73,,0,,1,,0,
midfirat,"Not tracked","Not tracked",69,,0,,1,,0,
midfirdt,"Not tracked","Not tracked",67,,0,,1,,0,
midfirsr,"Not tracked","Not tracked",66,,0,,1,,0,
"midfirst bank anadarko ok","Not tracked","Not tracked",70,,0,,1,,0,
"midfirst bank and trust","Not tracked","Not tracked",71,,0,,1,,0,
"midfirst bank boulder","Not tracked","Not tracked",86,,0,,1,,0,
"midfirst bank check verification","Not tracked","Not tracked",68,,0,,1,,0,
"midfirst bank com","Not tracked","Not tracked",25,,0,,1,,0,
"midfirst bank company","Not tracked","Not tracked",50,,0,,1,,0,
"midfirst bank fdic insured","Not tracked","Not tracked",86,,0,,1,,0,
"midfirst bank ok","Not tracked","Not tracked",37,,0,,1,,0,
"midfirst bank website","Not tracked","Not tracked",23,,0,,1,,0,
"midfirst banks","Not tracked","Not tracked",47,,0,,1,,0,
"midfirst bnk","Not tracked","Not tracked",66,,0,,1,,0,
"midfirst mortgage company","Not tracked","Not tracked",84,,0,,1,,0,
"midfirst wealth management","Not tracked","Not tracked",89,,0,,1,,0,
midfisrt,"Not tracked","Not tracked",68,,0,,1,,0,
midfist,"Not tracked","Not tracked",62,,0,,1,,0,
midforst,"Not tracked","Not tracked",67,,0,,1,,0,
midfrist,"Not tracked","Not tracked",65,,0,,1,,0,
"midhudson valley federal credit union","Not tracked","Not tracked",59,,0,,1,,0,
midifrst,"Not tracked","Not tracked",67,,0,,1,,0,
"midland credit group","Not tracked","Not tracked",70,,0,,1,,0,
"midland credit inc","Not tracked","Not tracked",92,,0,,1,,0,
"midland credit management inc","Not tracked","Not tracked",19,,0,,1,,0,
"midland management","Not tracked","Not tracked",84,,0,,1,,0,
"midland management company","Not tracked","Not tracked",68,,0,,1,,0,
"midway federal credit union","Not tracked","Not tracked",74,,0,,1,,0,
"midwest credit management","Not tracked","Not tracked",68,,0,,1,,0,
"midwest family fcu","Not tracked","Not tracked",56,,0,,1,,0,
"midwest federal family credit union","Not tracked","Not tracked",65,,0,,1,,0,
"midwest members credit union","Not tracked","Not tracked",36,,0,,1,,0,
"midwest members credit union reviews","Not tracked","Not tracked",49,,0,,1,,0,
"midwest regional credit union","Not tracked","Not tracked",43,,0,,1,,0,
"mike del preto","Not tracked","Not tracked",29,,0,,1,,0,
"mil way federal credit union","Not tracked","Not tracked",57,,0,,1,,0,
"mil-way federal credit union","Not tracked","Not tracked",46,,0,,1,,0,
"milford federal bank hours","Not tracked","Not tracked",86,,0,,1,,0,
"milford federal savings","Not tracked","Not tracked",42,,0,,1,,0,
"milford federal savings and loan","Not tracked","Not tracked",19,,0,,1,,0,
"milford federal savings bank milford ma","Not tracked","Not tracked",43,,0,,1,,0,
"milford federal savings milford ma","Not tracked","Not tracked",44,,0,,1,,0,
"millard ccu","Not tracked","Not tracked",59,,0,,1,,0,
"millard county credit union","Not tracked","Not tracked",67,,0,,1,,0,
"milway bank","Not tracked","Not tracked",67,,0,,1,,0,
"milway checking","Not tracked","Not tracked",60,,0,,1,,0,
"milway credit union texarkana ar","Not tracked","Not tracked",65,,0,,1,,0,
"milway federal","Not tracked","Not tracked",48,,0,,1,,0,
"minnesota first","Not tracked","Not tracked",97,,0,,1,,0,
"mint bank kingwood","Not tracked","Not tracked",32,,0,,1,,0,
"mint national bank","Not tracked","Not tracked",57,,0,,1,,0,
"mint valley fcu","Not tracked","Not tracked",42,,0,,1,,0,
misfirst,"Not tracked","Not tracked",65,,0,,1,,0,
"mission fed interest rates","Not tracked","Not tracked",65,,0,,1,,0,
"mission fed personal loan rates","Not tracked","Not tracked",68,,0,,1,,0,
"mission federal credit union rates","Not tracked","Not tracked",72,,0,,1,,0,
"mission federal credit union reviews","Not tracked","Not tracked",49,,0,,1,,0,
"mission pawn mission kansas","Not tracked","Not tracked",66,,0,,1,,0,
"mission pawn mission ks","Not tracked","Not tracked",45,,0,,1,,0,
"missouri electric cooperative credit union","Not tracked","Not tracked",41,,0,,1,,0,
"mitchell chessman","Not tracked","Not tracked",10,,0,,1,,0,
"mj auto sales okc","Not tracked","Not tracked",63,,0,,1,,0,
"mj auto sales oklahoma city","Not tracked","Not tracked",59,,0,,1,,0,
"mmcu credit union","Not tracked","Not tracked",19,,0,,1,,0,
"mn first","Not tracked","Not tracked",52,,0,,1,,0,
"mobility credit union","Not tracked","Not tracked",44,,0,,1,,0,
"mobility cu","Not tracked","Not tracked",46,,0,,1,,0,
"mobility federal credit union","Not tracked","Not tracked",50,,0,,1,,0,
"mocse personal loans","Not tracked","Not tracked",90,,0,,1,,0,
modfirst,"Not tracked","Not tracked",67,,0,,1,,0,
"modot credit union","Not tracked","Not tracked",57,,0,,1,,0,
"mohawk valley credit union","Not tracked","Not tracked",75,,0,,1,,0,
"mohawk valley federal credit union","Not tracked","Not tracked",72,,0,,1,,0,
"mohawk valley federal credit union online access","Not tracked","Not tracked",65,,0,,1,,0,
"mon valley credit union","Not tracked","Not tracked",91,,0,,1,,0,
"money & more pawn","Not tracked","Not tracked",52,,0,,1,,0,
"money mart","Not tracked","Not tracked",50,,0,,1,,0,
"money order austin","Not tracked","Not tracked",42,,0,,1,,0,
"money order dallas","Not tracked","Not tracked",46,,0,,1,,0,
"money order near me","Not tracked","Not tracked",26,,0,,1,,0,
"money order san antonio","Not tracked","Not tracked",49,,0,,1,,0,
"money remittance near me","Not tracked","Not tracked",42,,0,,1,,0,
"money services check cashing","Not tracked","Not tracked",79,,0,,1,,0,
"money services of bethany","Not tracked","Not tracked",24,,0,,1,,0,
"money sharp credit counseling","Not tracked","Not tracked",66,,0,,1,,0,
"money transfer in aurora","Not tracked","Not tracked",60,,0,,1,,0,
"money tree craig","Not tracked","Not tracked",52,,0,,1,,0,
"moneygram denver","Not tracked","Not tracked",41,,0,,1,,0,
"moneysharp credit counseling inc","Not tracked","Not tracked",34,,0,,1,,0,
"moneytree mississippi","Not tracked","Not tracked",82,,0,,1,,0,
"moody bank galveston tx","Not tracked","Not tracked",60,,0,,1,,0,
"moody bank seawall","Not tracked","Not tracked",62,,0,,1,,0,
"moody bank south shore","Not tracked","Not tracked",79,,0,,1,,0,
"moody bank sugar land","Not tracked","Not tracked",74,,0,,1,,0,
"moody national bank friendswood","Not tracked","Not tracked",65,,0,,1,,0,
"moody national bank galveston tx","Not tracked","Not tracked",66,,0,,1,,0,
"moody's bank","Not tracked","Not tracked",61,,0,,1,,0,
moodybank,"Not tracked","Not tracked",62,,0,,1,,0,
"moog employees","Not tracked","Not tracked",44,,0,,1,,0,
"mortgage advantage lending","Not tracked","Not tracked",97,,0,,1,,0,
"mortgage back office support services","Not tracked","Not tracked",86,,0,,1,,0,
"mortgage companies","Not tracked","Not tracked",93,,0,,1,,0,
"mortgage lending in nevada","Not tracked","Not tracked",99,,0,,1,,0,
"mortgage loan companies","Not tracked","Not tracked",91,,0,,1,,0,
"mortgage solutions northwestern bank","Not tracked","Not tracked",87,,0,,1,,0,
"motorola employees credit union","Not tracked","Not tracked",96,,0,,1,,0,
"mount rainier federal credit union","Not tracked","Not tracked",74,,0,,1,,0,
"mountain america credit union rating","Not tracked","Not tracked",59,,0,,1,,0,
"mountain america reviews","Not tracked","Not tracked",66,,0,,1,,0,
"mountain credit union reviews","Not tracked","Not tracked",80,,0,,1,,0,
"mountain river cu","Not tracked","Not tracked",80,,0,,1,,0,
mountainstarfcu,"Not tracked","Not tracked",60,,0,,1,,0,
"mr pawn","Not tracked","Not tracked",71,,0,,1,,0,
"mr pawn nyc","Not tracked","Not tracked",39,,0,,1,,0,
"mr steve's pawn shop reviews","Not tracked","Not tracked",31,,0,,1,,0,
"mrs b pawn shop","Not tracked","Not tracked",63,,0,,1,,0,
"mrs b's pawn shop","Not tracked","Not tracked",65,,0,,1,,0,
"msi credit repair","Not tracked","Not tracked",50,,0,,1,,0,
"msi credit repair reviews","Not tracked","Not tracked",69,,0,,1,,0,
"msi credit solutions bbb","Not tracked","Not tracked",36,,0,,1,,0,
"msi credit solutions cost","Not tracked","Not tracked",60,,0,,1,,0,
"msi credit solutions dallas","Not tracked","Not tracked",60,,0,,1,,0,
"msi solutions","Not tracked","Not tracked",82,,0,,1,,0,
"mt rainier federal credit union","Not tracked","Not tracked",72,,0,,1,,0,
"multi currency atm","Not tracked","Not tracked",87,,0,,1,,0,
"municipal fcu","Not tracked","Not tracked",59,,0,,1,,0,
"muscatine community credit union","Not tracked","Not tracked",56,,0,,1,,0,
"mutual first federal credit union omaha","Not tracked","Not tracked",39,,0,,1,,0,
"mutual savings mortgage","Not tracked","Not tracked",83,,0,,1,,0,
"my bridge now","Not tracked","Not tracked",18,,0,,1,,0,
"my cash cow loans","Not tracked","Not tracked",34,,0,,1,,0,
"my community national bank","Not tracked","Not tracked",77,,0,,1,,0,
"my credit union","Not tracked","Not tracked",74,,0,,1,,0,
"my financing usa legit","Not tracked","Not tracked",45,,0,,1,,0,
"my financing usa review","Not tracked","Not tracked",46,,0,,1,,0,
"my main street bank","Not tracked","Not tracked",36,,0,,1,,0,
"my pathway loan reviews","Not tracked","Not tracked",63,,0,,1,,0,
"my point cu","Not tracked","Not tracked",54,,0,,1,,0,
"mycredit guide american express","Not tracked","Not tracked",70,,0,,1,,0,
myfinancingusa,"Not tracked","Not tracked",38,,0,,1,,0,
"mykay finance services","Not tracked","Not tracked",81,,0,,1,,0,
"mypoint cu","Not tracked","Not tracked",53,,0,,1,,0,
mysecurityfirst,"Not tracked","Not tracked",71,,0,,1,,0,
"naca florida","Not tracked","Not tracked",85,,0,,1,,0,
"naca houses jacksonville","Not tracked","Not tracked",60,,0,,1,,0,
"naca illinois","Not tracked","Not tracked",44,,0,,1,,0,
"naca jacksonville fl","Not tracked","Not tracked",56,,0,,1,,0,
"naca jacksonville reviews","Not tracked","Not tracked",54,,0,,1,,0,
"naca nj","Not tracked","Not tracked",47,,0,,1,,0,
"naca philadelphia reviews","Not tracked","Not tracked",53,,0,,1,,0,
"naca program detroit","Not tracked","Not tracked",56,,0,,1,,0,
"naca san antonio","Not tracked","Not tracked",54,,0,,1,,0,
"nasb grandview","Not tracked","Not tracked",50,,0,,1,,0,
"nashville finance","Not tracked","Not tracked",92,,0,,1,,0,
"nashville financial","Not tracked","Not tracked",85,,0,,1,,0,
"nashville money guys","Not tracked","Not tracked",94,,0,,1,,0,
"nassau police credit union","Not tracked","Not tracked",50,,0,,1,,0,
"nation lending corporation","Not tracked","Not tracked",70,,0,,1,,0,
"national bank & trust","Not tracked","Not tracked",89,,0,,1,,0,
"national bank and trust","Not tracked","Not tracked",84,,0,,1,,0,
"national bank of virginia","Not tracked","Not tracked",56,,0,,1,,0,
"national bank va","Not tracked","Not tracked",41,,0,,1,,0,
"national consumer credit counseling","Not tracked","Not tracked",62,,0,,1,,0,
"national credit care","Not tracked","Not tracked",92,,0,,1,,0,
"national credit care reviews","Not tracked","Not tracked",62,,0,,1,,0,
"national credit counseling","Not tracked","Not tracked",65,,0,,1,,0,
"national credit counseling bureau","Not tracked","Not tracked",82,,0,,1,,0,
"national foundation for credit counseling (nfcc)","Not tracked","Not tracked",43,,0,,1,,0,
"national foundation for credit counseling nfcc","Not tracked","Not tracked",43,,0,,1,,0,
"national foundation for credit counseling reviews","Not tracked","Not tracked",56,,0,,1,,0,
"national funding business loans","Not tracked","Not tracked",82,,0,,1,,0,
"national funding com yes","Not tracked","Not tracked",58,,0,,1,,0,
"national funding partner","Not tracked","Not tracked",77,,0,,1,,0,
"national funding reviews bbb","Not tracked","Not tracked",77,,0,,1,,0,
"national lending mortgage","Not tracked","Not tracked",66,,0,,1,,0,
"national lending service","Not tracked","Not tracked",78,,0,,1,,0,
"national lending services","Not tracked","Not tracked",65,,0,,1,,0,
"national police credit union","Not tracked","Not tracked",42,,0,,1,,0,
"nations credit","Not tracked","Not tracked",92,,0,,1,,0,
"nations lending corporation","Not tracked","Not tracked",61,,0,,1,,0,
"nations lending service","Not tracked","Not tracked",76,,0,,1,,0,
"nations lending servicing","Not tracked","Not tracked",56,,0,,1,,0,
nationslending,"Not tracked","Not tracked",61,,0,,1,,0,
"nature's federal credit union","Not tracked","Not tracked",39,,0,,1,,0,
"naveo credit union routing number","Not tracked","Not tracked",35,,0,,1,,0,
"navicore solution","Not tracked","Not tracked",39,,0,,1,,0,
navicoresolutions,"Not tracked","Not tracked",37,,0,,1,,0,
"navy army community credit union corpus christi tx","Not tracked","Not tracked",64,,0,,1,,0,
"navy army credit union corpus christi","Not tracked","Not tracked",56,,0,,1,,0,
"navyarmy credit union","Not tracked","Not tracked",49,,0,,1,,0,
"nbkc online banking","Not tracked","Not tracked",48,,0,,1,,0,
"nbt bank.","Not tracked","Not tracked",45,,0,,1,,0,
"nbt bankl","Not tracked","Not tracked",66,,0,,1,,0,
"nbt. bank","Not tracked","Not tracked",65,,0,,1,,0,
nbtbsnk,"Not tracked","Not tracked",65,,0,,1,,0,
"ncpd credit","Not tracked","Not tracked",52,,0,,1,,0,
"ncpd fcu","Not tracked","Not tracked",51,,0,,1,,0,
"ncs cleveland oh","Not tracked","Not tracked",81,,0,,1,,0,
"ncs cleveland ohio","Not tracked","Not tracked",84,,0,,1,,0,
ndcfcu,"Not tracked","Not tracked",61,,0,,1,,0,
"nea loans personal loan","Not tracked","Not tracked",93,,0,,1,,0,
"nearest atm location","Not tracked","Not tracked",39,,0,,1,,0,
"nearest atm machine","Not tracked","Not tracked",40,,0,,1,,0,
"nearest pawn shop to me","Not tracked","Not tracked",70,,0,,1,,0,
"neches bank beaumont tx","Not tracked","Not tracked",72,,0,,1,,0,
"neches cu","Not tracked","Not tracked",35,,0,,1,,0,
"neches fcu rewards","Not tracked","Not tracked",51,,0,,1,,0,
"neches federal","Not tracked","Not tracked",48,,0,,1,,0,
"neches federal credit beaumont tx","Not tracked","Not tracked",47,,0,,1,,0,
"neches federal credit union cd rates","Not tracked","Not tracked",47,,0,,1,,0,
"nefcu vt","Not tracked","Not tracked",42,,0,,1,,0,
"nefcu williston vt","Not tracked","Not tracked",51,,0,,1,,0,
"negotiate pay for delete","Not tracked","Not tracked",70,,0,,1,,0,
"neighborhood housing partnership","Not tracked","Not tracked",80,,0,,1,,0,
"neighborhood works sacramento","Not tracked","Not tracked",50,,0,,1,,0,
"neighborworks great falls montana","Not tracked","Not tracked",42,,0,,1,,0,
"nesb bank","Not tracked","Not tracked",58,,0,,1,,0,
"net credit reviews bbb","Not tracked","Not tracked",59,,0,,1,,0,
"netbranch advantage one","Not tracked","Not tracked",68,,0,,1,,0,
"netspend company","Not tracked","Not tracked",87,,0,,1,,0,
"netspend corporation","Not tracked","Not tracked",74,,0,,1,,0,
"nevada coin and jewelry las vegas nv","Not tracked","Not tracked",93,,0,,1,,0,
"nevada coin las vegas","Not tracked","Not tracked",86,,0,,1,,0,
"nevada credit union bank","Not tracked","Not tracked",54,,0,,1,,0,
"nevada express title loans","Not tracked","Not tracked",71,,0,,1,,0,
"nevada federal credit","Not tracked","Not tracked",45,,0,,1,,0,
"nevada federal credit union","Not tracked","Not tracked",47,,0,,1,,0,
"nevada one credit union","Not tracked","Not tracked",37,,0,,1,,0,
"nevada title and loan","Not tracked","Not tracked",58,,0,,1,,0,
"new alliance federal credit union","Not tracked","Not tracked",51,,0,,1,,0,
"new castle bellco federal credit union","Not tracked","Not tracked",76,,0,,1,,0,
"new castle county employees federal credit union","Not tracked","Not tracked",56,,0,,1,,0,
"new england federal credit union","Not tracked","Not tracked",64,,0,,1,,0,
"new equipment finance","Not tracked","Not tracked",91,,0,,1,,0,
"new gen motorsports llc","Not tracked","Not tracked",50,,0,,1,,0,
"new heights finance","Not tracked","Not tracked",43,,0,,1,,0,
"new jersey credit union","Not tracked","Not tracked",64,,0,,1,,0,
"new tripoli bank new tripoli pa","Not tracked","Not tracked",28,,0,,1,,0,
"new world collection","Not tracked","Not tracked",31,,0,,1,,0,
newalliance,"Not tracked","Not tracked",56,,0,,1,,0,
"newberg pawn shop","Not tracked","Not tracked",30,,0,,1,,0,
"nfcc org reviews","Not tracked","Not tracked",44,,0,,1,,0,
"nfcc reviews bbb","Not tracked","Not tracked",26,,0,,1,,0,
"niles credit union","Not tracked","Not tracked",95,,0,,1,,0,
"nj community fcu","Not tracked","Not tracked",73,,0,,1,,0,
"nj community federal credit union","Not tracked","Not tracked",75,,0,,1,,0,
"nkbc bank","Not tracked","Not tracked",76,,0,,1,,0,
"nola motorcars","Not tracked","Not tracked",69,,0,,1,,0,
nomadcredit,"Not tracked","Not tracked",45,,0,,1,,0,
"nordstrom fcu","Not tracked","Not tracked",44,,0,,1,,0,
"nordstrom fcu checking","Not tracked","Not tracked",47,,0,,1,,0,
"norfolk community credit union","Not tracked","Not tracked",45,,0,,1,,0,
"norfolk community fcu","Not tracked","Not tracked",69,,0,,1,,0,
"norfolk credit union norfolk va","Not tracked","Not tracked",83,,0,,1,,0,
"north alabama educators","Not tracked","Not tracked",70,,0,,1,,0,
"north alabama educators credit union","Not tracked","Not tracked",49,,0,,1,,0,
"north american savings bank fsb","Not tracked","Not tracked",35,,0,,1,,0,
"north american savings bank mo review","Not tracked","Not tracked",67,,0,,1,,0,
"north arlington pawn arlington tx","Not tracked","Not tracked",54,,0,,1,,0,
"north bay cu","Not tracked","Not tracked",47,,0,,1,,0,
"north coast credit union ohio","Not tracked","Not tracked",73,,0,,1,,0,
"north easton bank","Not tracked","Not tracked",17,,0,,1,,0,
"north easton bank login","Not tracked","Not tracked",37,,0,,1,,0,
"north easton bank whitman","Not tracked","Not tracked",66,,0,,1,,0,
"north easton saving bank","Not tracked","Not tracked",48,,0,,1,,0,
"north easton savings","Not tracked","Not tracked",47,,0,,1,,0,
"north easton savings bank brockton","Not tracked","Not tracked",62,,0,,1,,0,
"north easton savings bank easton","Not tracked","Not tracked",55,,0,,1,,0,
"north easton savings bank halifax","Not tracked","Not tracked",72,,0,,1,,0,
"north easton savings bank hanson","Not tracked","Not tracked",77,,0,,1,,0,
"north easton savings bank login","Not tracked","Not tracked",36,,0,,1,,0,
"north easton savings bank mansfield","Not tracked","Not tracked",71,,0,,1,,0,
"north easton savings bank middleboro","Not tracked","Not tracked",66,,0,,1,,0,
"north easton savings bank norton","Not tracked","Not tracked",75,,0,,1,,0,
"north easton savings bank plymouth","Not tracked","Not tracked",72,,0,,1,,0,
"north horizon credit union","Not tracked","Not tracked",46,,0,,1,,0,
"north savings bank","Not tracked","Not tracked",74,,0,,1,,0,
"north western bank","Not tracked","Not tracked",69,,0,,1,,0,
"northbay credit union","Not tracked","Not tracked",49,,0,,1,,0,
"northeast texas professional credit union","Not tracked","Not tracked",59,,0,,1,,0,
"northeast title loan","Not tracked","Not tracked",72,,0,,1,,0,
"northeastern operating engineers fcu","Not tracked","Not tracked",55,,0,,1,,0,
"northeastern operating engineers federal credit union","Not tracked","Not tracked",54,,0,,1,,0,
"northern hills federal credit union","Not tracked","Not tracked",31,,0,,1,,0,
"northern skies","Not tracked","Not tracked",56,,0,,1,,0,
"northern skies fcu","Not tracked","Not tracked",40,,0,,1,,0,
"northern skies federal credit union","Not tracked","Not tracked",39,,0,,1,,0,
"northern valley credit union","Not tracked","Not tracked",25,,0,,1,,0,
"northern valley federal credit union","Not tracked","Not tracked",69,,0,,1,,0,
"northpointe bank","Not tracked","Not tracked",51,,0,,1,,0,
"northpointe bank grand rapids","Not tracked","Not tracked",16,,0,,1,,0,
"northpointe bank mi","Not tracked","Not tracked",31,,0,,1,,0,
"northpointe bank review","Not tracked","Not tracked",94,,0,,1,,0,
"northrop grumman credit rating","Not tracked","Not tracked",71,,0,,1,,0,
"northwester bank","Not tracked","Not tracked",87,,0,,1,,0,
"northwestern bank altoona","Not tracked","Not tracked",65,,0,,1,,0,
"northwestern bank checking accounts","Not tracked","Not tracked",86,,0,,1,,0,
"northwestern bank chippewa","Not tracked","Not tracked",59,,0,,1,,0,
"northwestern bank cornell","Not tracked","Not tracked",55,,0,,1,,0,
"northwestern bank cornell wisconsin","Not tracked","Not tracked",52,,0,,1,,0,
"northwestern bank eau claire","Not tracked","Not tracked",62,,0,,1,,0,
"northwestern bank in chippewa falls","Not tracked","Not tracked",59,,0,,1,,0,
"northwestern bank online","Not tracked","Not tracked",50,,0,,1,,0,
"northwestern bank routing number","Not tracked","Not tracked",58,,0,,1,,0,
"northwestern employees credit union","Not tracked","Not tracked",57,,0,,1,,0,
"northwestern energy employees federal credit union","Not tracked","Not tracked",59,,0,,1,,0,
"northwestern energy fcu","Not tracked","Not tracked",66,,0,,1,,0,
"northwestern state bank","Not tracked","Not tracked",91,,0,,1,,0,
"northwestern university credit union","Not tracked","Not tracked",64,,0,,1,,0,
northwesternbank,"Not tracked","Not tracked",40,,0,,1,,0,
"northwoods bank nevis","Not tracked","Not tracked",43,,0,,1,,0,
"northwoods bank of mn","Not tracked","Not tracked",44,,0,,1,,0,
"norway bank maine","Not tracked","Not tracked",45,,0,,1,,0,
"norway savings bank auburn me","Not tracked","Not tracked",78,,0,,1,,0,
"norway savings bank freeport maine","Not tracked","Not tracked",82,,0,,1,,0,
"norway savings bank fryeburg","Not tracked","Not tracked",38,,0,,1,,0,
"norway savings bank fryeburg maine","Not tracked","Not tracked",38,,0,,1,,0,
"norway savings bank maine","Not tracked","Not tracked",43,,0,,1,,0,
"norway savings bank mortgage rates","Not tracked","Not tracked",93,,0,,1,,0,
"norway savings bank portland maine","Not tracked","Not tracked",42,,0,,1,,0,
"norway's savings bank","Not tracked","Not tracked",49,,0,,1,,0,
norwaysavings,"Not tracked","Not tracked",47,,0,,1,,0,
"norwin credit union","Not tracked","Not tracked",7,,0,,1,,0,
"notre dame community federal credit union","Not tracked","Not tracked",56,,0,,1,,0,
"nova credit review","Not tracked","Not tracked",61,,0,,1,,0,
"nova fcu","Not tracked","Not tracked",65,,0,,1,,0,
novadebt,"Not tracked","Not tracked",78,,0,,1,,0,
"novation bank","Not tracked","Not tracked",56,,0,,1,,0,
"novation loan","Not tracked","Not tracked",61,,0,,1,,0,
"npc merchant services","Not tracked","Not tracked",50,,0,,1,,0,
"npc payments","Not tracked","Not tracked",44,,0,,1,,0,
"npt bank","Not tracked","Not tracked",70,,0,,1,,0,
nsuenda,"Not tracked","Not tracked",35,,0,,1,,0,
nucenda,"Not tracked","Not tracked",50,,0,,1,,0,
nuesenda,"Not tracked","Not tracked",40,,0,,1,,0,
"numerica auto loan","Not tracked","Not tracked",60,,0,,1,,0,
"numerica credit cards","Not tracked","Not tracked",82,,0,,1,,0,
"numerica credit union credit card","Not tracked","Not tracked",69,,0,,1,,0,
"numerica cu","Not tracked","Not tracked",40,,0,,1,,0,
nuscenda,"Not tracked","Not tracked",35,,0,,1,,0,
"nusenda car loan","Not tracked","Not tracked",50,,0,,1,,0,
"nusenda car loan rates","Not tracked","Not tracked",62,,0,,1,,0,
"nusenda credit union cd rates","Not tracked","Not tracked",54,,0,,1,,0,
"nusenda credit union ddos","Not tracked","Not tracked",87,,0,,1,,0,
"nusenda credit union review","Not tracked","Not tracked",47,,0,,1,,0,
"nusenda exchange traded","Not tracked","Not tracked",59,,0,,1,,0,
"nusenda fcu","Not tracked","Not tracked",39,,0,,1,,0,
"nusenda investments","Not tracked","Not tracked",52,,0,,1,,0,
"nusenda loan rates","Not tracked","Not tracked",53,,0,,1,,0,
"nusenda louisiana","Not tracked","Not tracked",26,,0,,1,,0,
"nusenda savings account","Not tracked","Not tracked",48,,0,,1,,0,
"nusenda savings account interest rate","Not tracked","Not tracked",52,,0,,1,,0,
nusends,"Not tracked","Not tracked",37,,0,,1,,0,
"nuvision reviews","Not tracked","Not tracked",58,,0,,1,,0,
nuvisuon,"Not tracked","Not tracked",48,,0,,1,,0,
nvbank,"Not tracked","Not tracked",76,,0,,1,,0,
"nw priority credit union reviews","Not tracked","Not tracked",37,,0,,1,,0,
"nw priority credit union routing number","Not tracked","Not tracked",57,,0,,1,,0,
nwbanks,"Not tracked","Not tracked",70,,0,,1,,0,
nwpcu,"Not tracked","Not tracked",58,,0,,1,,0,
"ny bravest","Not tracked","Not tracked",59,,0,,1,,0,
"ny bravest fcu","Not tracked","Not tracked",35,,0,,1,,0,
nytefcu,"Not tracked","Not tracked",46,,0,,1,,0,
"oak live bank","Not tracked","Not tracked",79,,0,,1,,0,
"oak tree bank","Not tracked","Not tracked",96,,0,,1,,0,
"oaktree bank","Not tracked","Not tracked",98,,0,,1,,0,
"oceanair auto loans","Not tracked","Not tracked",77,,0,,1,,0,
"oceanair rates","Not tracked","Not tracked",63,,0,,1,,0,
"oconee federal bank","Not tracked","Not tracked",51,,0,,1,,0,
"oconee federal savings & loan","Not tracked","Not tracked",57,,0,,1,,0,
"official ferrari dealer miami","Not tracked","Not tracked",88,,0,,1,,0,
"ogema credit union","Not tracked","Not tracked",90,,0,,1,,0,
"ohio bank visa debit card","Not tracked","Not tracked",25,,0,,1,,0,
"ohio first class credit union","Not tracked","Not tracked",90,,0,,1,,0,
"ohio valley credit union","Not tracked","Not tracked",54,,0,,1,,0,
"ohio valley credit union marietta ohio","Not tracked","Not tracked",55,,0,,1,,0,
"old hickory credit union donelson","Not tracked","Not tracked",36,,0,,1,,0,
"old second bank aurora illinois","Not tracked","Not tracked",46,,0,,1,,0,
"old second bank frankfort","Not tracked","Not tracked",40,,0,,1,,0,
"old second banking","Not tracked","Not tracked",40,,0,,1,,0,
"olympia bank","Not tracked","Not tracked",43,,0,,1,,0,
"olympic motors reviews","Not tracked","Not tracked",52,,0,,1,,0,
"omni military loans san diego","Not tracked","Not tracked",62,,0,,1,,0,
"omni title","Not tracked","Not tracked",73,,0,,1,,0,
"on call cash las vegas","Not tracked","Not tracked",64,,0,,1,,0,
"one american bank centerville","Not tracked","Not tracked",41,,0,,1,,0,
"one american bank sioux falls","Not tracked","Not tracked",74,,0,,1,,0,
"one az credit union reviews","Not tracked","Not tracked",56,,0,,1,,0,
"one az cu","Not tracked","Not tracked",47,,0,,1,,0,
"one main charlotte nc","Not tracked","Not tracked",64,,0,,1,,0,
"one main colorado springs","Not tracked","Not tracked",48,,0,,1,,0,
"one main concord nc","Not tracked","Not tracked",56,,0,,1,,0,
"one main financial chicago","Not tracked","Not tracked",44,,0,,1,,0,
"one main financial grand junction","Not tracked","Not tracked",64,,0,,1,,0,
"one main financial miami","Not tracked","Not tracked",51,,0,,1,,0,
"one main financial raleigh nc","Not tracked","Not tracked",56,,0,,1,,0,
"one nv credit union","Not tracked","Not tracked",46,,0,,1,,0,
"one republic finance","Not tracked","Not tracked",38,,0,,1,,0,
"one service credit union","Not tracked","Not tracked",83,,0,,1,,0,
"one stop auto mall","Not tracked","Not tracked",97,,0,,1,,0,
"oneaz credit union","Not tracked","Not tracked",36,,0,,1,,0,
"oneaz credit union business banking","Not tracked","Not tracked",80,,0,,1,,0,
"oneaz credit union fraud","Not tracked","Not tracked",83,,0,,1,,0,
"oneaz credit union nmls number","Not tracked","Not tracked",73,,0,,1,,0,
"oneaz credit union paypal","Not tracked","Not tracked",63,,0,,1,,0,
"oneaz credit union routing number","Not tracked","Not tracked",79,,0,,1,,0,
"oneaz cu","Not tracked","Not tracked",43,,0,,1,,0,
onecreditunion,"Not tracked","Not tracked",84,,0,,1,,0,
onefcu,"Not tracked","Not tracked",98,,0,,1,,0,
"onelocal bank","Not tracked","Not tracked",64,,0,,1,,0,
"onemain financial austin tx","Not tracked","Not tracked",50,,0,,1,,0,
"onemain financial colorado","Not tracked","Not tracked",65,,0,,1,,0,
"onemain financial okc","Not tracked","Not tracked",74,,0,,1,,0,
"onemain financial olathe","Not tracked","Not tracked",63,,0,,1,,0,
"onemain okc","Not tracked","Not tracked",53,,0,,1,,0,
"onetrust home loans reviews","Not tracked","Not tracked",80,,0,,1,,0,
"ontrack wnc","Not tracked","Not tracked",36,,0,,1,,0,
"onyx credit","Not tracked","Not tracked",96,,0,,1,,0,
"onyx lending","Not tracked","Not tracked",93,,0,,1,,0,
"onyx private banking reviews","Not tracked","Not tracked",52,,0,,1,,0,
"open account at 4front credit union","Not tracked","Not tracked",63,,0,,1,,0,
"open bridging loans","Not tracked","Not tracked",97,,0,,1,,0,
"operating in the black","Not tracked","Not tracked",63,,0,,1,,0,
"opiniones de advance america miami","Not tracked","Not tracked",12,,0,,1,,0,
"oportun hollywood","Not tracked","Not tracked",36,,0,,1,,0,
"oportun modesto","Not tracked","Not tracked",61,,0,,1,,0,
"oportun san carlos","Not tracked","Not tracked",49,,0,,1,,0,
"optimum bank fort lauderdale","Not tracked","Not tracked",84,,0,,1,,0,
"orange county credit union rates","Not tracked","Not tracked",65,,0,,1,,0,
"order cash","Not tracked","Not tracked",61,,0,,1,,0,
"order express - reno wells ave check cashing","Not tracked","Not tracked",28,,0,,1,,0,
"oregon city coin & jewelry","Not tracked","Not tracked",84,,0,,1,,0,
"oriental bank en puerto rico","Not tracked","Not tracked",29,,0,,1,,0,
"oriental bank mortgage puerto rico","Not tracked","Not tracked",50,,0,,1,,0,
"oriental bank puerto rico","Not tracked","Not tracked",22,,0,,1,,0,
"oriental mortgage puerto rico","Not tracked","Not tracked",34,,0,,1,,0,
"orion federal credit","Not tracked","Not tracked",48,,0,,1,,0,
"orlandi valuta western union","Not tracked","Not tracked",45,,0,,1,,0,
"ornl auto loan rates","Not tracked","Not tracked",41,,0,,1,,0,
"ornl car loans","Not tracked","Not tracked",62,,0,,1,,0,
"ornl credit union auto loan rates","Not tracked","Not tracked",73,,0,,1,,0,
"ornl interest rates","Not tracked","Not tracked",49,,0,,1,,0,
"ornl personal loan rates","Not tracked","Not tracked",37,,0,,1,,0,
"ornl savings account interest rate","Not tracked","Not tracked",36,,0,,1,,0,
"oshkosh community credit union","Not tracked","Not tracked",12,,0,,1,,0,
"ozark federal credit union cape girardeau","Not tracked","Not tracked",57,,0,,1,,0,
"ozark federal farmington missouri","Not tracked","Not tracked",64,,0,,1,,0,
"ozarks federal farmington mo","Not tracked","Not tracked",47,,0,,1,,0,
"ozarks federal ironton mo","Not tracked","Not tracked",48,,0,,1,,0,
"ozarks federal savings & loan","Not tracked","Not tracked",48,,0,,1,,0,
"pacific beach pawn","Not tracked","Not tracked",48,,0,,1,,0,
"pacific cascade federal credit union","Not tracked","Not tracked",55,,0,,1,,0,
"pacific cascade federal credit union springfield oregon","Not tracked","Not tracked",68,,0,,1,,0,
"pacific crest fcu","Not tracked","Not tracked",62,,0,,1,,0,
"pacific service","Not tracked","Not tracked",55,,0,,1,,0,
"pacific services","Not tracked","Not tracked",61,,0,,1,,0,
"pagoda federal credit union reading pa","Not tracked","Not tracked",73,,0,,1,,0,
"palco fcu","Not tracked","Not tracked",6,,0,,1,,0,
"palmetto first fcu","Not tracked","Not tracked",50,,0,,1,,0,
"palmetto first federal","Not tracked","Not tracked",50,,0,,1,,0,
"palmetto first federal credit union","Not tracked","Not tracked",48,,0,,1,,0,
palmettofirst,"Not tracked","Not tracked",43,,0,,1,,0,
"panhandle first bank guymon","Not tracked","Not tracked",35,,0,,1,,0,
"panhandle first bank guymon ok","Not tracked","Not tracked",32,,0,,1,,0,
"panhandle state bank","Not tracked","Not tracked",41,,0,,1,,0,
"pantex credit union borger texas","Not tracked","Not tracked",68,,0,,1,,0,
"pantex fcu","Not tracked","Not tracked",42,,0,,1,,0,
"pantex federal","Not tracked","Not tracked",41,,0,,1,,0,
"paper converting credit union","Not tracked","Not tracked",42,,0,,1,,0,
"paradise pawnbrokers","Not tracked","Not tracked",54,,0,,1,,0,
"paragon mills nashville","Not tracked","Not tracked",81,,0,,1,,0,
"paragon mills nashville tn","Not tracked","Not tracked",83,,0,,1,,0,
"paris national bank","Not tracked","Not tracked",74,,0,,1,,0,
"park heritage federal credit union","Not tracked","Not tracked",49,,0,,1,,0,
"park view bank","Not tracked","Not tracked",53,,0,,1,,0,
"park view credit union","Not tracked","Not tracked",37,,0,,1,,0,
"park view federal credit union harrisonburg va","Not tracked","Not tracked",37,,0,,1,,0,
"park view harrisonburg va","Not tracked","Not tracked",52,,0,,1,,0,
"parkplace finance","Not tracked","Not tracked",68,,0,,1,,0,
"parkway bank & trust co","Not tracked","Not tracked",45,,0,,1,,0,
"parkway bank & trust co inc","Not tracked","Not tracked",41,,0,,1,,0,
"parkway bank and trust company","Not tracked","Not tracked",44,,0,,1,,0,
"parkway bank and trust harwood heights il","Not tracked","Not tracked",45,,0,,1,,0,
"parkway bank cave creek","Not tracked","Not tracked",35,,0,,1,,0,
"parkway bank chicago","Not tracked","Not tracked",35,,0,,1,,0,
"parkway bank glendale heights","Not tracked","Not tracked",46,,0,,1,,0,
"parkway bank harwood heights","Not tracked","Not tracked",49,,0,,1,,0,
"parkway bank jefferson park","Not tracked","Not tracked",41,,0,,1,,0,
"parkway bank norridge","Not tracked","Not tracked",43,,0,,1,,0,
"parkway bank orland park","Not tracked","Not tracked",44,,0,,1,,0,
"parkway bank park ridge","Not tracked","Not tracked",65,,0,,1,,0,
parkwaybank,"Not tracked","Not tracked",43,,0,,1,,0,
"parlin dupont","Not tracked","Not tracked",78,,0,,1,,0,
"partner colorado credit union denver","Not tracked","Not tracked",49,,0,,1,,0,
"partner colorado cu","Not tracked","Not tracked",52,,0,,1,,0,
"partner credit","Not tracked","Not tracked",64,,0,,1,,0,
"partner of colorado credit union","Not tracked","Not tracked",60,,0,,1,,0,
"partnership financial credit union des plaines","Not tracked","Not tracked",42,,0,,1,,0,
"passkey banker","Not tracked","Not tracked",40,,0,,1,,0,
"passumpic bank","Not tracked","Not tracked",42,,0,,1,,0,
"passumpsic bank cd rates","Not tracked","Not tracked",85,,0,,1,,0,
"passumpsic bank danville vt","Not tracked","Not tracked",44,,0,,1,,0,
"passumpsic bank newport","Not tracked","Not tracked",33,,0,,1,,0,
"passumpsic bank whitefield nh","Not tracked","Not tracked",39,,0,,1,,0,
"passumpsic savings bank newport vt","Not tracked","Not tracked",34,,0,,1,,0,
"passumpsic vt","Not tracked","Not tracked",78,,0,,1,,0,
"path finder bank","Not tracked","Not tracked",49,,0,,1,,0,
"pathfinder bancorp","Not tracked","Not tracked",51,,0,,1,,0,
"pathfinder bancorp inc","Not tracked","Not tracked",54,,0,,1,,0,
"pathfinder bank cicero new york","Not tracked","Not tracked",83,,0,,1,,0,
"pathfinder bank clay ny","Not tracked","Not tracked",78,,0,,1,,0,
"pathfinder bank oswego ny","Not tracked","Not tracked",53,,0,,1,,0,
"pathway na","Not tracked","Not tracked",80,,0,,1,,0,
"pathway national association bank","Not tracked","Not tracked",73,,0,,1,,0,
"patriot bank atoka","Not tracked","Not tracked",51,,0,,1,,0,
"patriot bank munford tn","Not tracked","Not tracked",49,,0,,1,,0,
"patriot federal bank","Not tracked","Not tracked",56,,0,,1,,0,
"patterson state bank patterson la","Not tracked","Not tracked",35,,0,,1,,0,
pattersonstatebank,"Not tracked","Not tracked",29,,0,,1,,0,
"pawn max 2","Not tracked","Not tracked",58,,0,,1,,0,
"pawn max 49th street","Not tracked","Not tracked",53,,0,,1,,0,
"pawn max ii photos","Not tracked","Not tracked",63,,0,,1,,0,
"pawn max ii reviews","Not tracked","Not tracked",42,,0,,1,,0,
"pawn max pinellas park","Not tracked","Not tracked",46,,0,,1,,0,
"pawn max st pete","Not tracked","Not tracked",52,,0,,1,,0,
"pawn now","Not tracked","Not tracked",82,,0,,1,,0,
"pawn now mesa az","Not tracked","Not tracked",54,,0,,1,,0,
"pawn shop austin texas","Not tracked","Not tracked",47,,0,,1,,0,
"pawn shop austin tx","Not tracked","Not tracked",47,,0,,1,,0,
"pawn shop berwyn il","Not tracked","Not tracked",71,,0,,1,,0,
"pawn shop clinton township","Not tracked","Not tracked",46,,0,,1,,0,
"pawn shop colerain","Not tracked","Not tracked",72,,0,,1,,0,
"pawn shop cooper st arlington tx","Not tracked","Not tracked",60,,0,,1,,0,
"pawn shop delowe","Not tracked","Not tracked",54,,0,,1,,0,
"pawn shop denver","Not tracked","Not tracked",65,,0,,1,,0,
"pawn shop denver co","Not tracked","Not tracked",66,,0,,1,,0,
"pawn shop denver colorado","Not tracked","Not tracked",65,,0,,1,,0,
"pawn shop haltom city tx","Not tracked","Not tracked",74,,0,,1,,0,
"pawn shop harford rd","Not tracked","Not tracked",52,,0,,1,,0,
"pawn shop hermitage","Not tracked","Not tracked",79,,0,,1,,0,
"pawn shop in albuquerque","Not tracked","Not tracked",55,,0,,1,,0,
"pawn shop in albuquerque new mexico","Not tracked","Not tracked",73,,0,,1,,0,
"pawn shop in buckhead","Not tracked","Not tracked",61,,0,,1,,0,
"pawn shop in denver colorado","Not tracked","Not tracked",74,,0,,1,,0,
"pawn shop in smyrna","Not tracked","Not tracked",70,,0,,1,,0,
"pawn shop irwin pa","Not tracked","Not tracked",72,,0,,1,,0,
"pawn shop kenner la","Not tracked","Not tracked",55,,0,,1,,0,
"pawn shop loans","Not tracked","Not tracked",66,,0,,1,,0,
"pawn shop marrero","Not tracked","Not tracked",59,,0,,1,,0,
"pawn shop near me open","Not tracked","Not tracked",76,,0,,1,,0,
"pawn shop on howell mill road in atlanta ga","Not tracked","Not tracked",42,,0,,1,,0,
"pawn shop on la cienega","Not tracked","Not tracked",50,,0,,1,,0,
"pawn shop open near me","Not tracked","Not tracked",66,,0,,1,,0,
"pawn shop san diego ca","Not tracked","Not tracked",60,,0,,1,,0,
"pawn shop san ysidro","Not tracked","Not tracked",66,,0,,1,,0,
"pawn shop sandy springs","Not tracked","Not tracked",69,,0,,1,,0,
"pawn shop sandy springs ga","Not tracked","Not tracked",67,,0,,1,,0,
"pawn shop smyrna","Not tracked","Not tracked",69,,0,,1,,0,
"pawn shop smyrna ga","Not tracked","Not tracked",63,,0,,1,,0,
"pawn shop sugar land","Not tracked","Not tracked",55,,0,,1,,0,
"pawn shop tavares","Not tracked","Not tracked",58,,0,,1,,0,
"pawn shop walled lake","Not tracked","Not tracked",44,,0,,1,,0,
"pawn shop west park","Not tracked","Not tracked",61,,0,,1,,0,
"pawn shop yonkers ny","Not tracked","Not tracked",74,,0,,1,,0,
"pawn shops abq","Not tracked","Not tracked",55,,0,,1,,0,
"pawn shops albuquerque new mexico","Not tracked","Not tracked",66,,0,,1,,0,
"pawn shops albuquerque open now","Not tracked","Not tracked",57,,0,,1,,0,
"pawn shops austin tx","Not tracked","Not tracked",48,,0,,1,,0,
"pawn shops colerain","Not tracked","Not tracked",59,,0,,1,,0,
"pawn shops commerce city colorado","Not tracked","Not tracked",75,,0,,1,,0,
"pawn shops denver co","Not tracked","Not tracked",60,,0,,1,,0,
"pawn shops denver nc","Not tracked","Not tracked",64,,0,,1,,0,
"pawn shops essex md","Not tracked","Not tracked",54,,0,,1,,0,
"pawn shops georgetown texas","Not tracked","Not tracked",54,,0,,1,,0,
"pawn shops in atlanta","Not tracked","Not tracked",62,,0,,1,,0,
"pawn shops in austin tx","Not tracked","Not tracked",47,,0,,1,,0,
"pawn shops in denver","Not tracked","Not tracked",56,,0,,1,,0,
"pawn shops in denver co","Not tracked","Not tracked",71,,0,,1,,0,
"pawn shops in essex maryland","Not tracked","Not tracked",57,,0,,1,,0,
"pawn shops in essex md","Not tracked","Not tracked",53,,0,,1,,0,
"pawn shops in georgetown texas","Not tracked","Not tracked",76,,0,,1,,0,
"pawn shops in kenner","Not tracked","Not tracked",43,,0,,1,,0,
"pawn shops in kenner louisiana","Not tracked","Not tracked",63,,0,,1,,0,
"pawn shops in pomona","Not tracked","Not tracked",68,,0,,1,,0,
"pawn shops in tavares fl","Not tracked","Not tracked",84,,0,,1,,0,
"pawn shops in tigard oregon","Not tracked","Not tracked",66,,0,,1,,0,
"pawn shops kenner","Not tracked","Not tracked",72,,0,,1,,0,
"pawn shops san diego","Not tracked","Not tracked",61,,0,,1,,0,
"pawn shops smyrna ga","Not tracked","Not tracked",56,,0,,1,,0,
"pawn shops van nuys","Not tracked","Not tracked",79,,0,,1,,0,
"pawnbrokers san diego","Not tracked","Not tracked",64,,0,,1,,0,
"pawnshop albuquerque","Not tracked","Not tracked",57,,0,,1,,0,
"pawnshop denver","Not tracked","Not tracked",58,,0,,1,,0,
"pawnshop pomona","Not tracked","Not tracked",72,,0,,1,,0,
"pay for delete","Not tracked","Not tracked",81,,0,,1,,0,
"pay for delete credit","Not tracked","Not tracked",75,,0,,1,,0,
"pay for delete with financial recovery services","Not tracked","Not tracked",80,,0,,1,,0,
"pay per delete agreement","Not tracked","Not tracked",85,,0,,1,,0,
"pay to delete collections","Not tracked","Not tracked",77,,0,,1,,0,
"pay to delete credit","Not tracked","Not tracked",81,,0,,1,,0,
"payday advance madison tn","Not tracked","Not tracked",96,,0,,1,,0,
"payday all day","Not tracked","Not tracked",68,,0,,1,,0,
"payday champion loans","Not tracked","Not tracked",65,,0,,1,,0,
"payday champion reviews","Not tracked","Not tracked",21,,0,,1,,0,
"payday loan cash cow","Not tracked","Not tracked",20,,0,,1,,0,
"payday loans madison tennessee","Not tracked","Not tracked",85,,0,,1,,0,
"payday loans madison tn","Not tracked","Not tracked",86,,0,,1,,0,
"payday money centers- east san diego","Not tracked","Not tracked",19,,0,,1,,0,
"payment 1 san antonio","Not tracked","Not tracked",49,,0,,1,,0,
"payment atm","Not tracked","Not tracked",89,,0,,1,,0,
paymentone,"Not tracked","Not tracked",35,,0,,1,,0,
"pcu sa","Not tracked","Not tracked",94,,0,,1,,0,
"peach state credit","Not tracked","Not tracked",56,,0,,1,,0,
"peach state federal credit union pickens sc","Not tracked","Not tracked",45,,0,,1,,0,
"peach tree credit union","Not tracked","Not tracked",59,,0,,1,,0,
"peachstate credit","Not tracked","Not tracked",42,,0,,1,,0,
"pecu credit union","Not tracked","Not tracked",46,,0,,1,,0,
"penn credit union","Not tracked","Not tracked",64,,0,,1,,0,
"penn medicine credit union","Not tracked","Not tracked",56,,0,,1,,0,
"pennstar bank","Not tracked","Not tracked",72,,0,,1,,0,
"people credit union bank","Not tracked","Not tracked",84,,0,,1,,0,
"people cu","Not tracked","Not tracked",58,,0,,1,,0,
"people driven credit union phone number","Not tracked","Not tracked",76,,0,,1,,0,
"people first bank","Not tracked","Not tracked",65,,0,,1,,0,
"people first lending","Not tracked","Not tracked",38,,0,,1,,0,
"people's choice credit union","Not tracked","Not tracked",66,,0,,1,,0,
"people's driven credit union","Not tracked","Not tracked",30,,0,,1,,0,
"people's national bank","Not tracked","Not tracked",80,,0,,1,,0,
peopledrivencu,"Not tracked","Not tracked",22,,0,,1,,0,
"peoplefirst bank","Not tracked","Not tracked",74,,0,,1,,0,
"peoples bank centralia il","Not tracked","Not tracked",57,,0,,1,,0,
"peoples bank marion il","Not tracked","Not tracked",50,,0,,1,,0,
"peoples bank mcleansboro il","Not tracked","Not tracked",48,,0,,1,,0,
"peoples bank mt vernon il","Not tracked","Not tracked",73,,0,,1,,0,
"peoples choice reviews","Not tracked","Not tracked",79,,0,,1,,0,
"peoples credit","Not tracked","Not tracked",90,,0,,1,,0,
"peoples credit union amarillo texas","Not tracked","Not tracked",85,,0,,1,,0,
"peoples driven credit union","Not tracked","Not tracked",43,,0,,1,,0,
"peoples driven credit union livonia","Not tracked","Not tracked",25,,0,,1,,0,
"peoples federal credit union nitro wv","Not tracked","Not tracked",66,,0,,1,,0,
"peoples first bank","Not tracked","Not tracked",74,,0,,1,,0,
"peoples national","Not tracked","Not tracked",65,,0,,1,,0,
"peoples national bank benton il","Not tracked","Not tracked",57,,0,,1,,0,
"peoples national bank carmi","Not tracked","Not tracked",54,,0,,1,,0,
"peoples national bank carmi il","Not tracked","Not tracked",55,,0,,1,,0,
"peoples national bank illinois","Not tracked","Not tracked",53,,0,,1,,0,
"peoples national bank mcleansboro","Not tracked","Not tracked",48,,0,,1,,0,
"peoples national bank mcleansboro illinois","Not tracked","Not tracked",61,,0,,1,,0,
"peoples national bank mt vernon il","Not tracked","Not tracked",50,,0,,1,,0,
"peoples national bank salem illinois","Not tracked","Not tracked",89,,0,,1,,0,
"peoples state bank wells","Not tracked","Not tracked",58,,0,,1,,0,
peoplescreditunion,"Not tracked","Not tracked",92,,0,,1,,0,
"personal bank account west texas","Not tracked","Not tracked",59,,0,,1,,0,
"personal bank accounts greater houston","Not tracked","Not tracked",54,,0,,1,,0,
"personal banking options at city bank & trust","Not tracked","Not tracked",83,,0,,1,,0,
"personal banking with bmi fcu","Not tracked","Not tracked",85,,0,,1,,0,
"personal guarantee sba loan","Not tracked","Not tracked",89,,0,,1,,0,
"personal loan detroit","Not tracked","Not tracked",85,,0,,1,,0,
"personal loan missed payments","Not tracked","Not tracked",87,,0,,1,,0,
"personal loan tfcu","Not tracked","Not tracked",44,,0,,1,,0,
"personal loans best place","Not tracked","Not tracked",85,,0,,1,,0,
"personal loans detroit","Not tracked","Not tracked",88,,0,,1,,0,
"personal loans eecu","Not tracked","Not tracked",53,,0,,1,,0,
"personal loans tfcu","Not tracked","Not tracked",47,,0,,1,,0,
"personal loans truliant","Not tracked","Not tracked",75,,0,,1,,0,
"personal savings monson","Not tracked","Not tracked",48,,0,,1,,0,
"pfcu ez pay","Not tracked","Not tracked",55,,0,,1,,0,
"pfcu high yield savings rate","Not tracked","Not tracked",69,,0,,1,,0,
"pfcu interest rates","Not tracked","Not tracked",84,,0,,1,,0,
"pfcu jumbo cd rates","Not tracked","Not tracked",75,,0,,1,,0,
"pffcu shreveport","Not tracked","Not tracked",74,,0,,1,,0,
"pfsc inc","Not tracked","Not tracked",70,,0,,1,,0,
"phila credit union","Not tracked","Not tracked",44,,0,,1,,0,
"philadelphia credit","Not tracked","Not tracked",54,,0,,1,,0,
"philadelphia credit union bank","Not tracked","Not tracked",45,,0,,1,,0,
"philadelphia federal credit union credit card","Not tracked","Not tracked",71,,0,,1,,0,
"philadelphia telco credit union","Not tracked","Not tracked",66,,0,,1,,0,
"phoenix az pawn shops","Not tracked","Not tracked",63,,0,,1,,0,
"phoenix debt recovery","Not tracked","Not tracked",90,,0,,1,,0,
"phoenix recoveries","Not tracked","Not tracked",74,,0,,1,,0,
"phoenix recovery group san antonio","Not tracked","Not tracked",76,,0,,1,,0,
"pilgrim mortgage college station","Not tracked","Not tracked",98,,0,,1,,0,
"pima federal","Not tracked","Not tracked",55,,0,,1,,0,
"pima federal credit union","Not tracked","Not tracked",42,,0,,1,,0,
"pimlico group llc","Not tracked","Not tracked",70,,0,,1,,0,
"pinnacle credit repair reviews","Not tracked","Not tracked",74,,0,,1,,0,
"pioneer credit counseling","Not tracked","Not tracked",44,,0,,1,,0,
"pioneer credit counseling reviews","Not tracked","Not tracked",62,,0,,1,,0,
"plain capital bank","Not tracked","Not tracked",44,,0,,1,,0,
"plains capital banks","Not tracked","Not tracked",37,,0,,1,,0,
"plains capitol","Not tracked","Not tracked",32,,0,,1,,0,
"plains capitol bank","Not tracked","Not tracked",24,,0,,1,,0,
"plains captial bank","Not tracked","Not tracked",36,,0,,1,,0,
"plains credit union","Not tracked","Not tracked",67,,0,,1,,0,
"plainscapital bank business debit card texas","Not tracked","Not tracked",46,,0,,1,,0,
"plainscapital bank credit solutions","Not tracked","Not tracked",43,,0,,1,,0,
"plainscapital bank lines of credit","Not tracked","Not tracked",64,,0,,1,,0,
"plainscapital bank san antonio","Not tracked","Not tracked",36,,0,,1,,0,
"plainscapital bank texas","Not tracked","Not tracked",37,,0,,1,,0,
"plainscapital bank texas business checking","Not tracked","Not tracked",72,,0,,1,,0,
"plainscapital company","Not tracked","Not tracked",29,,0,,1,,0,
"planet bank","Not tracked","Not tracked",68,,0,,1,,0,
"plans capital bank","Not tracked","Not tracked",43,,0,,1,,0,
"planters bank & trust co","Not tracked","Not tracked",60,,0,,1,,0,
"planters bank & trust company","Not tracked","Not tracked",58,,0,,1,,0,
"planters bank and trust","Not tracked","Not tracked",64,,0,,1,,0,
"planters bank hopkinsville","Not tracked","Not tracked",64,,0,,1,,0,
"planters bank hopkinsville ky","Not tracked","Not tracked",64,,0,,1,,0,
"planters bank hopkinsville ky routing number","Not tracked","Not tracked",78,,0,,1,,0,
"planters bank inc","Not tracked","Not tracked",83,,0,,1,,0,
"planters bank kentucky","Not tracked","Not tracked",65,,0,,1,,0,
"planters bank ky","Not tracked","Not tracked",62,,0,,1,,0,
"planters bank mortgage","Not tracked","Not tracked",63,,0,,1,,0,
"planters bank sebree ky","Not tracked","Not tracked",61,,0,,1,,0,
"planters banks","Not tracked","Not tracked",75,,0,,1,,0,
plantersbankonline,"Not tracked","Not tracked",48,,0,,1,,0,
"plato's closet fort worth tx","Not tracked","Not tracked",67,,0,,1,,0,
"plato's closet hulen","Not tracked","Not tracked",54,,0,,1,,0,
"pls fern valley","Not tracked","Not tracked",11,,0,,1,,0,
"pls louisville ky","Not tracked","Not tracked",45,,0,,1,,0,
"pls mesquite","Not tracked","Not tracked",52,,0,,1,,0,
"pls mesquite tx","Not tracked","Not tracked",55,,0,,1,,0,
"pls preston","Not tracked","Not tracked",29,,0,,1,,0,
"pls review","Not tracked","Not tracked",66,,0,,1,,0,
"pls reviews","Not tracked","Not tracked",47,,0,,1,,0,
"pnb bank near me","Not tracked","Not tracked",82,,0,,1,,0,
"point breeze auto loan rates","Not tracked","Not tracked",56,,0,,1,,0,
"point breeze credit","Not tracked","Not tracked",68,,0,,1,,0,
"point breeze credit union","Not tracked","Not tracked",50,,0,,1,,0,
"point breeze credit union baltimore","Not tracked","Not tracked",58,,0,,1,,0,
"point breeze credit union bel air maryland","Not tracked","Not tracked",64,,0,,1,,0,
"point breeze credit union hunt valley md","Not tracked","Not tracked",59,,0,,1,,0,
"point breeze credit union reviews","Not tracked","Not tracked",68,,0,,1,,0,
"point breeze personal loan","Not tracked","Not tracked",66,,0,,1,,0,
"point breeze rates","Not tracked","Not tracked",63,,0,,1,,0,
"point breeze westminster","Not tracked","Not tracked",59,,0,,1,,0,
pointbreeze,"Not tracked","Not tracked",64,,0,,1,,0,
"polam bank","Not tracked","Not tracked",37,,0,,1,,0,
"polam credit union","Not tracked","Not tracked",41,,0,,1,,0,
"polam fcu los angeles","Not tracked","Not tracked",48,,0,,1,,0,
"polam federal credit union los angeles","Not tracked","Not tracked",52,,0,,1,,0,
"pomona pawn shop","Not tracked","Not tracked",59,,0,,1,,0,
"ponce bank","Not tracked","Not tracked",57,,0,,1,,0,
"poplar bluff credit union","Not tracked","Not tracked",65,,0,,1,,0,
"port houston credit union","Not tracked","Not tracked",63,,0,,1,,0,
"portage financial","Not tracked","Not tracked",22,,0,,1,,0,
"portage financial services","Not tracked","Not tracked",26,,0,,1,,0,
"portland farmers bank","Not tracked","Not tracked",73,,0,,1,,0,
"portside finance","Not tracked","Not tracked",7,,0,,1,,0,
"power finance arlington tx","Not tracked","Not tracked",85,,0,,1,,0,
"power loans inc","Not tracked","Not tracked",52,,0,,1,,0,
"prague bank","Not tracked","Not tracked",70,,0,,1,,0,
"prairie state bank and trust","Not tracked","Not tracked",58,,0,,1,,0,
"precious metals fine motor cars of san diego","Not tracked","Not tracked",65,,0,,1,,0,
"preferred bank los angeles","Not tracked","Not tracked",57,,0,,1,,0,
"premeir members credit union","Not tracked","Not tracked",56,,0,,1,,0,
"premier america","Not tracked","Not tracked",61,,0,,1,,0,
"premier credit union colorado","Not tracked","Not tracked",53,,0,,1,,0,
"premier member","Not tracked","Not tracked",82,,0,,1,,0,
"premier members credit","Not tracked","Not tracked",55,,0,,1,,0,
"premier members credit union colorado","Not tracked","Not tracked",53,,0,,1,,0,
"premier members credit union payment","Not tracked","Not tracked",76,,0,,1,,0,
"premier members login","Not tracked","Not tracked",30,,0,,1,,0,
"presto auto loans mesa","Not tracked","Not tracked",76,,0,,1,,0,
"presto loans phoenix","Not tracked","Not tracked",54,,0,,1,,0,
"prime america bank","Not tracked","Not tracked",73,,0,,1,,0,
"primeline capital","Not tracked","Not tracked",25,,0,,1,,0,
"princess anne pawn","Not tracked","Not tracked",40,,0,,1,,0,
"priority plus credit union","Not tracked","Not tracked",55,,0,,1,,0,
"priority trust credit union reviews","Not tracked","Not tracked",58,,0,,1,,0,
"priority trust cu","Not tracked","Not tracked",49,,0,,1,,0,
"prize savings lowell","Not tracked","Not tracked",47,,0,,1,,0,
promiseone,"Not tracked","Not tracked",20,,0,,1,,0,
"promiseone bank duluth","Not tracked","Not tracked",20,,0,,1,,0,
"propell credit union","Not tracked","Not tracked",70,,0,,1,,0,
"provident bank credit union","Not tracked","Not tracked",40,,0,,1,,0,
"provident bank nj online","Not tracked","Not tracked",79,,0,,1,,0,
"provident checking","Not tracked","Not tracked",66,,0,,1,,0,
"provident credit","Not tracked","Not tracked",43,,0,,1,,0,
"provident credit union review","Not tracked","Not tracked",44,,0,,1,,0,
"provident credit union reviews","Not tracked","Not tracked",44,,0,,1,,0,
"provident loan society of new york","Not tracked","Not tracked",64,,0,,1,,0,
"prr federal credit union","Not tracked","Not tracked",81,,0,,1,,0,
"prr south fork credit union","Not tracked","Not tracked",72,,0,,1,,0,
"psecu atm fees","Not tracked","Not tracked",24,,0,,1,,0,
"psecu deposit atm","Not tracked","Not tracked",87,,0,,1,,0,
"psecu deposit cash","Not tracked","Not tracked",85,,0,,1,,0,
"pslf income based repayment","Not tracked","Not tracked",84,,0,,1,,0,
"pslf qualifying repayment plans","Not tracked","Not tracked",59,,0,,1,,0,
"public employees credit union","Not tracked","Not tracked",67,,0,,1,,0,
"public housing greensboro nc","Not tracked","Not tracked",65,,0,,1,,0,
"public service credit union fort wayne","Not tracked","Not tracked",55,,0,,1,,0,
"puget sound energy credit union","Not tracked","Not tracked",51,,0,,1,,0,
"purdue federal credit union cd rates","Not tracked","Not tracked",72,,0,,1,,0,
"purina credit union","Not tracked","Not tracked",74,,0,,1,,0,
"pursuit bank","Not tracked","Not tracked",46,,0,,1,,0,
"pursuit cdc","Not tracked","Not tracked",44,,0,,1,,0,
"pursuit finance","Not tracked","Not tracked",43,,0,,1,,0,
"pursuit funding","Not tracked","Not tracked",39,,0,,1,,0,
"pursuit loan","Not tracked","Not tracked",37,,0,,1,,0,
"qc loan","Not tracked","Not tracked",85,,0,,1,,0,
"quick bridging loan","Not tracked","Not tracked",90,,0,,1,,0,
"quick loans oklahoma city ok","Not tracked","Not tracked",100,,0,,1,,0,
"quontic bank","Not tracked","Not tracked",24,,0,,1,,0,
"quontic mortgage reviews","Not tracked","Not tracked",74,,0,,1,,0,
"radius bank","Not tracked","Not tracked",79,,0,,1,,0,
"radius credit union online banking","Not tracked","Not tracked",53,,0,,1,,0,
"railway credit","Not tracked","Not tracked",64,,0,,1,,0,
"railway credit union bismarck nd","Not tracked","Not tracked",37,,0,,1,,0,
"railway credit union bismarck north dakota","Not tracked","Not tracked",44,,0,,1,,0,
"railway credit union login","Not tracked","Not tracked",53,,0,,1,,0,
"railway credit union mandan nd","Not tracked","Not tracked",41,,0,,1,,0,
"rally credit union","Not tracked","Not tracked",49,,0,,1,,0,
"rally credit union corpus christi","Not tracked","Not tracked",56,,0,,1,,0,
"rally credit union interest rates","Not tracked","Not tracked",61,,0,,1,,0,
"rally credit union kingsville","Not tracked","Not tracked",52,,0,,1,,0,
"rally federal credit union","Not tracked","Not tracked",52,,0,,1,,0,
"rally finance","Not tracked","Not tracked",48,,0,,1,,0,
"rally financial","Not tracked","Not tracked",52,,0,,1,,0,
"rally interest rates","Not tracked","Not tracked",22,,0,,1,,0,
"rally loans","Not tracked","Not tracked",39,,0,,1,,0,
"rally rates","Not tracked","Not tracked",22,,0,,1,,0,
"rally union","Not tracked","Not tracked",78,,0,,1,,0,
"randall state bank brainerd","Not tracked","Not tracked",75,,0,,1,,0,
"rapid cash sahara","Not tracked","Not tracked",60,,0,,1,,0,
"ray's check cashing","Not tracked","Not tracked",48,,0,,1,,0,
"rbc bank atlanta","Not tracked","Not tracked",61,,0,,1,,0,
"rbc bank atlanta ga","Not tracked","Not tracked",64,,0,,1,,0,
"rbc bank ga","Not tracked","Not tracked",20,,0,,1,,0,
"rbc bank georgia address","Not tracked","Not tracked",60,,0,,1,,0,
"rbc bank georgia na address","Not tracked","Not tracked",61,,0,,1,,0,
"rccu credit union","Not tracked","Not tracked",58,,0,,1,,0,
"reaves & lee attorneys at law","Not tracked","Not tracked",57,,0,,1,,0,
"red canoe credit card","Not tracked","Not tracked",50,,0,,1,,0,
"red canoe credit union castle rock","Not tracked","Not tracked",89,,0,,1,,0,
"red canoe credit union official website","Not tracked","Not tracked",10,,0,,1,,0,
"red canoe home loan rates","Not tracked","Not tracked",60,,0,,1,,0,
"red herring bank","Not tracked","Not tracked",28,,0,,1,,0,
"red noland cadillac inc. cadillac colorado","Not tracked","Not tracked",95,,0,,1,,0,
"redcanoe credit union","Not tracked","Not tracked",56,,0,,1,,0,
"refijet bbb","Not tracked","Not tracked",86,,0,,1,,0,
"refinance loan company metairie","Not tracked","Not tracked",76,,0,,1,,0,
"regional acceptance arlington tx","Not tracked","Not tracked",61,,0,,1,,0,
"regional acceptance personal loans","Not tracked","Not tracked",31,,0,,1,,0,
"regional fin","Not tracked","Not tracked",34,,0,,1,,0,
"regional finance antioch tn","Not tracked","Not tracked",72,,0,,1,,0,
"regional finance arlington","Not tracked","Not tracked",58,,0,,1,,0,
"regional finance baytown","Not tracked","Not tracked",60,,0,,1,,0,
"regional finance broken arrow","Not tracked","Not tracked",65,,0,,1,,0,
"regional finance chattanooga","Not tracked","Not tracked",32,,0,,1,,0,
"regional finance columbia tn","Not tracked","Not tracked",48,,0,,1,,0,
"regional finance concord nc","Not tracked","Not tracked",28,,0,,1,,0,
"regional finance cookeville tennessee","Not tracked","Not tracked",43,,0,,1,,0,
"regional finance dickson tn","Not tracked","Not tracked",70,,0,,1,,0,
"regional finance garner","Not tracked","Not tracked",65,,0,,1,,0,
"regional finance high point","Not tracked","Not tracked",27,,0,,1,,0,
"regional finance hope mills nc","Not tracked","Not tracked",39,,0,,1,,0,
"regional finance jackson tennessee","Not tracked","Not tracked",57,,0,,1,,0,
"regional finance johnson city tn","Not tracked","Not tracked",68,,0,,1,,0,
"regional finance kingsport","Not tracked","Not tracked",65,,0,,1,,0,
"regional finance kingsport tn","Not tracked","Not tracked",72,,0,,1,,0,
"regional finance knightdale","Not tracked","Not tracked",54,,0,,1,,0,
"regional finance lebanon tn","Not tracked","Not tracked",66,,0,,1,,0,
"regional finance loan check reviews","Not tracked","Not tracked",61,,0,,1,,0,
"regional finance loans reviews","Not tracked","Not tracked",62,,0,,1,,0,
"regional finance lumberton nc","Not tracked","Not tracked",66,,0,,1,,0,
"regional finance madison tn","Not tracked","Not tracked",75,,0,,1,,0,
"regional finance mcalester ok","Not tracked","Not tracked",72,,0,,1,,0,
"regional finance midwest city","Not tracked","Not tracked",70,,0,,1,,0,
"regional finance moody","Not tracked","Not tracked",77,,0,,1,,0,
"regional finance morristown tennessee","Not tracked","Not tracked",62,,0,,1,,0,
"regional finance morristown tn","Not tracked","Not tracked",66,,0,,1,,0,
"regional finance muskogee ok","Not tracked","Not tracked",71,,0,,1,,0,
"regional finance rockingham nc","Not tracked","Not tracked",51,,0,,1,,0,
"regional finance winterville nc","Not tracked","Not tracked",61,,0,,1,,0,
"regional loan company","Not tracked","Not tracked",29,,0,,1,,0,
"regional members credit union","Not tracked","Not tracked",58,,0,,1,,0,
"regional members federal credit union","Not tracked","Not tracked",73,,0,,1,,0,
"regional one finance","Not tracked","Not tracked",30,,0,,1,,0,
"regions federal credit union","Not tracked","Not tracked",73,,0,,1,,0,
"release from tax debt","Not tracked","Not tracked",97,,0,,1,,0,
"reliabank dakota","Not tracked","Not tracked",46,,0,,1,,0,
"reliabank hours","Not tracked","Not tracked",58,,0,,1,,0,
"reliabank humboldt sd","Not tracked","Not tracked",87,,0,,1,,0,
"reliabank online","Not tracked","Not tracked",70,,0,,1,,0,
"reliabank watertown south dakota","Not tracked","Not tracked",64,,0,,1,,0,
"reliance debt collector","Not tracked","Not tracked",71,,0,,1,,0,
"reliant capital solutions debt collector","Not tracked","Not tracked",20,,0,,1,,0,
"reliant capital solutions phone number","Not tracked","Not tracked",76,,0,,1,,0,
"reliant debt collector","Not tracked","Not tracked",69,,0,,1,,0,
"reliant solution","Not tracked","Not tracked",72,,0,,1,,0,
"reliant solution group reviews","Not tracked","Not tracked",53,,0,,1,,0,
"reliant solutions","Not tracked","Not tracked",75,,0,,1,,0,
"reliant solutions group","Not tracked","Not tracked",67,,0,,1,,0,
"remedy credit union","Not tracked","Not tracked",49,,0,,1,,0,
"rent debt collection agency","Not tracked","Not tracked",84,,0,,1,,0,
"rent payment credit reporting","Not tracked","Not tracked",95,,0,,1,,0,
"rentdebt reviews","Not tracked","Not tracked",48,,0,,1,,0,
"republic finace","Not tracked","Not tracked",46,,0,,1,,0,
"republic finance cedar park","Not tracked","Not tracked",47,,0,,1,,0,
"republic finance greensboro","Not tracked","Not tracked",78,,0,,1,,0,
"republic finance loan","Not tracked","Not tracked",29,,0,,1,,0,
"republic finance wilmington nc","Not tracked","Not tracked",81,,0,,1,,0,
"republic financial services","Not tracked","Not tracked",38,,0,,1,,0,
"republic financing","Not tracked","Not tracked",48,,0,,1,,0,
"republic loan company","Not tracked","Not tracked",36,,0,,1,,0,
"republic nc finance","Not tracked","Not tracked",54,,0,,1,,0,
"republic personal loans","Not tracked","Not tracked",23,,0,,1,,0,
"republic/nc on credit report","Not tracked","Not tracked",28,,0,,1,,0,
republicfinance,"Not tracked","Not tracked",41,,0,,1,,0,
"reputable personal loan companies","Not tracked","Not tracked",92,,0,,1,,0,
"resound cu p2pext xfr 000000","Not tracked","Not tracked",24,,0,,1,,0,
"resource bank checking account","Not tracked","Not tracked",89,,0,,1,,0,
"resources credit union","Not tracked","Not tracked",86,,0,,1,,0,
"resync debt settlement","Not tracked","Not tracked",86,,0,,1,,0,
"reviews carhop auto sales","Not tracked","Not tracked",63,,0,,1,,0,
"reviews for mortgage refinance companies san diego","Not tracked","Not tracked",78,,0,,1,,0,
"revity bank","Not tracked","Not tracked",54,,0,,1,,0,
"revolution mortgage reviews","Not tracked","Not tracked",60,,0,,1,,0,
"rewards savings lowell","Not tracked","Not tracked",38,,0,,1,,0,
"reyna mortgage group | mortgage lender – berwyn, cicero, chicago, fha, conventional, dscr, fixnflip, down payment, grants","Not tracked","Not tracked",9,,0,,1,,0,
"ria cash pickup","Not tracked","Not tracked",74,,0,,1,,0,
"ria money transfer houston","Not tracked","Not tracked",58,,0,,1,,0,
"ria money transfer san antonio","Not tracked","Not tracked",42,,0,,1,,0,
"ria partners","Not tracked","Not tracked",70,,0,,1,,0,
"richmond credit union","Not tracked","Not tracked",47,,0,,1,,0,
"rio bank harlingen","Not tracked","Not tracked",63,,0,,1,,0,
"rio bank in mcallen texas","Not tracked","Not tracked",63,,0,,1,,0,
"rio bank johnson city tx","Not tracked","Not tracked",48,,0,,1,,0,
"rio bank marble falls tx","Not tracked","Not tracked",52,,0,,1,,0,
"rio bank mcallen","Not tracked","Not tracked",48,,0,,1,,0,
"rio money exchange","Not tracked","Not tracked",60,,0,,1,,0,
"river bank & trust review","Not tracked","Not tracked",24,,0,,1,,0,
"river city bank san antonio","Not tracked","Not tracked",49,,0,,1,,0,
"river city credit","Not tracked","Not tracked",37,,0,,1,,0,
"river city fcu","Not tracked","Not tracked",39,,0,,1,,0,
"river city federal credit union review","Not tracked","Not tracked",46,,0,,1,,0,
"river town federal credit union","Not tracked","Not tracked",69,,0,,1,,0,
"river valley bank review","Not tracked","Not tracked",80,,0,,1,,0,
"riverfall bank","Not tracked","Not tracked",47,,0,,1,,0,
"rivertown credit union fort smith","Not tracked","Not tracked",86,,0,,1,,0,
"rmbt bank","Not tracked","Not tracked",23,,0,,1,,0,
"rmlefcu credit union","Not tracked","Not tracked",57,,0,,1,,0,
"rnc bridge & private hard money","Not tracked","Not tracked",80,,0,,1,,0,
"robinhood auto credit inc","Not tracked","Not tracked",71,,0,,1,,0,
"rockand trust","Not tracked","Not tracked",54,,0,,1,,0,
"rocket auto loan","Not tracked","Not tracked",80,,0,,1,,0,
"rockland bank online banking","Not tracked","Not tracked",40,,0,,1,,0,
"rockland federal credit union reviews","Not tracked","Not tracked",54,,0,,1,,0,
"rockland online banking","Not tracked","Not tracked",43,,0,,1,,0,
"rockland trust bank reviews","Not tracked","Not tracked",59,,0,,1,,0,
"rockland trust banking","Not tracked","Not tracked",46,,0,,1,,0,
"rockland trust car loan","Not tracked","Not tracked",90,,0,,1,,0,
"rockland trust credit card","Not tracked","Not tracked",80,,0,,1,,0,
"rockland trust loan rates","Not tracked","Not tracked",83,,0,,1,,0,
"rockland trust online business banking","Not tracked","Not tracked",64,,0,,1,,0,
"rockland trust personal loan rates","Not tracked","Not tracked",63,,0,,1,,0,
"rockland trust visa","Not tracked","Not tracked",60,,0,,1,,0,
"rocklnd trust","Not tracked","Not tracked",50,,0,,1,,0,
"rocky mountain bank and trust","Not tracked","Not tracked",40,,0,,1,,0,
"rocky mountain title","Not tracked","Not tracked",80,,0,,1,,0,
rockymountainbank,"Not tracked","Not tracked",72,,0,,1,,0,
"rok financial business loans","Not tracked","Not tracked",35,,0,,1,,0,
"rolls royce manhattan","Not tracked","Not tracked",90,,0,,1,,0,
"rolls royce of manhattan","Not tracked","Not tracked",86,,0,,1,,0,
"rolls-royce manhattan","Not tracked","Not tracked",87,,0,,1,,0,
"rome credit union","Not tracked","Not tracked",60,,0,,1,,0,
"rose rock capital","Not tracked","Not tracked",27,,0,,1,,0,
"roserock capital","Not tracked","Not tracked",28,,0,,1,,0,
"royalty pawn","Not tracked","Not tracked",76,,0,,1,,0,
"royce bryant park","Not tracked","Not tracked",50,,0,,1,,0,
"rs bellco credit union","Not tracked","Not tracked",54,,0,,1,,0,
"rs bellco new brighton","Not tracked","Not tracked",49,,0,,1,,0,
rsbellco,"Not tracked","Not tracked",46,,0,,1,,0,
"rt federal credit union","Not tracked","Not tracked",29,,0,,1,,0,
"rural cooperatives credit union","Not tracked","Not tracked",89,,0,,1,,0,
"russell country fcu routing number","Not tracked","Not tracked",83,,0,,1,,0,
"rva financial reviews","Not tracked","Not tracked",58,,0,,1,,0,
"sachs goldman","Not tracked","Not tracked",70,,0,,1,,0,
"sacks and sacks law firm","Not tracked","Not tracked",94,,0,,1,,0,
"sacks and sacks lawyers","Not tracked","Not tracked",98,,0,,1,,0,
"sag aftra credit","Not tracked","Not tracked",70,,0,,1,,0,
"sag aftra credit union phone number","Not tracked","Not tracked",90,,0,,1,,0,
"sag aftra fcu","Not tracked","Not tracked",58,,0,,1,,0,
"sag aftra fcu login","Not tracked","Not tracked",48,,0,,1,,0,
"sag aftra federal credit union coogan account","Not tracked","Not tracked",62,,0,,1,,0,
"sag aftra federal credit union login","Not tracked","Not tracked",47,,0,,1,,0,
"sag credit","Not tracked","Not tracked",64,,0,,1,,0,
"sag federal credit union","Not tracked","Not tracked",52,,0,,1,,0,
"sagesure address","Not tracked","Not tracked",90,,0,,1,,0,
"sagesure insurance contact number","Not tracked","Not tracked",90,,0,,1,,0,
"sagesure number","Not tracked","Not tracked",94,,0,,1,,0,
"saint james savings","Not tracked","Not tracked",60,,0,,1,,0,
"salina interparochial cu photos","Not tracked","Not tracked",61,,0,,1,,0,
"sam's auto sales chicago","Not tracked","Not tracked",66,,0,,1,,0,
"sammamish mortgage reddit","Not tracked","Not tracked",37,,0,,1,,0,
"sammamish mortgage reviews","Not tracked","Not tracked",40,,0,,1,,0,
"san antonio citizens credit union","Not tracked","Not tracked",17,,0,,1,,0,
"san antonio credit","Not tracked","Not tracked",46,,0,,1,,0,
"san antonio credit union bank","Not tracked","Not tracked",39,,0,,1,,0,
"san antonio credit union phone number","Not tracked","Not tracked",75,,0,,1,,0,
"san antonio federal credit union san antonio","Not tracked","Not tracked",90,,0,,1,,0,
"san credit union","Not tracked","Not tracked",78,,0,,1,,0,
"san diego pawn shops","Not tracked","Not tracked",69,,0,,1,,0,
"sandia area cd rates","Not tracked","Not tracked",70,,0,,1,,0,
"sandia area credit union","Not tracked","Not tracked",44,,0,,1,,0,
"sandia area federal","Not tracked","Not tracked",43,,0,,1,,0,
"sandia area federal credit union reviews","Not tracked","Not tracked",56,,0,,1,,0,
"sandia credit","Not tracked","Not tracked",39,,0,,1,,0,
"sandia credit union albuquerque","Not tracked","Not tracked",41,,0,,1,,0,
"sandia credit union auto loan rates","Not tracked","Not tracked",62,,0,,1,,0,
"santa barbara federal teachers credit union","Not tracked","Not tracked",54,,0,,1,,0,
"saratoga bank and trust","Not tracked","Not tracked",35,,0,,1,,0,
"saratoga national bank & trust company","Not tracked","Not tracked",43,,0,,1,,0,
"saving bank of walpole","Not tracked","Not tracked",37,,0,,1,,0,
"savings account alden","Not tracked","Not tracked",44,,0,,1,,0,
"savings bank of walpole hours","Not tracked","Not tracked",38,,0,,1,,0,
"savings bank of walpole phone number","Not tracked","Not tracked",80,,0,,1,,0,
"savings bank of walpole walpole new hampshire","Not tracked","Not tracked",36,,0,,1,,0,
"savings bank primghar","Not tracked","Not tracked",25,,0,,1,,0,
savingsbankofwalpole,"Not tracked","Not tracked",40,,0,,1,,0,
"sb state bank","Not tracked","Not tracked",96,,0,,1,,0,
"sba guaranteed loans","Not tracked","Not tracked",99,,0,,1,,0,
"sba loan personal","Not tracked","Not tracked",86,,0,,1,,0,
"sba loans personal guarantee","Not tracked","Not tracked",90,,0,,1,,0,
"sbcu credit union","Not tracked","Not tracked",71,,0,,1,,0,
"sbg funding google reviews","Not tracked","Not tracked",53,,0,,1,,0,
"sbol bank","Not tracked","Not tracked",95,,0,,1,,0,
"sc credit union checking rates","Not tracked","Not tracked",47,,0,,1,,0,
"sccu personal loans","Not tracked","Not tracked",61,,0,,1,,0,
"schoolsfirst federal credit union san diego mission valley reviews","Not tracked","Not tracked",11,,0,,1,,0,
sctelco,"Not tracked","Not tracked",71,,0,,1,,0,
"sctelco credit union","Not tracked","Not tracked",94,,0,,1,,0,
"scu credit union sharon","Not tracked","Not tracked",47,,0,,1,,0,
"scu credit union sharon ma","Not tracked","Not tracked",47,,0,,1,,0,
"sd partners","Not tracked","Not tracked",100,,0,,1,,0,
"sda credit union","Not tracked","Not tracked",75,,0,,1,,0,
"sdccu dump","Not tracked","Not tracked",86,,0,,1,,0,
"sdccu order checks","Not tracked","Not tracked",74,,0,,1,,0,
"se financial","Not tracked","Not tracked",77,,0,,1,,0,
"sean cydrus","Not tracked","Not tracked",38,,0,,1,,0,
"seattle commercial debt collection agency","Not tracked","Not tracked",88,,0,,1,,0,
"seattle metro credit union","Not tracked","Not tracked",66,,0,,1,,0,
"second bankruptcy course","Not tracked","Not tracked",85,,0,,1,,0,
"second bankruptcy course llc","Not tracked","Not tracked",68,,0,,1,,0,
"second federal bank","Not tracked","Not tracked",79,,0,,1,,0,
"second federal savings and loan association of philadelphia","Not tracked","Not tracked",98,,0,,1,,0,
"secu atm","Not tracked","Not tracked",58,,0,,1,,0,
"secuirty first","Not tracked","Not tracked",97,,0,,1,,0,
"secure loan center","Not tracked","Not tracked",97,,0,,1,,0,
"security bank atm","Not tracked","Not tracked",70,,0,,1,,0,
"security bank checking account","Not tracked","Not tracked",85,,0,,1,,0,
"security bank loan","Not tracked","Not tracked",81,,0,,1,,0,
"security bank services","Not tracked","Not tracked",63,,0,,1,,0,
"security bank tulsa ok","Not tracked","Not tracked",39,,0,,1,,0,
"security credit union atm","Not tracked","Not tracked",76,,0,,1,,0,
"security credit union croswell mi","Not tracked","Not tracked",36,,0,,1,,0,
"security credit union flint mi","Not tracked","Not tracked",46,,0,,1,,0,
"security federal aiken south carolina","Not tracked","Not tracked",78,,0,,1,,0,
"security federal bank aiken south carolina","Not tracked","Not tracked",66,,0,,1,,0,
"security federal bank north augusta sc","Not tracked","Not tracked",59,,0,,1,,0,
"security federal columbia sc","Not tracked","Not tracked",56,,0,,1,,0,
"security finance houston","Not tracked","Not tracked",39,,0,,1,,0,
"security finance refinance","Not tracked","Not tracked",87,,0,,1,,0,
"security first bank lincoln ne","Not tracked","Not tracked",34,,0,,1,,0,
"security first insurance ormond beach","Not tracked","Not tracked",74,,0,,1,,0,
"security first loan","Not tracked","Not tracked",56,,0,,1,,0,
"security first service","Not tracked","Not tracked",23,,0,,1,,0,
"security savings bank canton","Not tracked","Not tracked",59,,0,,1,,0,
"security state bank mcrae ga","Not tracked","Not tracked",79,,0,,1,,0,
"securitybankkc com","Not tracked","Not tracked",86,,0,,1,,0,
"sefinancial reviews","Not tracked","Not tracked",16,,0,,1,,0,
"self financial austin tx","Not tracked","Not tracked",81,,0,,1,,0,
selfreliance,"Not tracked","Not tracked",70,,0,,1,,0,
"selfrent on credit report","Not tracked","Not tracked",86,,0,,1,,0,
"senate fcu","Not tracked","Not tracked",50,,0,,1,,0,
"sentinel fcu","Not tracked","Not tracked",49,,0,,1,,0,
"serve credit union","Not tracked","Not tracked",59,,0,,1,,0,
"service first credit union sioux falls","Not tracked","Not tracked",66,,0,,1,,0,
"service first credit union sioux falls sd","Not tracked","Not tracked",66,,0,,1,,0,
"service first federal credit union","Not tracked","Not tracked",64,,0,,1,,0,
"service first sioux falls","Not tracked","Not tracked",63,,0,,1,,0,
"sesloc auto loan rates","Not tracked","Not tracked",54,,0,,1,,0,
"sesloc bank","Not tracked","Not tracked",36,,0,,1,,0,
"sesloc cal poly","Not tracked","Not tracked",66,,0,,1,,0,
"sesloc federal credit union","Not tracked","Not tracked",39,,0,,1,,0,
"sesloc personal loans","Not tracked","Not tracked",50,,0,,1,,0,
"sesloc slo","Not tracked","Not tracked",16,,0,,1,,0,
settlementone,"Not tracked","Not tracked",54,,0,,1,,0,
"settlementone valuation","Not tracked","Not tracked",55,,0,,1,,0,
sevenseventeen,"Not tracked","Not tracked",37,,0,,1,,0,
"sewell certified pre owned dallas","Not tracked","Not tracked",71,,0,,1,,0,
"sewell lexus","Not tracked","Not tracked",74,,0,,1,,0,
"sewell lexus certified pre owned","Not tracked","Not tracked",93,,0,,1,,0,
"sewell lexus dallas pre owned","Not tracked","Not tracked",63,,0,,1,,0,
"sewell lexus dallas texas","Not tracked","Not tracked",48,,0,,1,,0,
"sewell lexus dallas tx","Not tracked","Not tracked",45,,0,,1,,0,
"sewell lexus dallas used","Not tracked","Not tracked",49,,0,,1,,0,
"sewell lexus of dallas pre-owned","Not tracked","Not tracked",57,,0,,1,,0,
"sewell lexus of dallas reviews","Not tracked","Not tracked",65,,0,,1,,0,
"sewell lexus of fort worth reviews","Not tracked","Not tracked",73,,0,,1,,0,
"sewell lexus pre owned","Not tracked","Not tracked",63,,0,,1,,0,
"sewell lexus used cars dallas","Not tracked","Not tracked",57,,0,,1,,0,
"sewell.lexus dallas","Not tracked","Not tracked",59,,0,,1,,0,
"sezzle minneapolis","Not tracked","Not tracked",55,,0,,1,,0,
"sezzle minneapolis mn","Not tracked","Not tracked",60,,0,,1,,0,
"shamrock bank","Not tracked","Not tracked",66,,0,,1,,0,
"shamrock bank altus ok","Not tracked","Not tracked",81,,0,,1,,0,
"shamrock bank apache ok","Not tracked","Not tracked",65,,0,,1,,0,
"shamrock bank caddo oklahoma","Not tracked","Not tracked",48,,0,,1,,0,
"shamrock bank clayton oklahoma","Not tracked","Not tracked",49,,0,,1,,0,
"shamrock bank coalgate","Not tracked","Not tracked",53,,0,,1,,0,
"shamrock bank coalgate ok","Not tracked","Not tracked",59,,0,,1,,0,
"shamrock bank coalgate oklahoma","Not tracked","Not tracked",48,,0,,1,,0,
"shamrock bank durant","Not tracked","Not tracked",61,,0,,1,,0,
"shamrock bank na","Not tracked","Not tracked",62,,0,,1,,0,
"sharefax credit","Not tracked","Not tracked",40,,0,,1,,0,
"sharefax credit union eastgate ohio","Not tracked","Not tracked",46,,0,,1,,0,
"sharefax milford ohio","Not tracked","Not tracked",40,,0,,1,,0,
sharfax,"Not tracked","Not tracked",93,,0,,1,,0,
"sharon and crescent credit union","Not tracked","Not tracked",85,,0,,1,,0,
"sharon bank","Not tracked","Not tracked",41,,0,,1,,0,
"sharon bank aston pa","Not tracked","Not tracked",73,,0,,1,,0,
"sharon bank springfield","Not tracked","Not tracked",79,,0,,1,,0,
"sharon bank springfield pa","Not tracked","Not tracked",75,,0,,1,,0,
"sharon credit union north attleboro","Not tracked","Not tracked",54,,0,,1,,0,
"sharon credit union north attleboro massachusetts","Not tracked","Not tracked",93,,0,,1,,0,
"sharon credit union sharon ma","Not tracked","Not tracked",50,,0,,1,,0,
"sharon credit union taunton ma","Not tracked","Not tracked",97,,0,,1,,0,
"sharon credit union walpole ma","Not tracked","Not tracked",48,,0,,1,,0,
"sharon crescent credit union taunton","Not tracked","Not tracked",44,,0,,1,,0,
"sharon savings","Not tracked","Not tracked",36,,0,,1,,0,
"sharon savings bank","Not tracked","Not tracked",37,,0,,1,,0,
"sharon savings bank aston pa","Not tracked","Not tracked",72,,0,,1,,0,
sharoncreditunion,"Not tracked","Not tracked",49,,0,,1,,0,
"shelby county bank","Not tracked","Not tracked",67,,0,,1,,0,
"shelby county federal credit union memphis tn","Not tracked","Not tracked",65,,0,,1,,0,
"sherwood checking","Not tracked","Not tracked",85,,0,,1,,0,
"sherwood state bank","Not tracked","Not tracked",47,,0,,1,,0,
"sherwood state bank defiance","Not tracked","Not tracked",49,,0,,1,,0,
"sherwood state bank sherwood ohio","Not tracked","Not tracked",44,,0,,1,,0,
"shore to shore cu","Not tracked","Not tracked",53,,0,,1,,0,
"show me credit union mexico mo","Not tracked","Not tracked",98,,0,,1,,0,
"show me credit union online banking","Not tracked","Not tracked",96,,0,,1,,0,
"shreveport police federal credit union","Not tracked","Not tracked",81,,0,,1,,0,
"sidney federal savings and loan","Not tracked","Not tracked",62,,0,,1,,0,
"simons pawn shop","Not tracked","Not tracked",37,,0,,1,,0,
"simple funding llc","Not tracked","Not tracked",91,,0,,1,,0,
"simple lending","Not tracked","Not tracked",70,,0,,1,,0,
"simple lending financial","Not tracked","Not tracked",83,,0,,1,,0,
"simple solutions loan requirements","Not tracked","Not tracked",58,,0,,1,,0,
"simplify bill payments with cheque express","Not tracked","Not tracked",20,,0,,1,,0,
"simply business loans","Not tracked","Not tracked",97,,0,,1,,0,
"sir finance chicago","Not tracked","Not tracked",33,,0,,1,,0,
"sjp fcu","Not tracked","Not tracked",30,,0,,1,,0,
"sjp federal credit union","Not tracked","Not tracked",54,,0,,1,,0,
"sky one credit union reviews","Not tracked","Not tracked",66,,0,,1,,0,
"skyla credit union lowell nc","Not tracked","Not tracked",60,,0,,1,,0,
"skyline credit card","Not tracked","Not tracked",97,,0,,1,,0,
"skyline financial legit","Not tracked","Not tracked",55,,0,,1,,0,
"skyline financial personal loan reviews","Not tracked","Not tracked",62,,0,,1,,0,
"skyline financial reviews","Not tracked","Not tracked",59,,0,,1,,0,
"skyone credit union","Not tracked","Not tracked",40,,0,,1,,0,
"skyone federal credit union","Not tracked","Not tracked",38,,0,,1,,0,
"skyward credit union","Not tracked","Not tracked",52,,0,,1,,0,
"small business finance corporation","Not tracked","Not tracked",97,,0,,1,,0,
"small business fixed-rate loans","Not tracked","Not tracked",98,,0,,1,,0,
"small business loan rates","Not tracked","Not tracked",38,,0,,1,,0,
"small business loans best rates","Not tracked","Not tracked",83,,0,,1,,0,
"small business loans low interest rates","Not tracked","Not tracked",96,,0,,1,,0,
"small business term loans","Not tracked","Not tracked",100,,0,,1,,0,
"smart bank cleveland tn","Not tracked","Not tracked",50,,0,,1,,0,
"smart bank jamestown tn","Not tracked","Not tracked",53,,0,,1,,0,
"smart bank sevierville tn","Not tracked","Not tracked",62,,0,,1,,0,
"smart bank wartburg tennessee","Not tracked","Not tracked",59,,0,,1,,0,
"smart financial credit union auto loan rates","Not tracked","Not tracked",75,,0,,1,,0,
"smart pawn los angeles reviews","Not tracked","Not tracked",29,,0,,1,,0,
"smart pawn on crenshaw","Not tracked","Not tracked",65,,0,,1,,0,
"smartbank cookeville","Not tracked","Not tracked",54,,0,,1,,0,
"smartbank cookeville tn","Not tracked","Not tracked",55,,0,,1,,0,
"smartbank crossville","Not tracked","Not tracked",56,,0,,1,,0,
"smartbank reviews","Not tracked","Not tracked",65,,0,,1,,0,
"smartbiz loans reviews","Not tracked","Not tracked",65,,0,,1,,0,
"smbc manubank","Not tracked","Not tracked",48,,0,,1,,0,
"smiths financial","Not tracked","Not tracked",88,,0,,1,,0,
"smw 104 federal credit union","Not tracked","Not tracked",47,,0,,1,,0,
"smyrna pawn shop photos","Not tracked","Not tracked",70,,0,,1,,0,
"snb hancock","Not tracked","Not tracked",66,,0,,1,,0,
"sno falls credit union north bend","Not tracked","Not tracked",50,,0,,1,,0,
"so cal capital","Not tracked","Not tracked",82,,0,,1,,0,
"solid cash meaning","Not tracked","Not tracked",87,,0,,1,,0,
"son loan","Not tracked","Not tracked",29,,0,,1,,0,
"south bay credit union lomita","Not tracked","Not tracked",51,,0,,1,,0,
"south bay credit union phone number","Not tracked","Not tracked",90,,0,,1,,0,
"south bay credit union torrance","Not tracked","Not tracked",62,,0,,1,,0,
"south bay credit unions","Not tracked","Not tracked",46,,0,,1,,0,
"south bend firefighters","Not tracked","Not tracked",58,,0,,1,,0,
"south central bank bg ky","Not tracked","Not tracked",36,,0,,1,,0,
"south central bank bowling green kentucky","Not tracked","Not tracked",49,,0,,1,,0,
"south central bank elizabethtown ky","Not tracked","Not tracked",38,,0,,1,,0,
"south central bank in glasgow kentucky","Not tracked","Not tracked",57,,0,,1,,0,
"south central bank ky","Not tracked","Not tracked",49,,0,,1,,0,
"south central bank owensboro kentucky","Not tracked","Not tracked",49,,0,,1,,0,
"south central bank russellville ky","Not tracked","Not tracked",57,,0,,1,,0,
"south central bank scottsville","Not tracked","Not tracked",94,,0,,1,,0,
"south central ky bank personal loan","Not tracked","Not tracked",87,,0,,1,,0,
"south dakota housing development authority pierre sd","Not tracked","Not tracked",66,,0,,1,,0,
"south fork credit union","Not tracked","Not tracked",83,,0,,1,,0,
"south harbor pawn shop","Not tracked","Not tracked",44,,0,,1,,0,
"south story bank","Not tracked","Not tracked",45,,0,,1,,0,
"south story bank and trust slater","Not tracked","Not tracked",50,,0,,1,,0,
"south story bank slater","Not tracked","Not tracked",51,,0,,1,,0,
"south texas fcu","Not tracked","Not tracked",57,,0,,1,,0,
"south west financial","Not tracked","Not tracked",66,,0,,1,,0,
"southbridge credit union cd rates","Not tracked","Not tracked",64,,0,,1,,0,
"southbridge credit union southbridge ma","Not tracked","Not tracked",36,,0,,1,,0,
southcentralbank,"Not tracked","Not tracked",46,,0,,1,,0,
"southeast credit union","Not tracked","Not tracked",61,,0,,1,,0,
"southeast financial approval odds","Not tracked","Not tracked",63,,0,,1,,0,
"southeast financial credit union bowling green ky","Not tracked","Not tracked",40,,0,,1,,0,
"southeast financial credit union membership requirements","Not tracked","Not tracked",58,,0,,1,,0,
"southeast financial credit union reviews","Not tracked","Not tracked",52,,0,,1,,0,
"southeast financial reviews","Not tracked","Not tracked",46,,0,,1,,0,
"southeastern credit","Not tracked","Not tracked",59,,0,,1,,0,
"southeastern cu","Not tracked","Not tracked",55,,0,,1,,0,
"southeastern fcu","Not tracked","Not tracked",63,,0,,1,,0,
"southeastern federal credit union","Not tracked","Not tracked",74,,0,,1,,0,
"southern bank loan","Not tracked","Not tracked",74,,0,,1,,0,
"southern loan","Not tracked","Not tracked",87,,0,,1,,0,
"southern loan servicing","Not tracked","Not tracked",80,,0,,1,,0,
"southern loans","Not tracked","Not tracked",85,,0,,1,,0,
"southern loans inc","Not tracked","Not tracked",86,,0,,1,,0,
"southern parents and teachers credit union","Not tracked","Not tracked",77,,0,,1,,0,
"southern security","Not tracked","Not tracked",52,,0,,1,,0,
"southern states bank","Not tracked","Not tracked",97,,0,,1,,0,
"southland commercial credit","Not tracked","Not tracked",51,,0,,1,,0,
"southland credit union in downey","Not tracked","Not tracked",68,,0,,1,,0,
"southland credit union long beach","Not tracked","Not tracked",59,,0,,1,,0,
"southland credit union mortgage rates","Not tracked","Not tracked",88,,0,,1,,0,
southlandcu,"Not tracked","Not tracked",46,,0,,1,,0,
"southpoint federal credit union","Not tracked","Not tracked",17,,0,,1,,0,
"southwest 66 credit union","Not tracked","Not tracked",48,,0,,1,,0,
"southwest 66 odessa tx","Not tracked","Not tracked",45,,0,,1,,0,
"southwest bank","Not tracked","Not tracked",87,,0,,1,,0,
"southwest federal credit union albuquerque","Not tracked","Not tracked",88,,0,,1,,0,
"southwest financial","Not tracked","Not tracked",64,,0,,1,,0,
"southwest loans","Not tracked","Not tracked",92,,0,,1,,0,
"southwest national bank hours","Not tracked","Not tracked",80,,0,,1,,0,
"southwest national bank locations","Not tracked","Not tracked",84,,0,,1,,0,
"southwest recovery services reviews","Not tracked","Not tracked",41,,0,,1,,0,
"southwest title loans glendale az","Not tracked","Not tracked",86,,0,,1,,0,
"southwest title loans tolleson","Not tracked","Not tracked",72,,0,,1,,0,
sovitas,"Not tracked","Not tracked",67,,0,,1,,0,
"space coast credit","Not tracked","Not tracked",47,,0,,1,,0,
"space coast credit union miami fl","Not tracked","Not tracked",36,,0,,1,,0,
"space coast credit union secured loan","Not tracked","Not tracked",62,,0,,1,,0,
"space credit","Not tracked","Not tracked",56,,0,,1,,0,
"space credit union","Not tracked","Not tracked",50,,0,,1,,0,
"space credit union miami","Not tracked","Not tracked",59,,0,,1,,0,
"special money pawn","Not tracked","Not tracked",63,,0,,1,,0,
"speedy cash 35th ave and glendale","Not tracked","Not tracked",55,,0,,1,,0,
"speedy cash 59th ave camelback","Not tracked","Not tracked",43,,0,,1,,0,
"speedy cash austin","Not tracked","Not tracked",66,,0,,1,,0,
"speedy cash bell rd","Not tracked","Not tracked",72,,0,,1,,0,
"speedy cash converse","Not tracked","Not tracked",62,,0,,1,,0,
"speedy cash fm 78","Not tracked","Not tracked",65,,0,,1,,0,
"speedy cash glendale","Not tracked","Not tracked",61,,0,,1,,0,
"speedy cash glendale az","Not tracked","Not tracked",70,,0,,1,,0,
"speedy cash laredo","Not tracked","Not tracked",89,,0,,1,,0,
"speedy cash las vegas","Not tracked","Not tracked",84,,0,,1,,0,
"speedy cash madison tn","Not tracked","Not tracked",64,,0,,1,,0,
"speedy cash on cameron road","Not tracked","Not tracked",91,,0,,1,,0,
"speedy cash phoenix reviews","Not tracked","Not tracked",46,,0,,1,,0,
"speedy cash round rock tx","Not tracked","Not tracked",54,,0,,1,,0,
"speedy cash scottsdale","Not tracked","Not tracked",71,,0,,1,,0,
"spero cd rates","Not tracked","Not tracked",70,,0,,1,,0,
"spero financial online loan pay","Not tracked","Not tracked",87,,0,,1,,0,
"spero loan pay","Not tracked","Not tracked",34,,0,,1,,0,
"spirit credit union","Not tracked","Not tracked",59,,0,,1,,0,
"spirit financial","Not tracked","Not tracked",70,,0,,1,,0,
"spirit of ak","Not tracked","Not tracked",40,,0,,1,,0,
"spiro financial","Not tracked","Not tracked",56,,0,,1,,0,
"spring bank","Not tracked","Not tracked",76,,0,,1,,0,
"spring garden lending","Not tracked","Not tracked",48,,0,,1,,0,
"springfield mo credit unions","Not tracked","Not tracked",77,,0,,1,,0,
"st henry bank login","Not tracked","Not tracked",25,,0,,1,,0,
"st henry bank mortgage rates","Not tracked","Not tracked",25,,0,,1,,0,
"st james credit union","Not tracked","Not tracked",52,,0,,1,,0,
"st mary credit","Not tracked","Not tracked",64,,0,,1,,0,
"st mary's bank auto loan","Not tracked","Not tracked",85,,0,,1,,0,
"st mary's cu","Not tracked","Not tracked",56,,0,,1,,0,
"st. mary's credit union","Not tracked","Not tracked",60,,0,,1,,0,
"st.mary's credit union","Not tracked","Not tracked",60,,0,,1,,0,
"star 1 cu","Not tracked","Not tracked",17,,0,,1,,0,
"star one cd rates","Not tracked","Not tracked",80,,0,,1,,0,
"star one credit union","Not tracked","Not tracked",12,,0,,1,,0,
"star one credit union certificate rate","Not tracked","Not tracked",74,,0,,1,,0,
"star one credit union foreign checks","Not tracked","Not tracked",64,,0,,1,,0,
"star one credit union medallion signature","Not tracked","Not tracked",69,,0,,1,,0,
"star one credit union roth ira","Not tracked","Not tracked",79,,0,,1,,0,
"star one mortgage","Not tracked","Not tracked",77,,0,,1,,0,
"starone mortgage","Not tracked","Not tracked",61,,0,,1,,0,
"starr county teachers credit union","Not tracked","Not tracked",60,,0,,1,,0,
"start new","Not tracked","Not tracked",85,,0,,1,,0,
"state surplus store reviews","Not tracked","Not tracked",61,,0,,1,,0,
"statement savings alden","Not tracked","Not tracked",35,,0,,1,,0,
"statement savings monson","Not tracked","Not tracked",41,,0,,1,,0,
"statute of limitations illinois debt","Not tracked","Not tracked",97,,0,,1,,0,
"statute of limitations national credit adjusters","Not tracked","Not tracked",49,,0,,1,,0,
"stearns bank equipment finance reviews","Not tracked","Not tracked",61,,0,,1,,0,
"stephenson national bank & trust marinette wi","Not tracked","Not tracked",30,,0,,1,,0,
"stepstone credit weslaco","Not tracked","Not tracked",69,,0,,1,,0,
"stepstone ww white","Not tracked","Not tracked",11,,0,,1,,0,
"sterling bank bernie mo","Not tracked","Not tracked",47,,0,,1,,0,
"sterling bank campbell mo","Not tracked","Not tracked",68,,0,,1,,0,
"sterling bank cape girardeau","Not tracked","Not tracked",72,,0,,1,,0,
"sterling bank clayton mo","Not tracked","Not tracked",78,,0,,1,,0,
"sterling bank credit card","Not tracked","Not tracked",77,,0,,1,,0,
"sterling bank kansas city","Not tracked","Not tracked",64,,0,,1,,0,
"sterling bank poplar bluff missouri","Not tracked","Not tracked",93,,0,,1,,0,
"sterling bank poplar bluff mo","Not tracked","Not tracked",63,,0,,1,,0,
"sterling bank st charles","Not tracked","Not tracked",67,,0,,1,,0,
"sterling bank usa","Not tracked","Not tracked",64,,0,,1,,0,
"stewart title edmond ok","Not tracked","Not tracked",74,,0,,1,,0,
"stewart title of oklahoma","Not tracked","Not tracked",63,,0,,1,,0,
"stewart title oklahoma city","Not tracked","Not tracked",70,,0,,1,,0,
"stifel bank","Not tracked","Not tracked",70,,0,,1,,0,
"stifel bank & trust","Not tracked","Not tracked",67,,0,,1,,0,
"stop irs debt","Not tracked","Not tracked",81,,0,,1,,0,
"stoughton co operative bank","Not tracked","Not tracked",51,,0,,1,,0,
"stoughton coop","Not tracked","Not tracked",62,,0,,1,,0,
"straight4ward rewards checking account","Not tracked","Not tracked",69,,0,,1,,0,
"strategic credit union","Not tracked","Not tracked",82,,0,,1,,0,
"strategic federal credit union","Not tracked","Not tracked",98,,0,,1,,0,
"streamliner credit union","Not tracked","Not tracked",68,,0,,1,,0,
"streamliner federal credit union","Not tracked","Not tracked",68,,0,,1,,0,
"student loan doctor","Not tracked","Not tracked",64,,0,,1,,0,
"summit hampton roads federal credit union","Not tracked","Not tracked",49,,0,,1,,0,
"summit state bank rohnert park","Not tracked","Not tracked",47,,0,,1,,0,
summitstatebank,"Not tracked","Not tracked",54,,0,,1,,0,
"sun credit","Not tracked","Not tracked",85,,0,,1,,0,
"sun credit union reviews","Not tracked","Not tracked",74,,0,,1,,0,
"sun east federal credit union reviews","Not tracked","Not tracked",27,,0,,1,,0,
"sun fcu","Not tracked","Not tracked",68,,0,,1,,0,
"sun fed credit union","Not tracked","Not tracked",72,,0,,1,,0,
"sun federal bank","Not tracked","Not tracked",57,,0,,1,,0,
"sun federal credit union","Not tracked","Not tracked",59,,0,,1,,0,
"sun loan 1604","Not tracked","Not tracked",60,,0,,1,,0,
"sun loan belen","Not tracked","Not tracked",77,,0,,1,,0,
"sun loan bernalillo","Not tracked","Not tracked",81,,0,,1,,0,
"sun loan bernalillo nm","Not tracked","Not tracked",74,,0,,1,,0,
"sun loan carlsbad nm","Not tracked","Not tracked",79,,0,,1,,0,
"sun loan company san antonio tx","Not tracked","Not tracked",27,,0,,1,,0,
"sun loan finance","Not tracked","Not tracked",45,,0,,1,,0,
"sun loan goliad","Not tracked","Not tracked",77,,0,,1,,0,
"sun loan loans","Not tracked","Not tracked",35,,0,,1,,0,
"sun loan new braunfels","Not tracked","Not tracked",68,,0,,1,,0,
"sun loan ww white","Not tracked","Not tracked",66,,0,,1,,0,
"sun loans carlsbad nm","Not tracked","Not tracked",57,,0,,1,,0,
"sun loans cleburne tx","Not tracked","Not tracked",63,,0,,1,,0,
"sun loans elk city ok","Not tracked","Not tracked",46,,0,,1,,0,
"sun loans lake jackson","Not tracked","Not tracked",46,,0,,1,,0,
"sun pacific federal credit union","Not tracked","Not tracked",62,,0,,1,,0,
"sunfed credit union","Not tracked","Not tracked",58,,0,,1,,0,
"sunfederal credit union","Not tracked","Not tracked",65,,0,,1,,0,
sunloan,"Not tracked","Not tracked",47,,0,,1,,0,
"sunloan albuquerque","Not tracked","Not tracked",70,,0,,1,,0,
"sunloan company","Not tracked","Not tracked",45,,0,,1,,0,
"sunloan loans","Not tracked","Not tracked",35,,0,,1,,0,
"sunloan midwest city","Not tracked","Not tracked",67,,0,,1,,0,
"sunny hill financial","Not tracked","Not tracked",69,,0,,1,,0,
"sunnyhill financial","Not tracked","Not tracked",79,,0,,1,,0,
"sunnyhill financial mortgage rates","Not tracked","Not tracked",55,,0,,1,,0,
"sunnyhill financial reviews","Not tracked","Not tracked",35,,0,,1,,0,
"suns loans","Not tracked","Not tracked",45,,0,,1,,0,
"superior credit union celina ohio","Not tracked","Not tracked",44,,0,,1,,0,
"superior credit union home banking","Not tracked","Not tracked",58,,0,,1,,0,
"superior credit union inc","Not tracked","Not tracked",50,,0,,1,,0,
"superior credit union massillon","Not tracked","Not tracked",93,,0,,1,,0,
"superior credit union ohio","Not tracked","Not tracked",54,,0,,1,,0,
"superior credit union rates","Not tracked","Not tracked",75,,0,,1,,0,
"superior credit union routing number","Not tracked","Not tracked",45,,0,,1,,0,
"superior credit union st marys ohio","Not tracked","Not tracked",80,,0,,1,,0,
"superior credit union tiffin","Not tracked","Not tracked",66,,0,,1,,0,
"superior credit union van wert ohio","Not tracked","Not tracked",52,,0,,1,,0,
"superior cu","Not tracked","Not tracked",76,,0,,1,,0,
"superior fcu","Not tracked","Not tracked",61,,0,,1,,0,
"superior federal credit union wapakoneta ohio","Not tracked","Not tracked",52,,0,,1,,0,
"superior lima ohio","Not tracked","Not tracked",58,,0,,1,,0,
"superior personal loans","Not tracked","Not tracked",78,,0,,1,,0,
"superior savings credit union","Not tracked","Not tracked",63,,0,,1,,0,
"supreme credit solutions","Not tracked","Not tracked",96,,0,,1,,0,
"supreme credit solutions reviews","Not tracked","Not tracked",74,,0,,1,,0,
susser,"Not tracked","Not tracked",45,,0,,1,,0,
"susser bank","Not tracked","Not tracked",49,,0,,1,,0,
"susser bank dallas","Not tracked","Not tracked",56,,0,,1,,0,
"susser bank houston","Not tracked","Not tracked",49,,0,,1,,0,
"sutton bank visa","Not tracked","Not tracked",72,,0,,1,,0,
"sw national bank","Not tracked","Not tracked",63,,0,,1,,0,
"swap shop 15642","Not tracked","Not tracked",47,,0,,1,,0,
"swell lexus dallas","Not tracked","Not tracked",49,,0,,1,,0,
"swelle lexus","Not tracked","Not tracked",77,,0,,1,,0,
"swift sac","Not tracked","Not tracked",54,,0,,1,,0,
"swnb wichita","Not tracked","Not tracked",68,,0,,1,,0,
swrecovery,"Not tracked","Not tracked",17,,0,,1,,0,
"tab bank nc","Not tracked","Not tracked",66,,0,,1,,0,
"tab bank ogden","Not tracked","Not tracked",70,,0,,1,,0,
"tab bank ogden ut","Not tracked","Not tracked",62,,0,,1,,0,
"tab bank ogden utah","Not tracked","Not tracked",59,,0,,1,,0,
"tab bank wiki","Not tracked","Not tracked",74,,0,,1,,0,
"tangipahoa teachers credit union","Not tracked","Not tracked",40,,0,,1,,0,
"taunton federal credit","Not tracked","Not tracked",30,,0,,1,,0,
"taunton federal credit union cd rates","Not tracked","Not tracked",81,,0,,1,,0,
"taunton federal credit union new bedford","Not tracked","Not tracked",37,,0,,1,,0,
"tax credit union","Not tracked","Not tracked",87,,0,,1,,0,
"tax debt program","Not tracked","Not tracked",96,,0,,1,,0,
"taylor community credit union","Not tracked","Not tracked",54,,0,,1,,0,
"taylor credit union","Not tracked","Not tracked",66,,0,,1,,0,
"taylor cu","Not tracked","Not tracked",75,,0,,1,,0,
"td bank info","Not tracked","Not tracked",76,,0,,1,,0,
"td bank long island city","Not tracked","Not tracked",28,,0,,1,,0,
"td credit card hours","Not tracked","Not tracked",24,,0,,1,,0,
"teachers federal credit union torrington ct","Not tracked","Not tracked",69,,0,,1,,0,
"team one credit union","Not tracked","Not tracked",52,,0,,1,,0,
"team one credit union flint michigan","Not tracked","Not tracked",73,,0,,1,,0,
"team one credit union reviews","Not tracked","Not tracked",63,,0,,1,,0,
teamonecu,"Not tracked","Not tracked",56,,0,,1,,0,
"tee pak","Not tracked","Not tracked",32,,0,,1,,0,
"tee pak credit union danville il","Not tracked","Not tracked",77,,0,,1,,0,
"teepak credit union","Not tracked","Not tracked",79,,0,,1,,0,
"telco austin","Not tracked","Not tracked",55,,0,,1,,0,
"telco bank","Not tracked","Not tracked",100,,0,,1,,0,
"telco community","Not tracked","Not tracked",68,,0,,1,,0,
"telco community credit union","Not tracked","Not tracked",69,,0,,1,,0,
"telco credit","Not tracked","Not tracked",88,,0,,1,,0,
"telco credit scoring","Not tracked","Not tracked",85,,0,,1,,0,
"telco greenville nc","Not tracked","Not tracked",62,,0,,1,,0,
"telco rewards","Not tracked","Not tracked",53,,0,,1,,0,
"telco waynesville nc","Not tracked","Not tracked",68,,0,,1,,0,
"telcoe bank","Not tracked","Not tracked",46,,0,,1,,0,
"telcoe federal","Not tracked","Not tracked",46,,0,,1,,0,
"telcoe federal credit union little rock","Not tracked","Not tracked",37,,0,,1,,0,
"telcoe little rock","Not tracked","Not tracked",39,,0,,1,,0,
"telcoe little rock arkansas","Not tracked","Not tracked",42,,0,,1,,0,
"telcoe russellville","Not tracked","Not tracked",82,,0,,1,,0,
"tempe pawn","Not tracked","Not tracked",49,,0,,1,,0,
"tempe title loan","Not tracked","Not tracked",81,,0,,1,,0,
"tencu bank","Not tracked","Not tracked",46,,0,,1,,0,
"tennesee valley credit union","Not tracked","Not tracked",57,,0,,1,,0,
"tennessee quick cash madison tn","Not tracked","Not tracked",65,,0,,1,,0,
"tennessee teacher credit union","Not tracked","Not tracked",48,,0,,1,,0,
"tennessee valley credit","Not tracked","Not tracked",62,,0,,1,,0,
tewksburyfcu,"Not tracked","Not tracked",57,,0,,1,,0,
"texan credit","Not tracked","Not tracked",43,,0,,1,,0,
"texan credit amarillo","Not tracked","Not tracked",46,,0,,1,,0,
"texan credit brownsville","Not tracked","Not tracked",65,,0,,1,,0,
"texan credit elsa tx","Not tracked","Not tracked",33,,0,,1,,0,
"texan credit sherman tx","Not tracked","Not tracked",35,,0,,1,,0,
"texan credit weslaco","Not tracked","Not tracked",44,,0,,1,,0,
"texan sky","Not tracked","Not tracked",41,,0,,1,,0,
"texan sky rewards","Not tracked","Not tracked",72,,0,,1,,0,
"texans credit corporation","Not tracked","Not tracked",44,,0,,1,,0,
"texans loan","Not tracked","Not tracked",41,,0,,1,,0,
texanscredit,"Not tracked","Not tracked",62,,0,,1,,0,
"texas greater credit union","Not tracked","Not tracked",45,,0,,1,,0,
"texas lending reviews","Not tracked","Not tracked",80,,0,,1,,0,
"texas loan corporation","Not tracked","Not tracked",29,,0,,1,,0,
"texas sky bank","Not tracked","Not tracked",39,,0,,1,,0,
"texas titlemax","Not tracked","Not tracked",76,,0,,1,,0,
"texas trust","Not tracked","Not tracked",70,,0,,1,,0,
"texas trust athens tx","Not tracked","Not tracked",54,,0,,1,,0,
"texas trust checking account","Not tracked","Not tracked",83,,0,,1,,0,
"texas trust credit","Not tracked","Not tracked",46,,0,,1,,0,
"texas trust credit card","Not tracked","Not tracked",84,,0,,1,,0,
"texas trust credit union auto loan rates","Not tracked","Not tracked",100,,0,,1,,0,
"texas trust credit union cd rates","Not tracked","Not tracked",84,,0,,1,,0,
"texas trust credit union loans","Not tracked","Not tracked",78,,0,,1,,0,
"texas trust online","Not tracked","Not tracked",30,,0,,1,,0,
"texas trust union","Not tracked","Not tracked",56,,0,,1,,0,
"texastrust credit union","Not tracked","Not tracked",50,,0,,1,,0,
"texell bank","Not tracked","Not tracked",62,,0,,1,,0,
"texstar federal credit union","Not tracked","Not tracked",88,,0,,1,,0,
"tfcu unsecured loan","Not tracked","Not tracked",37,,0,,1,,0,
"tfed credit union","Not tracked","Not tracked",26,,0,,1,,0,
"the armory oviedo","Not tracked","Not tracked",64,,0,,1,,0,
"the bank & trust","Not tracked","Not tracked",86,,0,,1,,0,
"the bank of commerce","Not tracked","Not tracked",87,,0,,1,,0,
"the bank trust","Not tracked","Not tracked",81,,0,,1,,0,
"the castle jewelry and pawn of cincinnati","Not tracked","Not tracked",61,,0,,1,,0,
"the citizens bank of clovis","Not tracked","Not tracked",93,,0,,1,,0,
"the commercial bank belton sc","Not tracked","Not tracked",93,,0,,1,,0,
"the commercial bank mason","Not tracked","Not tracked",79,,0,,1,,0,
"the farmers bank portland","Not tracked","Not tracked",65,,0,,1,,0,
"the farmers bank portland tennessee","Not tracked","Not tracked",60,,0,,1,,0,
"the farmers savings bank","Not tracked","Not tracked",91,,0,,1,,0,
"the finest credit union","Not tracked","Not tracked",53,,0,,1,,0,
"the jefferson bank","Not tracked","Not tracked",74,,0,,1,,0,
"the kansas state bank","Not tracked","Not tracked",82,,0,,1,,0,
"the lending company","Not tracked","Not tracked",94,,0,,1,,0,
"the lending group company","Not tracked","Not tracked",27,,0,,1,,0,
"the lending group company reviews","Not tracked","Not tracked",71,,0,,1,,0,
"the lending store","Not tracked","Not tracked",50,,0,,1,,0,
"the local credit union","Not tracked","Not tracked",53,,0,,1,,0,
"the people's credit union","Not tracked","Not tracked",82,,0,,1,,0,
"the phenix group fort worth reviews","Not tracked","Not tracked",42,,0,,1,,0,
"the provident loan society","Not tracked","Not tracked",69,,0,,1,,0,
"the trust bank adel","Not tracked","Not tracked",88,,0,,1,,0,
"the village bank visa","Not tracked","Not tracked",44,,0,,1,,0,
thefnb,"Not tracked","Not tracked",31,,0,,1,,0,
"thefnb online banking","Not tracked","Not tracked",69,,0,,1,,0,
thinkwise,"Not tracked","Not tracked",51,,0,,1,,0,
"third fed s&l assoc","Not tracked","Not tracked",58,,0,,1,,0,
"third fed svgs &ln assn","Not tracked","Not tracked",43,,0,,1,,0,
"third federa","Not tracked","Not tracked",64,,0,,1,,0,
"third federal and savings","Not tracked","Not tracked",59,,0,,1,,0,
"third federal brecksville ohio","Not tracked","Not tracked",47,,0,,1,,0,
"third federal mentor ohio","Not tracked","Not tracked",55,,0,,1,,0,
"third federal saving","Not tracked","Not tracked",57,,0,,1,,0,
"third federal savings","Not tracked","Not tracked",56,,0,,1,,0,
"third federal savings & loan reviews","Not tracked","Not tracked",60,,0,,1,,0,
"third federal savings and loan cleveland","Not tracked","Not tracked",65,,0,,1,,0,
"third fedral","Not tracked","Not tracked",58,,0,,1,,0,
third.federal,"Not tracked","Not tracked",59,,0,,1,,0,
thirdfederalsavings,"Not tracked","Not tracked",53,,0,,1,,0,
"thomaston bank ct","Not tracked","Not tracked",42,,0,,1,,0,
"thomaston saving bank","Not tracked","Not tracked",37,,0,,1,,0,
"thomaston savings bank ct","Not tracked","Not tracked",40,,0,,1,,0,
"thomaston savings bank harwinton ct","Not tracked","Not tracked",83,,0,,1,,0,
"thomaston savings bank thomaston","Not tracked","Not tracked",43,,0,,1,,0,
"thomaston savings bank thomaston connecticut","Not tracked","Not tracked",65,,0,,1,,0,
"thomaston savings bank thomaston ct","Not tracked","Not tracked",38,,0,,1,,0,
"thomaston savings bank watertown","Not tracked","Not tracked",91,,0,,1,,0,
"three rivers federal credit union fort wayne","Not tracked","Not tracked",50,,0,,1,,0,
"three rivers federal credit union new haven indiana","Not tracked","Not tracked",58,,0,,1,,0,
"tidal lending","Not tracked","Not tracked",46,,0,,1,,0,
"tiered standard repayment plan","Not tracked","Not tracked",88,,0,,1,,0,
"tigard pawn","Not tracked","Not tracked",50,,0,,1,,0,
"tigard pawn 4 more tigard or","Not tracked","Not tracked",48,,0,,1,,0,
"time finance","Not tracked","Not tracked",73,,0,,1,,0,
"time lending","Not tracked","Not tracked",91,,0,,1,,0,
"time loan company","Not tracked","Not tracked",70,,0,,1,,0,
"tinker credit union oklahoma city ok","Not tracked","Not tracked",55,,0,,1,,0,
"tinker cu","Not tracked","Not tracked",61,,0,,1,,0,
"tinker fcu apr","Not tracked","Not tracked",45,,0,,1,,0,
"tinker fcu classic checking","Not tracked","Not tracked",47,,0,,1,,0,
"tinker fcu federally insured","Not tracked","Not tracked",50,,0,,1,,0,
"tinker fcu fixed rate","Not tracked","Not tracked",46,,0,,1,,0,
"tinker fcu interest rate","Not tracked","Not tracked",42,,0,,1,,0,
"tinker federal","Not tracked","Not tracked",37,,0,,1,,0,
"tinker federal bank","Not tracked","Not tracked",34,,0,,1,,0,
"tinker federal credit union classic checking","Not tracked","Not tracked",73,,0,,1,,0,
"tinker federal credit union edmond ok","Not tracked","Not tracked",42,,0,,1,,0,
"tinker federal credit union interest rate","Not tracked","Not tracked",60,,0,,1,,0,
"tinker federal credit union minimum balance","Not tracked","Not tracked",64,,0,,1,,0,
"tinker federal credit union okc","Not tracked","Not tracked",34,,0,,1,,0,
"tinker federal credit union oklahoma city oklahoma","Not tracked","Not tracked",49,,0,,1,,0,
"tinker federal credit union reviews","Not tracked","Not tracked",83,,0,,1,,0,
"tinker federal credit union texas","Not tracked","Not tracked",89,,0,,1,,0,
"tinker federal credit union unsecured loan","Not tracked","Not tracked",55,,0,,1,,0,
"tinker federal union","Not tracked","Not tracked",36,,0,,1,,0,
"tinker loan rates","Not tracked","Not tracked",29,,0,,1,,0,
"tinker tinker federal credit union","Not tracked","Not tracked",36,,0,,1,,0,
"tioga franklin savings bank","Not tracked","Not tracked",55,,0,,1,,0,
"tipton latham bank","Not tracked","Not tracked",43,,0,,1,,0,
"titan bank mineral wells texas","Not tracked","Not tracked",28,,0,,1,,0,
"titan loan reviews","Not tracked","Not tracked",67,,0,,1,,0,
"title loan marietta ga","Not tracked","Not tracked",84,,0,,1,,0,
"title loan murfressboro tn","Not tracked","Not tracked",77,,0,,1,,0,
"title loan rock hill sc","Not tracked","Not tracked",89,,0,,1,,0,
"title loan tucson","Not tracked","Not tracked",82,,0,,1,,0,
"title loans arlington tx","Not tracked","Not tracked",79,,0,,1,,0,
"title loans clover","Not tracked","Not tracked",58,,0,,1,,0,
"title loans clover sc","Not tracked","Not tracked",57,,0,,1,,0,
"title loans in tempe","Not tracked","Not tracked",70,,0,,1,,0,
"title loans murfreesboro","Not tracked","Not tracked",78,,0,,1,,0,
"title loans murfreesboro tn","Not tracked","Not tracked",82,,0,,1,,0,
"title loans orange park fl","Not tracked","Not tracked",88,,0,,1,,0,
"title loans pasadena tx","Not tracked","Not tracked",69,,0,,1,,0,
"title loans van nuys","Not tracked","Not tracked",83,,0,,1,,0,
"title max acworth ga","Not tracked","Not tracked",71,,0,,1,,0,
"title max company","Not tracked","Not tracked",39,,0,,1,,0,
"title max decatur","Not tracked","Not tracked",88,,0,,1,,0,
"title max loan","Not tracked","Not tracked",59,,0,,1,,0,
"title max logo","Not tracked","Not tracked",50,,0,,1,,0,
"title max online","Not tracked","Not tracked",29,,0,,1,,0,
"title max san antonio","Not tracked","Not tracked",81,,0,,1,,0,
"title max san antonio tx","Not tracked","Not tracked",84,,0,,1,,0,
"title max san benito","Not tracked","Not tracked",81,,0,,1,,0,
"title max texas","Not tracked","Not tracked",75,,0,,1,,0,
"title pawn georgia","Not tracked","Not tracked",65,,0,,1,,0,
"title pawn in norcross ga","Not tracked","Not tracked",88,,0,,1,,0,
"title pawn jonesboro rd","Not tracked","Not tracked",46,,0,,1,,0,
"title pawn union city ga","Not tracked","Not tracked",61,,0,,1,,0,
title.max,"Not tracked","Not tracked",43,,0,,1,,0,
"titlemax 32nd st and thomas","Not tracked","Not tracked",89,,0,,1,,0,
"titlemax acworth","Not tracked","Not tracked",68,,0,,1,,0,
"titlemax atlanta ga","Not tracked","Not tracked",67,,0,,1,,0,
"titlemax balcones heights","Not tracked","Not tracked",79,,0,,1,,0,
"titlemax company","Not tracked","Not tracked",40,,0,,1,,0,
"titlemax decatur","Not tracked","Not tracked",69,,0,,1,,0,
"titlemax decatur ga","Not tracked","Not tracked",58,,0,,1,,0,
"titlemax forest hill","Not tracked","Not tracked",70,,0,,1,,0,
"titlemax georgetown sc","Not tracked","Not tracked",64,,0,,1,,0,
"titlemax glendale","Not tracked","Not tracked",77,,0,,1,,0,
"titlemax glendale az","Not tracked","Not tracked",68,,0,,1,,0,
"titlemax irving tx","Not tracked","Not tracked",69,,0,,1,,0,
"titlemax leon valley","Not tracked","Not tracked",90,,0,,1,,0,
"titlemax mesa","Not tracked","Not tracked",71,,0,,1,,0,
"titlemax mesa az","Not tracked","Not tracked",81,,0,,1,,0,
"titlemax morrow ga","Not tracked","Not tracked",54,,0,,1,,0,
"titlemax of texas","Not tracked","Not tracked",78,,0,,1,,0,
"titlemax personal loan","Not tracked","Not tracked",27,,0,,1,,0,
"titlemax riverdale ga","Not tracked","Not tracked",67,,0,,1,,0,
"titlemax rock hill","Not tracked","Not tracked",64,,0,,1,,0,
"titlemax round rock","Not tracked","Not tracked",68,,0,,1,,0,
"titlemax san antonio","Not tracked","Not tracked",81,,0,,1,,0,
"titlemax san antonio texas","Not tracked","Not tracked",79,,0,,1,,0,
"titlemax texas","Not tracked","Not tracked",85,,0,,1,,0,
"titlemax title pawns tucson reviews","Not tracked","Not tracked",47,,0,,1,,0,
"titlemax tucson az","Not tracked","Not tracked",76,,0,,1,,0,
titlepawn,"Not tracked","Not tracked",70,,0,,1,,0,
"titusville credit union","Not tracked","Not tracked",98,,0,,1,,0,
tmtfcu,"Not tracked","Not tracked",72,,0,,1,,0,
"tn bank business debit card","Not tracked","Not tracked",47,,0,,1,,0,
"tn bank business savings accounts","Not tracked","Not tracked",79,,0,,1,,0,
"tn bank financial planning","Not tracked","Not tracked",84,,0,,1,,0,
"tn bank mastercard debit card","Not tracked","Not tracked",80,,0,,1,,0,
"tn bank online loan payment","Not tracked","Not tracked",76,,0,,1,,0,
"tn quick cash","Not tracked","Not tracked",56,,0,,1,,0,
"tn quick cash madison","Not tracked","Not tracked",56,,0,,1,,0,
"together credit union","Not tracked","Not tracked",53,,0,,1,,0,
"toledo finance loans","Not tracked","Not tracked",37,,0,,1,,0,
"tom gray auto sales reviews","Not tracked","Not tracked",53,,0,,1,,0,
"tom thomas attorney","Not tracked","Not tracked",87,,0,,1,,0,
"tomo lender reviews","Not tracked","Not tracked",59,,0,,1,,0,
"tomo lending","Not tracked","Not tracked",58,,0,,1,,0,
"tomo mortgage bbb","Not tracked","Not tracked",84,,0,,1,,0,
"tomo mortgage legit","Not tracked","Not tracked",57,,0,,1,,0,
"tomo mortgage refinance","Not tracked","Not tracked",51,,0,,1,,0,
"tomo mortgages","Not tracked","Not tracked",58,,0,,1,,0,
"tonawanda bank batavia ny","Not tracked","Not tracked",39,,0,,1,,0,
"tonawanda valley federal credit union","Not tracked","Not tracked",34,,0,,1,,0,
"top cash advance 38111","Not tracked","Not tracked",61,,0,,1,,0,
"top credit unions springfield mo","Not tracked","Not tracked",99,,0,,1,,0,
topbusinessloans.org,"Not tracked","Not tracked",76,,0,,1,,0,
"torquay credit union","Not tracked","Not tracked",87,,0,,1,,0,
"total choice fcu","Not tracked","Not tracked",59,,0,,1,,0,
"total choice fcu routing number","Not tracked","Not tracked",59,,0,,1,,0,
"total choice hahnville","Not tracked","Not tracked",69,,0,,1,,0,
"total community credit union","Not tracked","Not tracked",60,,0,,1,,0,
"total lending","Not tracked","Not tracked",92,,0,,1,,0,
totalcard,"Not tracked","Not tracked",57,,0,,1,,0,
"totle max","Not tracked","Not tracked",37,,0,,1,,0,
"tower federal annapolis","Not tracked","Not tracked",60,,0,,1,,0,
"tower federal bank","Not tracked","Not tracked",57,,0,,1,,0,
"tower federal credit union annapolis","Not tracked","Not tracked",59,,0,,1,,0,
"tower federal credit union baltimore","Not tracked","Not tracked",61,,0,,1,,0,
"tower federal credit union bank","Not tracked","Not tracked",55,,0,,1,,0,
"tower federal credit union laurel maryland","Not tracked","Not tracked",58,,0,,1,,0,
"tower federal credit union maryland","Not tracked","Not tracked",59,,0,,1,,0,
"tower federal credit union sandy spring road laurel md","Not tracked","Not tracked",64,,0,,1,,0,
"tower federal fcu","Not tracked","Not tracked",60,,0,,1,,0,
"tower lending","Not tracked","Not tracked",65,,0,,1,,0,
"tower loan arlington tx","Not tracked","Not tracked",72,,0,,1,,0,
"tower loan locations","Not tracked","Not tracked",56,,0,,1,,0,
"tower loan san antonio","Not tracked","Not tracked",44,,0,,1,,0,
"tower loans san antonio","Not tracked","Not tracked",45,,0,,1,,0,
tpnb,"Not tracked","Not tracked",21,,0,,1,,0,
"trac credit union","Not tracked","Not tracked",64,,0,,1,,0,
"tracir financial services payment","Not tracked","Not tracked",24,,0,,1,,0,
"tracks credit union","Not tracked","Not tracked",60,,0,,1,,0,
"trading post pawn corp","Not tracked","Not tracked",74,,0,,1,,0,
"traditions bank cullman al","Not tracked","Not tracked",19,,0,,1,,0,
"traditions bank dodge city al","Not tracked","Not tracked",74,,0,,1,,0,
"traditions bank priceville","Not tracked","Not tracked",78,,0,,1,,0,
"traditions cullman","Not tracked","Not tracked",56,,0,,1,,0,
"traditions online banking","Not tracked","Not tracked",59,,0,,1,,0,
"transportation alliance bank","Not tracked","Not tracked",64,,0,,1,,0,
"transportation alliance bank credit card","Not tracked","Not tracked",66,,0,,1,,0,
"transportation alliance bank credit cards","Not tracked","Not tracked",61,,0,,1,,0,
"transportation alliance bank inc","Not tracked","Not tracked",75,,0,,1,,0,
"transportation bank","Not tracked","Not tracked",69,,0,,1,,0,
"transunion identity force","Not tracked","Not tracked",71,,0,,1,,0,
"trast bank","Not tracked","Not tracked",89,,0,,1,,0,
"trax credit union reviews","Not tracked","Not tracked",65,,0,,1,,0,
"trax financing","Not tracked","Not tracked",100,,0,,1,,0,
"trax union","Not tracked","Not tracked",57,,0,,1,,0,
traxcu-protection,"Not tracked","Not tracked",78,,0,,1,,0,
"tree life financial solutions","Not tracked","Not tracked",81,,0,,1,,0,
"treelife financial solution corp reviews","Not tracked","Not tracked",48,,0,,1,,0,
"treelife financial solutions","Not tracked","Not tracked",78,,0,,1,,0,
"tri boro credit union","Not tracked","Not tracked",72,,0,,1,,0,
"tri county bank & trust","Not tracked","Not tracked",73,,0,,1,,0,
"tri county bank and trust","Not tracked","Not tracked",71,,0,,1,,0,
"tri-valley bank","Not tracked","Not tracked",64,,0,,1,,0,
"trinity valley credit union","Not tracked","Not tracked",77,,0,,1,,0,
"trinity valley teachers credit union palestine texas","Not tracked","Not tracked",19,,0,,1,,0,
"triton bank","Not tracked","Not tracked",97,,0,,1,,0,
"trona valley credit union green river wyoming","Not tracked","Not tracked",45,,0,,1,,0,
"tru bank oskaloosa iowa","Not tracked","Not tracked",40,,0,,1,,0,
"tru north credit union","Not tracked","Not tracked",57,,0,,1,,0,
"tru north credit union ishpeming mi","Not tracked","Not tracked",46,,0,,1,,0,
"tru north ishpeming","Not tracked","Not tracked",49,,0,,1,,0,
"tru north ishpeming mi","Not tracked","Not tracked",50,,0,,1,,0,
"trubank des moines","Not tracked","Not tracked",44,,0,,1,,0,
"trubank online banking","Not tracked","Not tracked",22,,0,,1,,0,
"trubank oskaloosa ia","Not tracked","Not tracked",44,,0,,1,,0,
"trubank oskaloosa iowa","Not tracked","Not tracked",42,,0,,1,,0,
"truck title loans glendale","Not tracked","Not tracked",77,,0,,1,,0,
"true alliance bank","Not tracked","Not tracked",40,,0,,1,,0,
"true bank","Not tracked","Not tracked",95,,0,,1,,0,
"true lion bank","Not tracked","Not tracked",54,,0,,1,,0,
"true north fcu","Not tracked","Not tracked",48,,0,,1,,0,
"true north fcu juneau","Not tracked","Not tracked",39,,0,,1,,0,
"true north federal credit union","Not tracked","Not tracked",64,,0,,1,,0,
"true north ishpeming","Not tracked","Not tracked",19,,0,,1,,0,
"true point bank","Not tracked","Not tracked",36,,0,,1,,0,
"true stone credit union","Not tracked","Not tracked",52,,0,,1,,0,
"true stone financial","Not tracked","Not tracked",44,,0,,1,,0,
"truelink atm","Not tracked","Not tracked",80,,0,,1,,0,
"truenorth fcu","Not tracked","Not tracked",48,,0,,1,,0,
"truestone financial","Not tracked","Not tracked",45,,0,,1,,0,
truilant,"Not tracked","Not tracked",43,,0,,1,,0,
truiliant,"Not tracked","Not tracked",66,,0,,1,,0,
"truliant checking account","Not tracked","Not tracked",84,,0,,1,,0,
"truliant credit","Not tracked","Not tracked",46,,0,,1,,0,
"truliant credit union","Not tracked","Not tracked",52,,0,,1,,0,
"truliant federal credit","Not tracked","Not tracked",50,,0,,1,,0,
"truliant overdraft fee","Not tracked","Not tracked",82,,0,,1,,0,
"truliant personal loan rates","Not tracked","Not tracked",84,,0,,1,,0,
truliant.fcu,"Not tracked","Not tracked",51,,0,,1,,0,
trulient,"Not tracked","Not tracked",60,,0,,1,,0,
"trumark bank","Not tracked","Not tracked",16,,0,,1,,0,
"trumark checking","Not tracked","Not tracked",76,,0,,1,,0,
"trumark financial credit","Not tracked","Not tracked",67,,0,,1,,0,
"trumark financial credit union","Not tracked","Not tracked",71,,0,,1,,0,
"trumark financial credit union fraud","Not tracked","Not tracked",92,,0,,1,,0,
"trumark financial mortgage rates","Not tracked","Not tracked",94,,0,,1,,0,
"trumark personal loan","Not tracked","Not tracked",100,,0,,1,,0,
"trunorth credit union","Not tracked","Not tracked",57,,0,,1,,0,
"trunorth credit union ishpeming","Not tracked","Not tracked",46,,0,,1,,0,
"trunorth credit union ishpeming michigan","Not tracked","Not tracked",70,,0,,1,,0,
"trunorth federal credit union","Not tracked","Not tracked",60,,0,,1,,0,
"trunorth federal credit union ishpeming mi","Not tracked","Not tracked",52,,0,,1,,0,
"trunorth ishpeming mi","Not tracked","Not tracked",50,,0,,1,,0,
"trust bank adel","Not tracked","Not tracked",55,,0,,1,,0,
"trust o","Not tracked","Not tracked",77,,0,,1,,0,
"trustco bank glenville","Not tracked","Not tracked",26,,0,,1,,0,
"trustco bank glenville ny","Not tracked","Not tracked",48,,0,,1,,0,
"trustco bank halfmoon","Not tracked","Not tracked",54,,0,,1,,0,
"trustone bank","Not tracked","Not tracked",15,,0,,1,,0,
"trustone credit","Not tracked","Not tracked",36,,0,,1,,0,
"trustone fiancial","Not tracked","Not tracked",45,,0,,1,,0,
"trustone financial credit card","Not tracked","Not tracked",73,,0,,1,,0,
"trustone financial cu","Not tracked","Not tracked",41,,0,,1,,0,
"trustone financial rates","Not tracked","Not tracked",76,,0,,1,,0,
"trustone money market","Not tracked","Not tracked",81,,0,,1,,0,
"trustone rewards","Not tracked","Not tracked",87,,0,,1,,0,
"ttcu federal credit union","Not tracked","Not tracked",38,,0,,1,,0,
"ttcu meaning","Not tracked","Not tracked",46,,0,,1,,0,
"tucker pawn shop","Not tracked","Not tracked",71,,0,,1,,0,
"tucson federal credit union rates","Not tracked","Not tracked",19,,0,,1,,0,
"tucson federal credit union reviews","Not tracked","Not tracked",52,,0,,1,,0,
"tulane cash advance","Not tracked","Not tracked",27,,0,,1,,0,
"tulane payday loans","Not tracked","Not tracked",32,,0,,1,,0,
"tulsa teacher credit union","Not tracked","Not tracked",31,,0,,1,,0,
"tulsa teachers credit union cd rates","Not tracked","Not tracked",30,,0,,1,,0,
"tulsa teachers credit union claremore","Not tracked","Not tracked",55,,0,,1,,0,
"tulsa teachers credit union routing number","Not tracked","Not tracked",63,,0,,1,,0,
"tulsa teachers federal credit union","Not tracked","Not tracked",36,,0,,1,,0,
tvfcu,"Not tracked","Not tracked",60,,0,,1,,0,
"twin auto of dublin","Not tracked","Not tracked",50,,0,,1,,0,
"tx credit union","Not tracked","Not tracked",99,,0,,1,,0,
"u.s. senate federal credit union","Not tracked","Not tracked",45,,0,,1,,0,
u1st,"Not tracked","Not tracked",91,,0,,1,,0,
"ufcw 1776 fcu","Not tracked","Not tracked",55,,0,,1,,0,
"ufcw 1776 federal credit union","Not tracked","Not tracked",46,,0,,1,,0,
"ufcw local 1776 credit union","Not tracked","Not tracked",47,,0,,1,,0,
"ulster savings kingston ny","Not tracked","Not tracked",43,,0,,1,,0,
"umpc insurance","Not tracked","Not tracked",52,,0,,1,,0,
"un bank st paul","Not tracked","Not tracked",41,,0,,1,,0,
"unbank in st paul","Not tracked","Not tracked",58,,0,,1,,0,
"uncle dan","Not tracked","Not tracked",83,,0,,1,,0,
"uncle dan's east grand","Not tracked","Not tracked",50,,0,,1,,0,
"uncle dan's pawn","Not tracked","Not tracked",70,,0,,1,,0,
"uncle dan's pawn lake june reviews","Not tracked","Not tracked",28,,0,,1,,0,
"uncle dan's pawn shop cedar hill reviews","Not tracked","Not tracked",46,,0,,1,,0,
"uncle dan's pawn shop mesquite reviews","Not tracked","Not tracked",65,,0,,1,,0,
"uncle dan's pawn shop north dallas","Not tracked","Not tracked",85,,0,,1,,0,
"uncle dan's pawn shop south dallas reviews","Not tracked","Not tracked",55,,0,,1,,0,
"unibank lynnwood wa","Not tracked","Not tracked",68,,0,,1,,0,
"union bank of vermont","Not tracked","Not tracked",38,,0,,1,,0,
"union county employees federal credit union","Not tracked","Not tracked",83,,0,,1,,0,
"union pacific employees credit union","Not tracked","Not tracked",66,,0,,1,,0,
"union pacific railroad credit union","Not tracked","Not tracked",80,,0,,1,,0,
"union pacific streamliner","Not tracked","Not tracked",68,,0,,1,,0,
"union pay atm","Not tracked","Not tracked",61,,0,,1,,0,
"union savings bank","Not tracked","Not tracked",81,,0,,1,,0,
"union savings bank ct","Not tracked","Not tracked",39,,0,,1,,0,
"union savings bank danbury","Not tracked","Not tracked",45,,0,,1,,0,
"union savings bank in ct","Not tracked","Not tracked",50,,0,,1,,0,
"union trades fcu","Not tracked","Not tracked",75,,0,,1,,0,
"union yes federal credit union review","Not tracked","Not tracked",13,,0,,1,,0,
unionstatebank,"Not tracked","Not tracked",86,,0,,1,,0,
"unison loans pros and cons","Not tracked","Not tracked",88,,0,,1,,0,
"united bank atm near me","Not tracked","Not tracked",74,,0,,1,,0,
"united bank check","Not tracked","Not tracked",96,,0,,1,,0,
"united bank commercial lending","Not tracked","Not tracked",97,,0,,1,,0,
"united bank of iowa","Not tracked","Not tracked",57,,0,,1,,0,
"united bank of philadelphia review","Not tracked","Not tracked",27,,0,,1,,0,
"united check cashing colorado springs","Not tracked","Not tracked",53,,0,,1,,0,
"united check cashing fees","Not tracked","Not tracked",54,,0,,1,,0,
"united document services","Not tracked","Not tracked",58,,0,,1,,0,
"united educators credit","Not tracked","Not tracked",94,,0,,1,,0,
"united employees credit union","Not tracked","Not tracked",80,,0,,1,,0,
"united loan company","Not tracked","Not tracked",8,,0,,1,,0,
"united loans reviews","Not tracked","Not tracked",53,,0,,1,,0,
"united minnesota bank new london","Not tracked","Not tracked",51,,0,,1,,0,
"united mn bank new london mn","Not tracked","Not tracked",27,,0,,1,,0,
"united state bank ewing mo","Not tracked","Not tracked",74,,0,,1,,0,
"united states credit union","Not tracked","Not tracked",76,,0,,1,,0,
"united trades credit union","Not tracked","Not tracked",57,,0,,1,,0,
"unity bank reviews","Not tracked","Not tracked",77,,0,,1,,0,
"unity catholic credit union parma","Not tracked","Not tracked",13,,0,,1,,0,
"unity catholic federal credit union","Not tracked","Not tracked",58,,0,,1,,0,
"unity catholic federal credit union parma ohio","Not tracked","Not tracked",47,,0,,1,,0,
"unity catholic parma","Not tracked","Not tracked",50,,0,,1,,0,
"unity loan","Not tracked","Not tracked",97,,0,,1,,0,
"unity one credit union fort worth","Not tracked","Not tracked",68,,0,,1,,0,
"unityone com","Not tracked","Not tracked",13,,0,,1,,0,
"university credit union reviews","Not tracked","Not tracked",54,,0,,1,,0,
"university of virginia credit union","Not tracked","Not tracked",26,,0,,1,,0,
"university pawn albuquerque nm","Not tracked","Not tracked",53,,0,,1,,0,
"up arkansas federal credit union","Not tracked","Not tracked",87,,0,,1,,0,
"up connection federal credit union","Not tracked","Not tracked",50,,0,,1,,0,
"up finance","Not tracked","Not tracked",76,,0,,1,,0,
"up streamliner credit union","Not tracked","Not tracked",58,,0,,1,,0,
upfcu,"Not tracked","Not tracked",74,,0,,1,,0,
"upgrade inc san francisco","Not tracked","Not tracked",63,,0,,1,,0,
"upgrade san francisco","Not tracked","Not tracked",69,,0,,1,,0,
"upmc cigna","Not tracked","Not tracked",61,,0,,1,,0,
"upmc coverage","Not tracked","Not tracked",41,,0,,1,,0,
"upmc for you health insurance","Not tracked","Not tracked",30,,0,,1,,0,
"upmc for you health plan","Not tracked","Not tracked",27,,0,,1,,0,
"upmc health","Not tracked","Not tracked",72,,0,,1,,0,
"upmc health care insurance","Not tracked","Not tracked",35,,0,,1,,0,
"upmc health coverage","Not tracked","Not tracked",35,,0,,1,,0,
"upmc health insurance","Not tracked","Not tracked",51,,0,,1,,0,
"upmc health plan logo","Not tracked","Not tracked",54,,0,,1,,0,
"upmc health plan pennsylvania","Not tracked","Not tracked",39,,0,,1,,0,
"upmc health plan pittsburgh pa","Not tracked","Not tracked",80,,0,,1,,0,
"upmc health plans for individuals","Not tracked","Not tracked",46,,0,,1,,0,
"upmc healthcare plans","Not tracked","Not tracked",35,,0,,1,,0,
"upmc individual health insurance","Not tracked","Not tracked",38,,0,,1,,0,
"upmc individual health plans","Not tracked","Not tracked",40,,0,,1,,0,
"upmc insurance services","Not tracked","Not tracked",49,,0,,1,,0,
"upmc marketplace insurance","Not tracked","Not tracked",47,,0,,1,,0,
"upmc medicaid","Not tracked","Not tracked",37,,0,,1,,0,
"upmc payment plan","Not tracked","Not tracked",49,,0,,1,,0,
"upmc private health insurance","Not tracked","Not tracked",22,,0,,1,,0,
upmchealthplan,"Not tracked","Not tracked",59,,0,,1,,0,
"upmchealthplan com","Not tracked","Not tracked",28,,0,,1,,0,
"upward bank","Not tracked","Not tracked",62,,0,,1,,0,
"upward credit union burlingame","Not tracked","Not tracked",16,,0,,1,,0,
"upward finan","Not tracked","Not tracked",73,,0,,1,,0,
"upward financial","Not tracked","Not tracked",66,,0,,1,,0,
"us bank in amarillo texas","Not tracked","Not tracked",48,,0,,1,,0,
"us eagle car loan","Not tracked","Not tracked",88,,0,,1,,0,
"us eagle federal credit union albuquerque reviews","Not tracked","Not tracked",63,,0,,1,,0,
"us national credit solutions new york","Not tracked","Not tracked",23,,0,,1,,0,
"usa cash express","Not tracked","Not tracked",29,,0,,1,,0,
"usa homeownership foundation","Not tracked","Not tracked",63,,0,,1,,0,
"usb bank lewistown mo","Not tracked","Not tracked",62,,0,,1,,0,
"use credit union atm","Not tracked","Not tracked",96,,0,,1,,0,
"use credit union tomball","Not tracked","Not tracked",69,,0,,1,,0,
"usecu houston","Not tracked","Not tracked",62,,0,,1,,0,
"usecu houston tx","Not tracked","Not tracked",60,,0,,1,,0,
"ussco johnstown pa","Not tracked","Not tracked",18,,0,,1,,0,
"ussco rates","Not tracked","Not tracked",48,,0,,1,,0,
"ussco richland","Not tracked","Not tracked",45,,0,,1,,0,
ussfcu,"Not tracked","Not tracked",47,,0,,1,,0,
"ussfcu auto loan rates","Not tracked","Not tracked",96,,0,,1,,0,
"ut muo fcu","Not tracked","Not tracked",39,,0,,1,,0,
"utah heritage credit union mount pleasant","Not tracked","Not tracked",58,,0,,1,,0,
"utah heritage credit union phone number","Not tracked","Not tracked",56,,0,,1,,0,
utelfcu,"Not tracked","Not tracked",47,,0,,1,,0,
"utica telephone credit union","Not tracked","Not tracked",42,,0,,1,,0,
"va statute of limitations debt","Not tracked","Not tracked",79,,0,,1,,0,
"valey bank","Not tracked","Not tracked",58,,0,,1,,0,
"vall bank","Not tracked","Not tracked",56,,0,,1,,0,
"valley 1st fcu","Not tracked","Not tracked",57,,0,,1,,0,
"valley bank & trust","Not tracked","Not tracked",58,,0,,1,,0,
"valley bank passaic nj","Not tracked","Not tracked",58,,0,,1,,0,
"valley bank roswell new mexico","Not tracked","Not tracked",98,,0,,1,,0,
"valley bank.","Not tracked","Not tracked",39,,0,,1,,0,
"valley bsnk","Not tracked","Not tracked",42,,0,,1,,0,
"valley first cash management","Not tracked","Not tracked",71,,0,,1,,0,
"valley first credit","Not tracked","Not tracked",51,,0,,1,,0,
"valley first credit union credit card","Not tracked","Not tracked",92,,0,,1,,0,
"valley first credit union j street","Not tracked","Not tracked",55,,0,,1,,0,
"valley first dépôts","Not tracked","Not tracked",76,,0,,1,,0,
"valley first federal credit union","Not tracked","Not tracked",70,,0,,1,,0,
"valley first join","Not tracked","Not tracked",55,,0,,1,,0,
"valley first mortgages","Not tracked","Not tracked",78,,0,,1,,0,
"valley first prime rates","Not tracked","Not tracked",58,,0,,1,,0,
"valley first resp","Not tracked","Not tracked",57,,0,,1,,0,
"valley first retirement","Not tracked","Not tracked",80,,0,,1,,0,
"valley first tfsa","Not tracked","Not tracked",67,,0,,1,,0,
"valley first us exchange","Not tracked","Not tracked",50,,0,,1,,0,
"valley first valley first","Not tracked","Not tracked",65,,0,,1,,0,
"valley isle credit union","Not tracked","Not tracked",60,,0,,1,,0,
"valley lending","Not tracked","Not tracked",88,,0,,1,,0,
"valley national","Not tracked","Not tracked",49,,0,,1,,0,
"valley national bancorp nj","Not tracked","Not tracked",63,,0,,1,,0,
"valley national bank hackensack nj","Not tracked","Not tracked",49,,0,,1,,0,
"valley national bank harrison nj","Not tracked","Not tracked",55,,0,,1,,0,
"valley national bank passaic new jersey","Not tracked","Not tracked",64,,0,,1,,0,
"valley national bank student loans","Not tracked","Not tracked",13,,0,,1,,0,
"valley one community federal credit union","Not tracked","Not tracked",68,,0,,1,,0,
"valley one credit union","Not tracked","Not tracked",83,,0,,1,,0,
"valley one fcu","Not tracked","Not tracked",78,,0,,1,,0,
"valley one federal credit union","Not tracked","Not tracked",74,,0,,1,,0,
"valleyfirst credit union","Not tracked","Not tracked",61,,0,,1,,0,
valleyfirstcu,"Not tracked","Not tracked",50,,0,,1,,0,
"valor bank edmond","Not tracked","Not tracked",76,,0,,1,,0,
"van nuys pawn shop by maxferd","Not tracked","Not tracked",55,,0,,1,,0,
"vandy credit union","Not tracked","Not tracked",45,,0,,1,,0,
"vantage credit","Not tracked","Not tracked",70,,0,,1,,0,
"vantage fcu","Not tracked","Not tracked",74,,0,,1,,0,
"vantage trust","Not tracked","Not tracked",41,,0,,1,,0,
"vantage trust federal credit union","Not tracked","Not tracked",50,,0,,1,,0,
"varex federal credit union","Not tracked","Not tracked",70,,0,,1,,0,
"vasco credit union","Not tracked","Not tracked",78,,0,,1,,0,
"vccu credit union","Not tracked","Not tracked",45,,0,,1,,0,
"vccu loan rates","Not tracked","Not tracked",62,,0,,1,,0,
"vegas credit union","Not tracked","Not tracked",47,,0,,1,,0,
"velocity credit union bank","Not tracked","Not tracked",62,,0,,1,,0,
"velocity cu austin","Not tracked","Not tracked",47,,0,,1,,0,
"velocity federal credit union","Not tracked","Not tracked",62,,0,,1,,0,
velocitycreditunion,"Not tracked","Not tracked",55,,0,,1,,0,
"ventura country credit union","Not tracked","Not tracked",48,,0,,1,,0,
"ventura county credit union auto loan rates","Not tracked","Not tracked",94,,0,,1,,0,
"ventura county credit union credit card","Not tracked","Not tracked",57,,0,,1,,0,
"ventura county credit union in camarillo","Not tracked","Not tracked",64,,0,,1,,0,
"ventura county credit union mortgage rates","Not tracked","Not tracked",55,,0,,1,,0,
"ventura county credit union reviews","Not tracked","Not tracked",50,,0,,1,,0,
"ventura county credit union ventura","Not tracked","Not tracked",44,,0,,1,,0,
"ventura credit union ventura ca","Not tracked","Not tracked",42,,0,,1,,0,
"ventura federal credit union","Not tracked","Not tracked",48,,0,,1,,0,
"verity bank","Not tracked","Not tracked",56,,0,,1,,0,
"verity credit union locations","Not tracked","Not tracked",91,,0,,1,,0,
"verity credit union near me","Not tracked","Not tracked",92,,0,,1,,0,
"vermont union bank","Not tracked","Not tracked",42,,0,,1,,0,
"vet united","Not tracked","Not tracked",72,,0,,1,,0,
"vibrant equipment lending","Not tracked","Not tracked",71,,0,,1,,0,
"victoria city county credit union","Not tracked","Not tracked",33,,0,,1,,0,
"victoria county credit union","Not tracked","Not tracked",87,,0,,1,,0,
"victoria fcu","Not tracked","Not tracked",27,,0,,1,,0,
"victory lane car and truck","Not tracked","Not tracked",91,,0,,1,,0,
"virgina national bank","Not tracked","Not tracked",39,,0,,1,,0,
"virginia bank and trust","Not tracked","Not tracked",89,,0,,1,,0,
"virginia credit union review","Not tracked","Not tracked",67,,0,,1,,0,
"virginia national bank haymarket","Not tracked","Not tracked",54,,0,,1,,0,
"virginia national bank online banking","Not tracked","Not tracked",25,,0,,1,,0,
"virginia national bank routing number","Not tracked","Not tracked",16,,0,,1,,0,
"virginia national bank warrenton va","Not tracked","Not tracked",53,,0,,1,,0,
"visa cash machine","Not tracked","Not tracked",80,,0,,1,,0,
"vision financial credit union","Not tracked","Not tracked",39,,0,,1,,0,
"vision financial fcu","Not tracked","Not tracked",35,,0,,1,,0,
"vision financial federal credit union durham nc","Not tracked","Not tracked",39,,0,,1,,0,
"vision net 24","Not tracked","Not tracked",50,,0,,1,,0,
"visions bank","Not tracked","Not tracked",44,,0,,1,,0,
"visions endicott","Not tracked","Not tracked",58,,0,,1,,0,
"visions federal credit union norwich ny","Not tracked","Not tracked",38,,0,,1,,0,
"visions owego","Not tracked","Not tracked",55,,0,,1,,0,
"vista lending","Not tracked","Not tracked",88,,0,,1,,0,
"vista repayments services","Not tracked","Not tracked",44,,0,,1,,0,
"vnb nj","Not tracked","Not tracked",23,,0,,1,,0,
"vnb online banking","Not tracked","Not tracked",26,,0,,1,,0,
"vnb personal banking","Not tracked","Not tracked",50,,0,,1,,0,
"vocal credit union","Not tracked","Not tracked",13,,0,,1,,0,
vsecu,"Not tracked","Not tracked",22,,0,,1,,0,
"vsecu credit union","Not tracked","Not tracked",53,,0,,1,,0,
"vsecu rutland vt","Not tracked","Not tracked",57,,0,,1,,0,
"w western union","Not tracked","Not tracked",49,,0,,1,,0,
"wafd bank","Not tracked","Not tracked",53,,0,,1,,0,
wafed,"Not tracked","Not tracked",67,,0,,1,,0,
"wage garnishment exemption","Not tracked","Not tracked",92,,0,,1,,0,
"wailuku federal credit union","Not tracked","Not tracked",33,,0,,1,,0,
"walden mutual bank reviews","Not tracked","Not tracked",18,,0,,1,,0,
waldenmutual,"Not tracked","Not tracked",26,,0,,1,,0,
"waldo financial","Not tracked","Not tracked",20,,0,,1,,0,
"walk up atm","Not tracked","Not tracked",29,,0,,1,,0,
"walled lake credit union","Not tracked","Not tracked",38,,0,,1,,0,
"wallkill federal savings","Not tracked","Not tracked",45,,0,,1,,0,
"wallkill federal savings and loan","Not tracked","Not tracked",40,,0,,1,,0,
"walmart financial services","Not tracked","Not tracked",36,,0,,1,,0,
"walpole bank","Not tracked","Not tracked",38,,0,,1,,0,
"walpole co op","Not tracked","Not tracked",58,,0,,1,,0,
"walpole co-operative bank cd rates","Not tracked","Not tracked",69,,0,,1,,0,
"walpole coop bank","Not tracked","Not tracked",67,,0,,1,,0,
"walpole cooperative","Not tracked","Not tracked",64,,0,,1,,0,
"wasatch credit association reviews","Not tracked","Not tracked",56,,0,,1,,0,
washfin,"Not tracked","Not tracked",80,,0,,1,,0,
"washfin bank","Not tracked","Not tracked",84,,0,,1,,0,
"washington financial bank","Not tracked","Not tracked",88,,0,,1,,0,
"washington financial washington pa","Not tracked","Not tracked",24,,0,,1,,0,
"washington saving bank lowell","Not tracked","Not tracked",26,,0,,1,,0,
"washington savings bank lowell ma","Not tracked","Not tracked",25,,0,,1,,0,
washingtonsavings,"Not tracked","Not tracked",51,,0,,1,,0,
"watch loan atlanta","Not tracked","Not tracked",69,,0,,1,,0,
"waterbury credit union","Not tracked","Not tracked",69,,0,,1,,0,
"waterbury ct teachers federal credit union","Not tracked","Not tracked",59,,0,,1,,0,
"waterbury teachers credit union","Not tracked","Not tracked",62,,0,,1,,0,
"waterford bank clarkston","Not tracked","Not tracked",36,,0,,1,,0,
"waterford bank ohio","Not tracked","Not tracked",38,,0,,1,,0,
"waterford bank perrysburg ohio","Not tracked","Not tracked",38,,0,,1,,0,
"waterford commercial and savings","Not tracked","Not tracked",55,,0,,1,,0,
"waterford commercial and savings bank","Not tracked","Not tracked",59,,0,,1,,0,
"waukesha state bank review","Not tracked","Not tracked",57,,0,,1,,0,
"wave credit cards","Not tracked","Not tracked",88,,0,,1,,0,
"wave federal credit","Not tracked","Not tracked",45,,0,,1,,0,
"wave federal credit union","Not tracked","Not tracked",45,,0,,1,,0,
"wave federal credit union warwick","Not tracked","Not tracked",50,,0,,1,,0,
"we buy everything pawn shop springfield reviews","Not tracked","Not tracked",63,,0,,1,,0,
"webco bank","Not tracked","Not tracked",67,,0,,1,,0,
"well springs credit union","Not tracked","Not tracked",69,,0,,1,,0,
"wellness federal credit union","Not tracked","Not tracked",42,,0,,1,,0,
"wells fargo arlington tx","Not tracked","Not tracked",43,,0,,1,,0,
"wells fargo bank long island","Not tracked","Not tracked",46,,0,,1,,0,
"wells fargo business credit","Not tracked","Not tracked",68,,0,,1,,0,
"wells fargo business elite","Not tracked","Not tracked",87,,0,,1,,0,
"wells fargo long island city","Not tracked","Not tracked",43,,0,,1,,0,
"wells fargo long island city ny","Not tracked","Not tracked",41,,0,,1,,0,
"wellspring orange tx","Not tracked","Not tracked",72,,0,,1,,0,
"weokie fcu","Not tracked","Not tracked",41,,0,,1,,0,
wesbancco,"Not tracked","Not tracked",73,,0,,1,,0,
"wesbanco bank bridgeport wv","Not tracked","Not tracked",46,,0,,1,,0,
"wesbanco bank morgantown wv","Not tracked","Not tracked",47,,0,,1,,0,
"wesbanco bridgeport wv","Not tracked","Not tracked",50,,0,,1,,0,
"wesbanco fairmont wv","Not tracked","Not tracked",50,,0,,1,,0,
"wescom bank","Not tracked","Not tracked",56,,0,,1,,0,
"wescom cd rates","Not tracked","Not tracked",43,,0,,1,,0,
"wescom central credit union","Not tracked","Not tracked",73,,0,,1,,0,
"wescom certificate rates","Not tracked","Not tracked",96,,0,,1,,0,
"wescom high yield savings account","Not tracked","Not tracked",99,,0,,1,,0,
"wescom interest rates","Not tracked","Not tracked",92,,0,,1,,0,
"wescom savings account","Not tracked","Not tracked",92,,0,,1,,0,
"wescom savings account interest rate","Not tracked","Not tracked",91,,0,,1,,0,
wescome,"Not tracked","Not tracked",73,,0,,1,,0,
"west bank of iowa cash rewards","Not tracked","Not tracked",63,,0,,1,,0,
"west bank of iowa lender","Not tracked","Not tracked",80,,0,,1,,0,
"west bank of iowa merchant card","Not tracked","Not tracked",52,,0,,1,,0,
"west bank of iowa mortgage","Not tracked","Not tracked",84,,0,,1,,0,
"west bank of iowa online banking","Not tracked","Not tracked",84,,0,,1,,0,
"west bank of iowa personal banking","Not tracked","Not tracked",87,,0,,1,,0,
"west bank of iowa sign up","Not tracked","Not tracked",88,,0,,1,,0,
"west bank of iowa term loan","Not tracked","Not tracked",79,,0,,1,,0,
"west branch valley federal credit union","Not tracked","Not tracked",50,,0,,1,,0,
"west com credit union","Not tracked","Not tracked",73,,0,,1,,0,
"west credit union reviews","Not tracked","Not tracked",69,,0,,1,,0,
"west miami jewelry","Not tracked","Not tracked",83,,0,,1,,0,
"west shore bank","Not tracked","Not tracked",43,,0,,1,,0,
"west shore bank ludington michigan","Not tracked","Not tracked",55,,0,,1,,0,
"west texas credit union alpine tx","Not tracked","Not tracked",58,,0,,1,,0,
"west texas credit union pecos","Not tracked","Not tracked",72,,0,,1,,0,
"west town jewelry & loan","Not tracked","Not tracked",69,,0,,1,,0,
"west town jewelry and loan","Not tracked","Not tracked",98,,0,,1,,0,
westbanco,"Not tracked","Not tracked",71,,0,,1,,0,
westbanko,"Not tracked","Not tracked",67,,0,,1,,0,
"westco bank","Not tracked","Not tracked",65,,0,,1,,0,
"westedge credit union","Not tracked","Not tracked",10,,0,,1,,0,
"western commerce","Not tracked","Not tracked",57,,0,,1,,0,
"western equipment finance reviews","Not tracked","Not tracked",68,,0,,1,,0,
"western sun bixby","Not tracked","Not tracked",35,,0,,1,,0,
"western sun credit union owasso","Not tracked","Not tracked",38,,0,,1,,0,
"western sun tulsa","Not tracked","Not tracked",47,,0,,1,,0,
"western union acme","Not tracked","Not tracked",32,,0,,1,,0,
"western union albuquerque","Not tracked","Not tracked",44,,0,,1,,0,
"western union albuquerque nm","Not tracked","Not tracked",41,,0,,1,,0,
"western union amscot","Not tracked","Not tracked",85,,0,,1,,0,
"western union credit union","Not tracked","Not tracked",72,,0,,1,,0,
"western union finance","Not tracked","Not tracked",49,,0,,1,,0,
"western union financial services","Not tracked","Not tracked",42,,0,,1,,0,
"western union in albuquerque new mexico","Not tracked","Not tracked",50,,0,,1,,0,
"western union in albuquerque nm","Not tracked","Not tracked",54,,0,,1,,0,
"western union in raleigh north carolina","Not tracked","Not tracked",74,,0,,1,,0,
"western union new","Not tracked","Not tracked",50,,0,,1,,0,
"western union services","Not tracked","Not tracked",50,,0,,1,,0,
"westex community credit union kermit","Not tracked","Not tracked",60,,0,,1,,0,
"westex community credit union pecos tx","Not tracked","Not tracked",17,,0,,1,,0,
"westex community credit union routing number","Not tracked","Not tracked",78,,0,,1,,0,
"westshore bank","Not tracked","Not tracked",36,,0,,1,,0,
"westshore bank ludington michigan","Not tracked","Not tracked",41,,0,,1,,0,
wesvanco,"Not tracked","Not tracked",75,,0,,1,,0,
"wexford community credit union cadillac michigan","Not tracked","Not tracked",49,,0,,1,,0,
"wexford community credit union routing number","Not tracked","Not tracked",52,,0,,1,,0,
"wf bus credit","Not tracked","Not tracked",68,,0,,1,,0,
"what a gem inc","Not tracked","Not tracked",27,,0,,1,,0,
"what banks accept mastercard","Not tracked","Not tracked",50,,0,,1,,0,
"what does ceda stand for","Not tracked","Not tracked",99,,0,,1,,0,
"what insurance is upmc","Not tracked","Not tracked",49,,0,,1,,0,
"what is clarity pay","Not tracked","Not tracked",78,,0,,1,,0,
"what is dave inc on my bank statement","Not tracked","Not tracked",75,,0,,1,,0,
"what is nbt bank","Not tracked","Not tracked",56,,0,,1,,0,
"what is payomatic","Not tracked","Not tracked",28,,0,,1,,0,
"what is security bank","Not tracked","Not tracked",46,,0,,1,,0,
"what is solarity","Not tracked","Not tracked",69,,0,,1,,0,
"what is wafd bank","Not tracked","Not tracked",49,,0,,1,,0,
"what is wescom","Not tracked","Not tracked",82,,0,,1,,0,
"where is netspend located","Not tracked","Not tracked",67,,0,,1,,0,
"white river credit union","Not tracked","Not tracked",36,,0,,1,,0,
"white river financial","Not tracked","Not tracked",83,,0,,1,,0,
"white river financial services reviews","Not tracked","Not tracked",62,,0,,1,,0,
"white sands federal","Not tracked","Not tracked",39,,0,,1,,0,
"white sands federal credit union","Not tracked","Not tracked",35,,0,,1,,0,
"white sands federal credit union hours","Not tracked","Not tracked",45,,0,,1,,0,
"whitefish credit union","Not tracked","Not tracked",42,,0,,1,,0,
"whiteriver credit union","Not tracked","Not tracked",35,,0,,1,,0,
"whitesands credit union","Not tracked","Not tracked",39,,0,,1,,0,
"who does southwest recovery collect for","Not tracked","Not tracked",48,,0,,1,,0,
"why is cic credit on my credit report","Not tracked","Not tracked",96,,0,,1,,0,
"why is fico lower than transunion","Not tracked","Not tracked",81,,0,,1,,0,
"why is my credit card not on my credit report","Not tracked","Not tracked",100,,0,,1,,0,
"wildfire credit union bay city","Not tracked","Not tracked",55,,0,,1,,0,
"wildfire credit union bay city michigan","Not tracked","Not tracked",67,,0,,1,,0,
"wildfire credit union midland mi","Not tracked","Not tracked",56,,0,,1,,0,
"wildfire credit union saginaw mi","Not tracked","Not tracked",62,,0,,1,,0,
"wildfire credit union saginaw michigan","Not tracked","Not tracked",74,,0,,1,,0,
"wildfire cu","Not tracked","Not tracked",50,,0,,1,,0,
"wildfire saginaw mi","Not tracked","Not tracked",70,,0,,1,,0,
wildfirecu,"Not tracked","Not tracked",51,,0,,1,,0,
"willis knighton credit union shreveport","Not tracked","Not tracked",27,,0,,1,,0,
"wilmington jewelry & loan","Not tracked","Not tracked",49,,0,,1,,0,
"wilmington police and fire credit union","Not tracked","Not tracked",80,,0,,1,,0,
"wilmington trust credit union","Not tracked","Not tracked",39,,0,,1,,0,
"wilshire quinn capital","Not tracked","Not tracked",67,,0,,1,,0,
"wintrust atms","Not tracked","Not tracked",43,,0,,1,,0,
"wire transfer services western indiana","Not tracked","Not tracked",66,,0,,1,,0,
"wisconsin milwaukee loans","Not tracked","Not tracked",85,,0,,1,,0,
"wnc community credit union","Not tracked","Not tracked",72,,0,,1,,0,
"woodforest national bank amarillo tx","Not tracked","Not tracked",51,,0,,1,,0,
"woodland pawn shop philadelphia","Not tracked","Not tracked",48,,0,,1,,0,
"woodsfield savings bank barnesville ohio","Not tracked","Not tracked",42,,0,,1,,0,
"woodsfield savings bank cadiz ohio","Not tracked","Not tracked",38,,0,,1,,0,
"workers bank","Not tracked","Not tracked",66,,0,,1,,0,
"workers credit","Not tracked","Not tracked",66,,0,,1,,0,
"workers fcu","Not tracked","Not tracked",23,,0,,1,,0,
"working solutions cdfi","Not tracked","Not tracked",38,,0,,1,,0,
"world acceptance finance","Not tracked","Not tracked",73,,0,,1,,0,
"world acceptance loan","Not tracked","Not tracked",34,,0,,1,,0,
"world finance on buckner","Not tracked","Not tracked",45,,0,,1,,0,
"world finance world","Not tracked","Not tracked",41,,0,,1,,0,
"world wide land transfer reviews","Not tracked","Not tracked",45,,0,,1,,0,
"world wide title","Not tracked","Not tracked",66,,0,,1,,0,
"worthington bank arlington","Not tracked","Not tracked",63,,0,,1,,0,
"worthington national","Not tracked","Not tracked",87,,0,,1,,0,
"wrights credit union","Not tracked","Not tracked",44,,0,,1,,0,
"www midfirst","Not tracked","Not tracked",20,,0,,1,,0,
www.communitychoicecreditunion,"Not tracked","Not tracked",48,,0,,1,,0,
"www.corning credit union","Not tracked","Not tracked",44,,0,,1,,0,
www.jpefcu.org,"Not tracked","Not tracked",91,,0,,1,,0,
www.spero.finacial,"Not tracked","Not tracked",35,,0,,1,,0,
www.spero.finacial/online-banking,"Not tracked","Not tracked",50,,0,,1,,0,
"wyoming federal credit union","Not tracked","Not tracked",73,,0,,1,,0,
"wyrope reviews","Not tracked","Not tracked",58,,0,,1,,0,
"xcel credit","Not tracked","Not tracked",48,,0,,1,,0,
"xcel fcu","Not tracked","Not tracked",42,,0,,1,,0,
"xperia credit","Not tracked","Not tracked",62,,0,,1,,0,
xplorefcu,"Not tracked","Not tracked",60,,0,,1,,0,
"yonkers pawnbrokers","Not tracked","Not tracked",55,,0,,1,,0,
"your legacy credit union","Not tracked","Not tracked",53,,0,,1,,0,
"your legacy fcu","Not tracked","Not tracked",46,,0,,1,,0,
"yrefy llc refinancing benefits","Not tracked","Not tracked",88,,0,,1,,0,
"yrefy soft credit pull","Not tracked","Not tracked",75,,0,,1,,0,
"zap credit solutions","Not tracked","Not tracked",81,,0,,1,,0,
"zing cu","Not tracked","Not tracked",51,,0,,1,,0,
"zing funding","Not tracked","Not tracked",94,,0,,1,,0,
