priority_score,tier,cluster,city,state,slug,url,title,words,review_links,browse_links,gsc_impressions,gsc_avg_position,current_has_form,current_quiz_link,primary_actions,rationale
43198.17,T1 - active GSC signal,California,Long Beach,CA,long-beach-ca,https://www.creditdoc.co/city/long-beach-ca/,"Credit Repair & Financial Services in Long Beach, CA (2026)",2807,31,3,42,4.29,False,True,Long Beach Credit Repair Quiz / Long Beach Credit Calculator CTAs | email capture block wired to /api/email-signup | CA regulator/contact module | Frequently asked questions in Long Beach | links to strongest matching /browse/ category pages,"Already earning local impressions or near-page-one visibility; improve capture, local intent, and CTR first."
41031.23,T1 - active GSC signal,National,West New York,NJ,west-new-york-nj,https://www.creditdoc.co/city/west-new-york-nj/,"Credit Repair & Financial Services in West New York, NJ",1653,8,1,40,4.93,False,True,West New York Credit Repair Quiz / West New York Credit Calculator CTAs | email capture block wired to /api/email-signup | NJ regulator/contact module | Frequently asked questions in West New York | links to strongest matching /browse/ category pages,"Already earning local impressions or near-page-one visibility; improve capture, local intent, and CTR first."
33014.17,T1 - active GSC signal,California,Vernon,CA,vernon-ca,https://www.creditdoc.co/city/vernon-ca/,"Credit Repair & Financial Services in Vernon, CA (2026)",1417,10,1,32,7,False,True,Vernon Credit Repair Quiz / Vernon Credit Calculator CTAs | email capture block wired to /api/email-signup | CA regulator/contact module | Frequently asked questions in Vernon | links to strongest matching /browse/ category pages,"Already earning local impressions or near-page-one visibility; improve capture, local intent, and CTR first."
28264.33,T1 - active GSC signal,National,Pittsburgh,PA,pittsburgh-pa,https://www.creditdoc.co/city/pittsburgh-pa/,"Credit Repair & Financial Services in Pittsburgh, PA (2026)",3533,42,4,27,5.7,False,True,Pittsburgh Credit Repair Quiz / Pittsburgh Credit Calculator CTAs | email capture block wired to /api/email-signup | PA regulator/contact module | Frequently asked questions in Pittsburgh | links to strongest matching /browse/ category pages,"Already earning local impressions or near-page-one visibility; improve capture, local intent, and CTR first."
27178.96,T1 - active GSC signal,National,New Orleans,LA,new-orleans-la,https://www.creditdoc.co/city/new-orleans-la/,"Credit Repair & Financial Services in New Orleans, LA (2026)",3136,36,3,26,8.04,False,True,New Orleans Credit Repair Quiz / New Orleans Credit Calculator CTAs | email capture block wired to /api/email-signup | LA regulator/contact module | Frequently asked questions in New Orleans | links to strongest matching /browse/ category pages,"Already earning local impressions or near-page-one visibility; improve capture, local intent, and CTR first."
26691.89,T1 - active GSC signal,California,San Jose,CA,san-jose-ca,https://www.creditdoc.co/city/san-jose-ca/,"Credit Repair & Financial Services in San Jose, CA (2026)",4779,57,6,26,76.69,False,True,San Jose Credit Repair Quiz / San Jose Credit Calculator CTAs | email capture block wired to /api/email-signup | CA regulator/contact module | Frequently asked questions in San Jose | links to strongest matching /browse/ category pages,"Already earning local impressions or near-page-one visibility; improve capture, local intent, and CTR first."
18472.25,T2 - early GSC signal,National,Madison,TN,madison-tn,https://www.creditdoc.co/city/madison-tn/,"Credit Repair & Financial Services in Madison, TN (2026)",1995,18,1,18,64.17,False,True,Madison Credit Repair Quiz / Madison Credit Calculator CTAs | email capture block wired to /api/email-signup | TN regulator/contact module | Frequently asked questions in Madison | links to strongest matching /browse/ category pages,Has some search visibility; strengthen local conversion and supporting city/category links.
17079.19,T1 - active GSC signal,Georgia,Decatur,GA,decatur-ga,https://www.creditdoc.co/city/decatur-ga/,"Credit Repair & Financial Services in Decatur, GA (2026)",2209,23,1,16,5.19,False,True,Decatur Credit Repair Quiz / Decatur Credit Calculator CTAs | email capture block wired to /api/email-signup | GA regulator/contact module | Frequently asked questions in Decatur | links to strongest matching /browse/ category pages,"Already earning local impressions or near-page-one visibility; improve capture, local intent, and CTR first."
16037.83,T1 - active GSC signal,Georgia,College Park,GA,college-park-ga,https://www.creditdoc.co/city/college-park-ga/,"Credit Repair & Financial Services in College Park, GA",1853,16,0,15,2.87,False,True,College Park Credit Repair Quiz / College Park Credit Calculator CTAs | email capture block wired to /api/email-signup | GA regulator/contact module | Frequently asked questions in College Park | links to strongest matching /browse/ category pages,"Already earning local impressions or near-page-one visibility; improve capture, local intent, and CTR first."
15662.79,T2 - early GSC signal,National,Midwest City,OK,midwest-city-ok,https://www.creditdoc.co/city/midwest-city-ok/,"Credit Repair & Financial Services in Midwest City, OK",1809,16,0,15,40.33,False,True,Midwest City Credit Repair Quiz / Midwest City Credit Calculator CTAs | email capture block wired to /api/email-signup | OK regulator/contact module | Frequently asked questions in Midwest City | links to strongest matching /browse/ category pages,Has some search visibility; strengthen local conversion and supporting city/category links.
14329.18,T2 - early GSC signal,National,Rock Hill,SC,rock-hill-sc,https://www.creditdoc.co/city/rock-hill-sc/,"Credit Repair & Financial Services in Rock Hill, SC (2026)",1808,13,1,14,76.79,False,True,Rock Hill Credit Repair Quiz / Rock Hill Credit Calculator CTAs | email capture block wired to /api/email-signup | SC regulator/contact module | Frequently asked questions in Rock Hill | links to strongest matching /browse/ category pages,Has some search visibility; strengthen local conversion and supporting city/category links.
14206.46,T1 - active GSC signal,California,Bakersfield,CA,bakersfield-ca,https://www.creditdoc.co/city/bakersfield-ca/,"Credit Repair & Financial Services in Bakersfield, CA (2026)",2656,31,3,13,3.31,False,True,Bakersfield Credit Repair Quiz / Bakersfield Credit Calculator CTAs | email capture block wired to /api/email-signup | CA regulator/contact module | Frequently asked questions in Bakersfield | links to strongest matching /browse/ category pages,"Already earning local impressions or near-page-one visibility; improve capture, local intent, and CTR first."
10981.29,T1 - active GSC signal,New York,Bronx,NY,bronx-ny,https://www.creditdoc.co/city/bronx-ny/,"Credit Repair & Financial Services in Bronx, NY (2026)",2229,21,1,10,14.4,False,True,Bronx Credit Repair Quiz / Bronx Credit Calculator CTAs | email capture block wired to /api/email-signup | NY regulator/contact module | Frequently asked questions in Bronx | links to strongest matching /browse/ category pages,"Already earning local impressions or near-page-one visibility; improve capture, local intent, and CTR first."
10972.55,T1 - active GSC signal,California,Santa Clara,CA,santa-clara-ca,https://www.creditdoc.co/city/santa-clara-ca/,"Credit Repair & Financial Services in Santa Clara, CA (2026)",1855,13,0,10,8.5,False,True,Santa Clara Credit Repair Quiz / Santa Clara Credit Calculator CTAs | email capture block wired to /api/email-signup | CA regulator/contact module | Frequently asked questions in Santa Clara | links to strongest matching /browse/ category pages,"Already earning local impressions or near-page-one visibility; improve capture, local intent, and CTR first."
10476.88,T1 - active GSC signal,National,Seattle,WA,seattle-wa,https://www.creditdoc.co/city/seattle-wa/,"Credit Repair & Financial Services in Seattle, WA (2026)",4308,52,8,9,4.22,False,True,Seattle Credit Repair Quiz / Seattle Credit Calculator CTAs | email capture block wired to /api/email-signup | WA regulator/contact module | Frequently asked questions in Seattle | links to strongest matching /browse/ category pages,"Already earning local impressions or near-page-one visibility; improve capture, local intent, and CTR first."
9725.07,T1 - active GSC signal,California,Los Angeles,CA,los-angeles-ca,https://www.creditdoc.co/city/los-angeles-ca/,"Credit Repair & Financial Services in Los Angeles, CA (2026)",6337,81,12,8,6.13,False,True,Los Angeles Credit Repair Quiz / Los Angeles Credit Calculator CTAs | email capture block wired to /api/email-signup | CA regulator/contact module | Frequently asked questions in Los Angeles | links to strongest matching /browse/ category pages,"Already earning local impressions or near-page-one visibility; improve capture, local intent, and CTR first."
8764.44,T2 - early GSC signal,Georgia,Marietta,GA,marietta-ga,https://www.creditdoc.co/city/marietta-ga/,"Credit Repair & Financial Services in Marietta, GA (2026)",2124,19,1,8,35.38,False,True,Marietta Credit Repair Quiz / Marietta Credit Calculator CTAs | email capture block wired to /api/email-signup | GA regulator/contact module | Frequently asked questions in Marietta | links to strongest matching /browse/ category pages,Has some search visibility; strengthen local conversion and supporting city/category links.
8076.87,T2 - early GSC signal,Texas,Grand Prairie,TX,grand-prairie-tx,https://www.creditdoc.co/city/grand-prairie-tx/,"Credit Repair & Financial Services in Grand Prairie, TX",1997,18,1,7,3.71,False,True,Grand Prairie Credit Repair Quiz / Grand Prairie Credit Calculator CTAs | email capture block wired to /api/email-signup | TX regulator/contact module | Frequently asked questions in Grand Prairie | links to strongest matching /browse/ category pages,Has some search visibility; strengthen local conversion and supporting city/category links.
7815.18,T2 - early GSC signal,National,Edmond,OK,edmond-ok,https://www.creditdoc.co/city/edmond-ok/,"Credit Repair & Financial Services in Edmond, OK (2026)",1608,14,0,7,24.29,False,True,Edmond Credit Repair Quiz / Edmond Credit Calculator CTAs | email capture block wired to /api/email-signup | OK regulator/contact module | Frequently asked questions in Edmond | links to strongest matching /browse/ category pages,Has some search visibility; strengthen local conversion and supporting city/category links.
7267.15,T2 - early GSC signal,Texas,Arlington,TX,arlington-tx,https://www.creditdoc.co/city/arlington-tx/,"Credit Repair & Financial Services in Arlington, TX (2026)",3245,36,4,6,3.33,False,True,Arlington Credit Repair Quiz / Arlington Credit Calculator CTAs | email capture block wired to /api/email-signup | TX regulator/contact module | Frequently asked questions in Arlington | links to strongest matching /browse/ category pages,Has some search visibility; strengthen local conversion and supporting city/category links.
7026.03,T2 - early GSC signal,National,Warren,MI,warren-mi,https://www.creditdoc.co/city/warren-mi/,"Credit Repair & Financial Services in Warren, MI (2026)",1733,14,0,6,3.33,False,True,Warren Credit Repair Quiz / Warren Credit Calculator CTAs | email capture block wired to /api/email-signup | MI regulator/contact module | Frequently asked questions in Warren | links to strongest matching /browse/ category pages,Has some search visibility; strengthen local conversion and supporting city/category links.
7022.42,T2 - early GSC signal,National,Knoxville,TN,knoxville-tn,https://www.creditdoc.co/city/knoxville-tn/,"Credit Repair & Financial Services in Knoxville, TN (2026)",1772,16,0,6,4.33,False,True,Knoxville Credit Repair Quiz / Knoxville Credit Calculator CTAs | email capture block wired to /api/email-signup | TN regulator/contact module | Frequently asked questions in Knoxville | links to strongest matching /browse/ category pages,Has some search visibility; strengthen local conversion and supporting city/category links.
6801.82,T2 - early GSC signal,Texas,Carrollton,TX,carrollton-tx,https://www.creditdoc.co/city/carrollton-tx/,"Credit Repair & Financial Services in Carrollton, TX (2026)",1712,11,0,6,24.83,False,True,Carrollton Credit Repair Quiz / Carrollton Credit Calculator CTAs | email capture block wired to /api/email-signup | TX regulator/contact module | Frequently asked questions in Carrollton | links to strongest matching /browse/ category pages,Has some search visibility; strengthen local conversion and supporting city/category links.
6687.16,T2 - early GSC signal,Texas,Dallas,TX,dallas-tx,https://www.creditdoc.co/city/dallas-tx/,"Credit Repair & Financial Services in Dallas, TX (2026)",5916,74,11,5,3.4,False,True,Dallas Credit Repair Quiz / Dallas Credit Calculator CTAs | email capture block wired to /api/email-signup | TX regulator/contact module | Frequently asked questions in Dallas | links to strongest matching /browse/ category pages,Has some search visibility; strengthen local conversion and supporting city/category links.
6032.66,T2 - early GSC signal,National,Dearborn,MI,dearborn-mi,https://www.creditdoc.co/city/dearborn-mi/,"Credit Repair & Financial Services in Dearborn, MI (2026)",1766,13,0,5,2.4,False,True,Dearborn Credit Repair Quiz / Dearborn Credit Calculator CTAs | email capture block wired to /api/email-signup | MI regulator/contact module | Frequently asked questions in Dearborn | links to strongest matching /browse/ category pages,Has some search visibility; strengthen local conversion and supporting city/category links.
6000.23,T2 - early GSC signal,Georgia,Sandy Springs,GA,sandy-springs-ga,https://www.creditdoc.co/city/sandy-springs-ga/,"Credit Repair & Financial Services in Sandy Springs, GA",1623,12,0,5,5.2,False,True,Sandy Springs Credit Repair Quiz / Sandy Springs Credit Calculator CTAs | email capture block wired to /api/email-signup | GA regulator/contact module | Frequently asked questions in Sandy Springs | links to strongest matching /browse/ category pages,Has some search visibility; strengthen local conversion and supporting city/category links.
5618.36,T2 - early GSC signal,National,Philadelphia,PA,philadelphia-pa,https://www.creditdoc.co/city/philadelphia-pa/,"Credit Repair & Financial Services in Philadelphia, PA",5986,77,9,4,3.25,False,True,Philadelphia Credit Repair Quiz / Philadelphia Credit Calculator CTAs | email capture block wired to /api/email-signup | PA regulator/contact module | Frequently asked questions in Philadelphia | links to strongest matching /browse/ category pages,Has some search visibility; strengthen local conversion and supporting city/category links.
5348.61,T2 - early GSC signal,National,Marrero,LA,marrero-la,https://www.creditdoc.co/city/marrero-la/,"Credit Repair & Financial Services in Marrero, LA (2026)",1461,10,0,5,69.6,False,True,Marrero Credit Repair Quiz / Marrero Credit Calculator CTAs | email capture block wired to /api/email-signup | LA regulator/contact module | Frequently asked questions in Marrero | links to strongest matching /browse/ category pages,Has some search visibility; strengthen local conversion and supporting city/category links.
5304.62,T2 - early GSC signal,National,Omaha,NE,omaha-ne,https://www.creditdoc.co/city/omaha-ne/,"Credit Repair & Financial Services in Omaha, NE (2026)",3262,39,5,4,4.5,False,True,Omaha Credit Repair Quiz / Omaha Credit Calculator CTAs | email capture block wired to /api/email-signup | NE regulator/contact module | Frequently asked questions in Omaha | links to strongest matching /browse/ category pages,Has some search visibility; strengthen local conversion and supporting city/category links.
5107.16,T2 - early GSC signal,California,National City,CA,national-city-ca,https://www.creditdoc.co/city/national-city-ca/,"Credit Repair & Financial Services in National City, CA",2266,19,2,4,5.25,False,True,National City Credit Repair Quiz / National City Credit Calculator CTAs | email capture block wired to /api/email-signup | CA regulator/contact module | Frequently asked questions in National City | links to strongest matching /browse/ category pages,Has some search visibility; strengthen local conversion and supporting city/category links.
5063.37,T2 - early GSC signal,National,Norfolk,VA,norfolk-va,https://www.creditdoc.co/city/norfolk-va/,"Credit Repair & Financial Services in Norfolk, VA (2026)",1987,17,1,4,4.75,False,True,Norfolk Credit Repair Quiz / Norfolk Credit Calculator CTAs | email capture block wired to /api/email-signup | VA regulator/contact module | Frequently asked questions in Norfolk | links to strongest matching /browse/ category pages,Has some search visibility; strengthen local conversion and supporting city/category links.
4774.40,T2 - early GSC signal,Florida,Miami,FL,miami-fl,https://www.creditdoc.co/city/miami-fl/,"Credit Repair & Financial Services in Miami, FL (2026)",6510,82,13,3,5.67,False,True,Miami Credit Repair Quiz / Miami Credit Calculator CTAs | email capture block wired to /api/email-signup | FL regulator/contact module | Frequently asked questions in Miami | links to strongest matching /browse/ category pages,Has some search visibility; strengthen local conversion and supporting city/category links.
4087.68,T2 - early GSC signal,California,Oakland,CA,oakland-ca,https://www.creditdoc.co/city/oakland-ca/,"Credit Repair & Financial Services in Oakland, CA (2026)",2198,23,1,3,4.33,False,True,Oakland Credit Repair Quiz / Oakland Credit Calculator CTAs | email capture block wired to /api/email-signup | CA regulator/contact module | Frequently asked questions in Oakland | links to strongest matching /browse/ category pages,Has some search visibility; strengthen local conversion and supporting city/category links.
4070.03,T2 - early GSC signal,California,Chula Vista,CA,chula-vista-ca,https://www.creditdoc.co/city/chula-vista-ca/,"Credit Repair & Financial Services in Chula Vista, CA (2026)",2203,16,2,3,8,False,True,Chula Vista Credit Repair Quiz / Chula Vista Credit Calculator CTAs | email capture block wired to /api/email-signup | CA regulator/contact module | Frequently asked questions in Chula Vista | links to strongest matching /browse/ category pages,Has some search visibility; strengthen local conversion and supporting city/category links.
4045.52,T2 - early GSC signal,National,Highland Park,MI,highland-park-mi,https://www.creditdoc.co/city/highland-park-mi/,"Credit Repair & Financial Services in Highland Park, MI",1652,13,0,3,1,False,True,Highland Park Credit Repair Quiz / Highland Park Credit Calculator CTAs | email capture block wired to /api/email-signup | MI regulator/contact module | Frequently asked questions in Highland Park | links to strongest matching /browse/ category pages,Has some search visibility; strengthen local conversion and supporting city/category links.
4005.87,T2 - early GSC signal,Florida,Opa Locka,FL,opa-locka-fl,https://www.creditdoc.co/city/opa-locka-fl/,"Credit Repair & Financial Services in Opa-locka, FL (2026)",1587,10,1,3,8,False,True,Opa Locka Credit Repair Quiz / Opa Locka Credit Calculator CTAs | email capture block wired to /api/email-signup | FL regulator/contact module | Frequently asked questions in Opa Locka | links to strongest matching /browse/ category pages,Has some search visibility; strengthen local conversion and supporting city/category links.
3991.97,T2 - early GSC signal,National,Goodlettsville,TN,goodlettsville-tn,https://www.creditdoc.co/city/goodlettsville-tn/,"Credit Repair & Financial Services in Goodlettsville, TN",1627,13,0,3,6.33,False,True,Goodlettsville Credit Repair Quiz / Goodlettsville Credit Calculator CTAs | email capture block wired to /api/email-signup | TN regulator/contact module | Frequently asked questions in Goodlettsville | links to strongest matching /browse/ category pages,Has some search visibility; strengthen local conversion and supporting city/category links.
3975.85,T2 - early GSC signal,California,San Ysidro,CA,san-ysidro-ca,https://www.creditdoc.co/city/san-ysidro-ca/,"Credit Repair & Financial Services in San Ysidro, CA (2026)",1685,13,0,3,8,False,True,San Ysidro Credit Repair Quiz / San Ysidro Credit Calculator CTAs | email capture block wired to /api/email-signup | CA regulator/contact module | Frequently asked questions in San Ysidro | links to strongest matching /browse/ category pages,Has some search visibility; strengthen local conversion and supporting city/category links.
3881.77,T2 - early GSC signal,New York,New York,NY,new-york-ny,https://www.creditdoc.co/city/new-york-ny/,"Credit Repair & Financial Services in New York, NY (2026)",7477,89,15,2,6,False,True,New York Credit Repair Quiz / New York Credit Calculator CTAs | email capture block wired to /api/email-signup | NY regulator/contact module | Frequently asked questions in New York | links to strongest matching /browse/ category pages,Has some search visibility; strengthen local conversion and supporting city/category links.
3797.17,T2 - early GSC signal,National,Jefferson,LA,jefferson-la,https://www.creditdoc.co/city/jefferson-la/,"Credit Repair & Financial Services in Jefferson, LA (2026)",1387,10,0,3,24.67,False,True,Jefferson Credit Repair Quiz / Jefferson Credit Calculator CTAs | email capture block wired to /api/email-signup | LA regulator/contact module | Frequently asked questions in Jefferson | links to strongest matching /browse/ category pages,Has some search visibility; strengthen local conversion and supporting city/category links.
3410.55,T2 - early GSC signal,Georgia,Riverdale,GA,riverdale-ga,https://www.creditdoc.co/city/riverdale-ga/,"Credit Repair & Financial Services in Riverdale, GA (2026)",1385,10,0,3,63.33,False,True,Riverdale Credit Repair Quiz / Riverdale Credit Calculator CTAs | email capture block wired to /api/email-signup | GA regulator/contact module | Frequently asked questions in Riverdale | links to strongest matching /browse/ category pages,Has some search visibility; strengthen local conversion and supporting city/category links.
3394.71,T2 - early GSC signal,National,Commerce City,CO,commerce-city-co,https://www.creditdoc.co/city/commerce-city-co/,"Credit Repair & Financial Services in Commerce City, CO",1541,12,0,3,65.67,False,True,Commerce City Credit Repair Quiz / Commerce City Credit Calculator CTAs | email capture block wired to /api/email-signup | CO regulator/contact module | Frequently asked questions in Commerce City | links to strongest matching /browse/ category pages,Has some search visibility; strengthen local conversion and supporting city/category links.
3229.22,T2 - early GSC signal,California,Sacramento,CA,sacramento-ca,https://www.creditdoc.co/city/sacramento-ca/,"Credit Repair & Financial Services in Sacramento, CA (2026)",2922,35,4,2,6.5,False,True,Sacramento Credit Repair Quiz / Sacramento Credit Calculator CTAs | email capture block wired to /api/email-signup | CA regulator/contact module | Frequently asked questions in Sacramento | links to strongest matching /browse/ category pages,Has some search visibility; strengthen local conversion and supporting city/category links.
3200.08,T2 - early GSC signal,California,Van Nuys,CA,van-nuys-ca,https://www.creditdoc.co/city/van-nuys-ca/,"Credit Repair & Financial Services in Van Nuys, CA (2026)",1908,17,0,3,87,False,True,Van Nuys Credit Repair Quiz / Van Nuys Credit Calculator CTAs | email capture block wired to /api/email-signup | CA regulator/contact module | Frequently asked questions in Van Nuys | links to strongest matching /browse/ category pages,Has some search visibility; strengthen local conversion and supporting city/category links.
3135.26,T2 - early GSC signal,Texas,Irving,TX,irving-tx,https://www.creditdoc.co/city/irving-tx/,"Credit Repair & Financial Services in Irving, TX (2026)",2326,24,2,2,4,False,True,Irving Credit Repair Quiz / Irving Credit Calculator CTAs | email capture block wired to /api/email-signup | TX regulator/contact module | Frequently asked questions in Irving | links to strongest matching /browse/ category pages,Has some search visibility; strengthen local conversion and supporting city/category links.
3036.01,T2 - early GSC signal,Florida,Hollywood,FL,hollywood-fl,https://www.creditdoc.co/city/hollywood-fl/,"Credit Repair & Financial Services in Hollywood, FL (2026)",2001,17,0,2,3.5,False,True,Hollywood Credit Repair Quiz / Hollywood Credit Calculator CTAs | email capture block wired to /api/email-signup | FL regulator/contact module | Frequently asked questions in Hollywood | links to strongest matching /browse/ category pages,Has some search visibility; strengthen local conversion and supporting city/category links.
3009.53,T2 - early GSC signal,National,Bartlett,TN,bartlett-tn,https://www.creditdoc.co/city/bartlett-tn/,"Credit Repair & Financial Services in Bartlett, TN (2026)",1853,17,1,2,10,False,True,Bartlett Credit Repair Quiz / Bartlett Credit Calculator CTAs | email capture block wired to /api/email-signup | TN regulator/contact module | Frequently asked questions in Bartlett | links to strongest matching /browse/ category pages,Has some search visibility; strengthen local conversion and supporting city/category links.
3002.18,T2 - early GSC signal,National,Tempe,AZ,tempe-az,https://www.creditdoc.co/city/tempe-az/,"Credit Repair & Financial Services in Tempe, AZ (2026)",2218,20,1,2,12,False,True,Tempe Credit Repair Quiz / Tempe Credit Calculator CTAs | email capture block wired to /api/email-signup | AZ regulator/contact module | Frequently asked questions in Tempe | links to strongest matching /browse/ category pages,Has some search visibility; strengthen local conversion and supporting city/category links.
2658.75,T2 - early GSC signal,Texas,San Antonio,TX,san-antonio-tx,https://www.creditdoc.co/city/san-antonio-tx/,"Credit Repair & Financial Services in San Antonio, TX (2026)",6175,69,12,1,9,False,True,San Antonio Credit Repair Quiz / San Antonio Credit Calculator CTAs | email capture block wired to /api/email-signup | TX regulator/contact module | Frequently asked questions in San Antonio | links to strongest matching /browse/ category pages,Has some search visibility; strengthen local conversion and supporting city/category links.
2636.27,T2 - early GSC signal,Florida,Brandon,FL,brandon-fl,https://www.creditdoc.co/city/brandon-fl/,"Credit Repair & Financial Services in Brandon, FL (2026)",1827,11,1,2,45.5,False,True,Brandon Credit Repair Quiz / Brandon Credit Calculator CTAs | email capture block wired to /api/email-signup | FL regulator/contact module | Frequently asked questions in Brandon | links to strongest matching /browse/ category pages,Has some search visibility; strengthen local conversion and supporting city/category links.
2633.55,T2 - early GSC signal,Texas,Austin,TX,austin-tx,https://www.creditdoc.co/city/austin-tx/,"Credit Repair & Financial Services in Austin, TX (2026)",5755,72,10,1,4,False,True,Austin Credit Repair Quiz / Austin Credit Calculator CTAs | email capture block wired to /api/email-signup | TX regulator/contact module | Frequently asked questions in Austin | links to strongest matching /browse/ category pages,Has some search visibility; strengthen local conversion and supporting city/category links.
2618.08,T2 - early GSC signal,National,Nashville,TN,nashville-tn,https://www.creditdoc.co/city/nashville-tn/,"Credit Repair & Financial Services in Nashville, TN (2026)",5408,68,10,1,4,False,True,Nashville Credit Repair Quiz / Nashville Credit Calculator CTAs | email capture block wired to /api/email-signup | TN regulator/contact module | Frequently asked questions in Nashville | links to strongest matching /browse/ category pages,Has some search visibility; strengthen local conversion and supporting city/category links.
2516.02,T2 - early GSC signal,National,Memphis,TN,memphis-tn,https://www.creditdoc.co/city/memphis-tn/,"Credit Repair & Financial Services in Memphis, TN (2026)",5002,62,8,1,4,False,True,Memphis Credit Repair Quiz / Memphis Credit Calculator CTAs | email capture block wired to /api/email-signup | TN regulator/contact module | Frequently asked questions in Memphis | links to strongest matching /browse/ category pages,Has some search visibility; strengthen local conversion and supporting city/category links.
2495.28,T2 - early GSC signal,National,Charlotte,NC,charlotte-nc,https://www.creditdoc.co/city/charlotte-nc/,"Credit Repair & Financial Services in Charlotte, NC (2026)",5328,64,9,1,11,False,True,Charlotte Credit Repair Quiz / Charlotte Credit Calculator CTAs | email capture block wired to /api/email-signup | NC regulator/contact module | Frequently asked questions in Charlotte | links to strongest matching /browse/ category pages,Has some search visibility; strengthen local conversion and supporting city/category links.
2411.48,T2 - early GSC signal,New York,Brooklyn,NY,brooklyn-ny,https://www.creditdoc.co/city/brooklyn-ny/,"Credit Repair & Financial Services in Brooklyn, NY (2026)",4948,64,7,1,11,False,True,Brooklyn Credit Repair Quiz / Brooklyn Credit Calculator CTAs | email capture block wired to /api/email-signup | NY regulator/contact module | Frequently asked questions in Brooklyn | links to strongest matching /browse/ category pages,Has some search visibility; strengthen local conversion and supporting city/category links.
2359.18,T2 - early GSC signal,California,Irvine,CA,irvine-ca,https://www.creditdoc.co/city/irvine-ca/,"Credit Repair & Financial Services in Irvine, CA (2026)",2218,19,2,2,80,False,True,Irvine Credit Repair Quiz / Irvine Credit Calculator CTAs | email capture block wired to /api/email-signup | CA regulator/contact module | Frequently asked questions in Irvine | links to strongest matching /browse/ category pages,Has some search visibility; strengthen local conversion and supporting city/category links.
2338.51,T2 - early GSC signal,National,Louisville,KY,louisville-ky,https://www.creditdoc.co/city/louisville-ky/,"Credit Repair & Financial Services in Louisville, KY (2026)",3551,41,5,1,2,False,True,Louisville Credit Repair Quiz / Louisville Credit Calculator CTAs | email capture block wired to /api/email-signup | KY regulator/contact module | Frequently asked questions in Louisville | links to strongest matching /browse/ category pages,Has some search visibility; strengthen local conversion and supporting city/category links.
2280.95,T2 - early GSC signal,National,Kansas City,MO,kansas-city-mo,https://www.creditdoc.co/city/kansas-city-mo/,"Credit Repair & Financial Services in Kansas City, MO (2026)",3295,36,5,1,6,False,True,Kansas City Credit Repair Quiz / Kansas City Credit Calculator CTAs | email capture block wired to /api/email-signup | MO regulator/contact module | Frequently asked questions in Kansas City | links to strongest matching /browse/ category pages,Has some search visibility; strengthen local conversion and supporting city/category links.
2105.59,T2 - early GSC signal,National,Salt Lake City,UT,salt-lake-city-ut,https://www.creditdoc.co/city/salt-lake-city-ut/,"Credit Repair & Financial Services in Salt Lake City, UT",2359,24,2,1,7,False,True,Salt Lake City Credit Repair Quiz / Salt Lake City Credit Calculator CTAs | email capture block wired to /api/email-signup | UT regulator/contact module | Frequently asked questions in Salt Lake City | links to strongest matching /browse/ category pages,Has some search visibility; strengthen local conversion and supporting city/category links.
2089.64,T2 - early GSC signal,National,Independence,MO,independence-mo,https://www.creditdoc.co/city/independence-mo/,"Credit Repair & Financial Services in Independence, MO",1864,17,1,1,2,False,True,Independence Credit Repair Quiz / Independence Credit Calculator CTAs | email capture block wired to /api/email-signup | MO regulator/contact module | Frequently asked questions in Independence | links to strongest matching /browse/ category pages,Has some search visibility; strengthen local conversion and supporting city/category links.
2043.57,T2 - early GSC signal,California,La Mesa,CA,la-mesa-ca,https://www.creditdoc.co/city/la-mesa-ca/,"Credit Repair & Financial Services in La Mesa, CA (2026)",1757,12,1,1,5,False,True,La Mesa Credit Repair Quiz / La Mesa Credit Calculator CTAs | email capture block wired to /api/email-signup | CA regulator/contact module | Frequently asked questions in La Mesa | links to strongest matching /browse/ category pages,Has some search visibility; strengthen local conversion and supporting city/category links.
2039.42,T2 - early GSC signal,Georgia,Kingsland,GA,kingsland-ga,https://www.creditdoc.co/city/kingsland-ga/,"Credit Repair & Financial Services in Kingsland, GA (2026)",1742,14,1,1,6,False,True,Kingsland Credit Repair Quiz / Kingsland Credit Calculator CTAs | email capture block wired to /api/email-signup | GA regulator/contact module | Frequently asked questions in Kingsland | links to strongest matching /browse/ category pages,Has some search visibility; strengthen local conversion and supporting city/category links.
2019.57,T2 - early GSC signal,National,Overland Park,KS,overland-park-ks,https://www.creditdoc.co/city/overland-park-ks/,"Credit Repair & Financial Services in Overland Park, KS",1757,14,0,1,4,False,True,Overland Park Credit Repair Quiz / Overland Park Credit Calculator CTAs | email capture block wired to /api/email-signup | KS regulator/contact module | Frequently asked questions in Overland Park | links to strongest matching /browse/ category pages,Has some search visibility; strengthen local conversion and supporting city/category links.
2004.74,T2 - early GSC signal,National,Greenwood Village,CO,greenwood-village-co,https://www.creditdoc.co/city/greenwood-village-co/,"Credit Repair & Financial Services in Greenwood Village, CO",1474,10,0,1,4,False,True,Greenwood Village Credit Repair Quiz / Greenwood Village Credit Calculator CTAs | email capture block wired to /api/email-signup | CO regulator/contact module | Frequently asked questions in Greenwood Village | links to strongest matching /browse/ category pages,Has some search visibility; strengthen local conversion and supporting city/category links.
1934.22,T2 - early GSC signal,National,Waukesha,WI,waukesha-wi,https://www.creditdoc.co/city/waukesha-wi/,"Credit Repair & Financial Services in Waukesha, WI (2026)",1422,10,0,1,11,False,True,Waukesha Credit Repair Quiz / Waukesha Credit Calculator CTAs | email capture block wired to /api/email-signup | WI regulator/contact module | Frequently asked questions in Waukesha | links to strongest matching /browse/ category pages,Has some search visibility; strengthen local conversion and supporting city/category links.
1606.95,T2 - early GSC signal,California,Vista,CA,vista-ca,https://www.creditdoc.co/city/vista-ca/,"Credit Repair & Financial Services in Vista, CA (2026)",1695,10,0,1,44,False,True,Vista Credit Repair Quiz / Vista Credit Calculator CTAs | email capture block wired to /api/email-signup | CA regulator/contact module | Frequently asked questions in Vista | links to strongest matching /browse/ category pages,Has some search visibility; strengthen local conversion and supporting city/category links.
1456.52,T2 - early GSC signal,Texas,Mesquite,TX,mesquite-tx,https://www.creditdoc.co/city/mesquite-tx/,"Credit Repair & Financial Services in Mesquite, TX (2026)",1852,16,1,1,65,False,True,Mesquite Credit Repair Quiz / Mesquite Credit Calculator CTAs | email capture block wired to /api/email-signup | TX regulator/contact module | Frequently asked questions in Mesquite | links to strongest matching /browse/ category pages,Has some search visibility; strengthen local conversion and supporting city/category links.
1283.23,T2 - early GSC signal,National,Portland,OR,portland-or,https://www.creditdoc.co/city/portland-or/,"Credit Repair & Financial Services in Portland, OR (2026)",2723,32,3,1,96,False,True,Portland Credit Repair Quiz / Portland Credit Calculator CTAs | email capture block wired to /api/email-signup | OR regulator/contact module | Frequently asked questions in Portland | links to strongest matching /browse/ category pages,Has some search visibility; strengthen local conversion and supporting city/category links.
1226.45,T2 - early GSC signal,Georgia,Norcross,GA,norcross-ga,https://www.creditdoc.co/city/norcross-ga/,"Credit Repair & Financial Services in Norcross, GA (2026)",1845,16,1,1,88,False,True,Norcross Credit Repair Quiz / Norcross Credit Calculator CTAs | email capture block wired to /api/email-signup | GA regulator/contact module | Frequently asked questions in Norcross | links to strongest matching /browse/ category pages,Has some search visibility; strengthen local conversion and supporting city/category links.
1099.07,T2 - early GSC signal,Texas,Corpus Christi,TX,corpus-christi-tx,https://www.creditdoc.co/city/corpus-christi-tx/,"Credit Repair & Financial Services in Corpus Christi, TX",1707,14,0,1,96,False,True,Corpus Christi Credit Repair Quiz / Corpus Christi Credit Calculator CTAs | email capture block wired to /api/email-signup | TX regulator/contact module | Frequently asked questions in Corpus Christi | links to strongest matching /browse/ category pages,Has some search visibility; strengthen local conversion and supporting city/category links.
810.28,T3 - strong local inventory,National,Chicago,IL,chicago-il,https://www.creditdoc.co/city/chicago-il/,"Credit Repair & Financial Services in Chicago, IL (2026)",6628,88,12,0,,False,True,Chicago Credit Repair Quiz / Chicago Credit Calculator CTAs | email capture block wired to /api/email-signup | IL regulator/contact module | Frequently asked questions in Chicago | links to strongest matching /browse/ category pages,"No matched GSC signal in this export, but page has enough provider/local depth to target next."
788.01,T3 - strong local inventory,Texas,Houston,TX,houston-tx,https://www.creditdoc.co/city/houston-tx/,"Credit Repair & Financial Services in Houston, TX (2026)",6201,82,12,0,,False,True,Houston Credit Repair Quiz / Houston Credit Calculator CTAs | email capture block wired to /api/email-signup | TX regulator/contact module | Frequently asked questions in Houston | links to strongest matching /browse/ category pages,"No matched GSC signal in this export, but page has enough provider/local depth to target next."
785.41,T3 - strong local inventory,National,Phoenix,AZ,phoenix-az,https://www.creditdoc.co/city/phoenix-az/,"Credit Repair & Financial Services in Phoenix, AZ (2026)",6241,81,12,0,,False,True,Phoenix Credit Repair Quiz / Phoenix Credit Calculator CTAs | email capture block wired to /api/email-signup | AZ regulator/contact module | Frequently asked questions in Phoenix | links to strongest matching /browse/ category pages,"No matched GSC signal in this export, but page has enough provider/local depth to target next."
767.09,T3 - strong local inventory,National,Las Vegas,NV,las-vegas-nv,https://www.creditdoc.co/city/las-vegas-nv/,"Credit Repair & Financial Services in Las Vegas, NV (2026)",6209,75,12,0,,False,True,Las Vegas Credit Repair Quiz / Las Vegas Credit Calculator CTAs | email capture block wired to /api/email-signup | NV regulator/contact module | Frequently asked questions in Las Vegas | links to strongest matching /browse/ category pages,"No matched GSC signal in this export, but page has enough provider/local depth to target next."
729.94,T3 - strong local inventory,California,San Diego,CA,san-diego-ca,https://www.creditdoc.co/city/san-diego-ca/,"Credit Repair & Financial Services in San Diego, CA (2026)",6194,76,11,0,,False,True,San Diego Credit Repair Quiz / San Diego Credit Calculator CTAs | email capture block wired to /api/email-signup | CA regulator/contact module | Frequently asked questions in San Diego | links to strongest matching /browse/ category pages,"No matched GSC signal in this export, but page has enough provider/local depth to target next."
668.40,T3 - strong local inventory,Georgia,Atlanta,GA,atlanta-ga,https://www.creditdoc.co/city/atlanta-ga/,"Credit Repair & Financial Services in Atlanta, GA (2026)",5540,71,10,0,,False,True,Atlanta Credit Repair Quiz / Atlanta Credit Calculator CTAs | email capture block wired to /api/email-signup | GA regulator/contact module | Frequently asked questions in Atlanta | links to strongest matching /browse/ category pages,"No matched GSC signal in this export, but page has enough provider/local depth to target next."
668.06,T3 - strong local inventory,National,Columbus,OH,columbus-oh,https://www.creditdoc.co/city/columbus-oh/,"Credit Repair & Financial Services in Columbus, OH (2026)",5806,70,10,0,,False,True,Columbus Credit Repair Quiz / Columbus Credit Calculator CTAs | email capture block wired to /api/email-signup | OH regulator/contact module | Frequently asked questions in Columbus | links to strongest matching /browse/ category pages,"No matched GSC signal in this export, but page has enough provider/local depth to target next."
664.48,T3 - strong local inventory,Texas,Fort Worth,TX,fort-worth-tx,https://www.creditdoc.co/city/fort-worth-tx/,"Credit Repair & Financial Services in Fort Worth, TX (2026)",5748,69,10,0,,False,True,Fort Worth Credit Repair Quiz / Fort Worth Credit Calculator CTAs | email capture block wired to /api/email-signup | TX regulator/contact module | Frequently asked questions in Fort Worth | links to strongest matching /browse/ category pages,"No matched GSC signal in this export, but page has enough provider/local depth to target next."
630.34,T3 - strong local inventory,California,San Francisco,CA,san-francisco-ca,https://www.creditdoc.co/city/san-francisco-ca/,"Credit Repair & Financial Services in San Francisco, CA",5434,72,9,0,,False,True,San Francisco Credit Repair Quiz / San Francisco Credit Calculator CTAs | email capture block wired to /api/email-signup | CA regulator/contact module | Frequently asked questions in San Francisco | links to strongest matching /browse/ category pages,"No matched GSC signal in this export, but page has enough provider/local depth to target next."
625.30,T3 - strong local inventory,National,Indianapolis,IN,indianapolis-in,https://www.creditdoc.co/city/indianapolis-in/,"Credit Repair & Financial Services in Indianapolis, IN",5530,70,9,0,,False,True,Indianapolis Credit Repair Quiz / Indianapolis Credit Calculator CTAs | email capture block wired to /api/email-signup | IN regulator/contact module | Frequently asked questions in Indianapolis | links to strongest matching /browse/ category pages,"No matched GSC signal in this export, but page has enough provider/local depth to target next."
618.80,T3 - strong local inventory,National,Denver,CO,denver-co,https://www.creditdoc.co/city/denver-co/,"Credit Repair & Financial Services in Denver, CO (2026)",5480,68,9,0,,False,True,Denver Credit Repair Quiz / Denver Credit Calculator CTAs | email capture block wired to /api/email-signup | CO regulator/contact module | Frequently asked questions in Denver | links to strongest matching /browse/ category pages,"No matched GSC signal in this export, but page has enough provider/local depth to target next."
568.31,T3 - strong local inventory,Florida,Jacksonville,FL,jacksonville-fl,https://www.creditdoc.co/city/jacksonville-fl/,"Credit Repair & Financial Services in Jacksonville, FL",5331,65,8,0,,False,True,Jacksonville Credit Repair Quiz / Jacksonville Credit Calculator CTAs | email capture block wired to /api/email-signup | FL regulator/contact module | Frequently asked questions in Jacksonville | links to strongest matching /browse/ category pages,"No matched GSC signal in this export, but page has enough provider/local depth to target next."
553.93,T3 - strong local inventory,National,Detroit,MI,detroit-mi,https://www.creditdoc.co/city/detroit-mi/,"Credit Repair & Financial Services in Detroit, MI (2026)",4793,62,8,0,,False,True,Detroit Credit Repair Quiz / Detroit Credit Calculator CTAs | email capture block wired to /api/email-signup | MI regulator/contact module | Frequently asked questions in Detroit | links to strongest matching /browse/ category pages,"No matched GSC signal in this export, but page has enough provider/local depth to target next."
419.53,T3 - strong local inventory,Florida,Orlando,FL,orlando-fl,https://www.creditdoc.co/city/orlando-fl/,"Credit Repair & Financial Services in Orlando, FL (2026)",3853,47,6,0,,False,True,Orlando Credit Repair Quiz / Orlando Credit Calculator CTAs | email capture block wired to /api/email-signup | FL regulator/contact module | Frequently asked questions in Orlando | links to strongest matching /browse/ category pages,"No matched GSC signal in this export, but page has enough provider/local depth to target next."
402.10,T3 - strong local inventory,National,Colorado Springs,CO,colorado-springs-co,https://www.creditdoc.co/city/colorado-springs-co/,"Credit Repair & Financial Services in Colorado Springs, CO",3610,42,6,0,,False,True,Colorado Springs Credit Repair Quiz / Colorado Springs Credit Calculator CTAs | email capture block wired to /api/email-signup | CO regulator/contact module | Frequently asked questions in Colorado Springs | links to strongest matching /browse/ category pages,"No matched GSC signal in this export, but page has enough provider/local depth to target next."
384.99,T3 - strong local inventory,Florida,Tampa,FL,tampa-fl,https://www.creditdoc.co/city/tampa-fl/,"Credit Repair & Financial Services in Tampa, FL (2026)",3799,49,5,0,,False,True,Tampa Credit Repair Quiz / Tampa Credit Calculator CTAs | email capture block wired to /api/email-signup | FL regulator/contact module | Frequently asked questions in Tampa | links to strongest matching /browse/ category pages,"No matched GSC signal in this export, but page has enough provider/local depth to target next."
369.04,T3 - strong local inventory,National,Baltimore,MD,baltimore-md,https://www.creditdoc.co/city/baltimore-md/,"Credit Repair & Financial Services in Baltimore, MD (2026)",3704,44,5,0,,False,True,Baltimore Credit Repair Quiz / Baltimore Credit Calculator CTAs | email capture block wired to /api/email-signup | MD regulator/contact module | Frequently asked questions in Baltimore | links to strongest matching /browse/ category pages,"No matched GSC signal in this export, but page has enough provider/local depth to target next."
362.02,T3 - strong local inventory,National,Oklahoma City,OK,oklahoma-city-ok,https://www.creditdoc.co/city/oklahoma-city-ok/,"Credit Repair & Financial Services in Oklahoma City, OK",3602,42,5,0,,False,True,Oklahoma City Credit Repair Quiz / Oklahoma City Credit Calculator CTAs | email capture block wired to /api/email-signup | OK regulator/contact module | Frequently asked questions in Oklahoma City | links to strongest matching /browse/ category pages,"No matched GSC signal in this export, but page has enough provider/local depth to target next."
361.53,T3 - strong local inventory,National,Raleigh,NC,raleigh-nc,https://www.creditdoc.co/city/raleigh-nc/,"Credit Repair & Financial Services in Raleigh, NC (2026)",3553,42,5,0,,False,True,Raleigh Credit Repair Quiz / Raleigh Credit Calculator CTAs | email capture block wired to /api/email-signup | NC regulator/contact module | Frequently asked questions in Raleigh | links to strongest matching /browse/ category pages,"No matched GSC signal in this export, but page has enough provider/local depth to target next."
357.00,T3 - strong local inventory,National,Cincinnati,OH,cincinnati-oh,https://www.creditdoc.co/city/cincinnati-oh/,"Credit Repair & Financial Services in Cincinnati, OH (2026)",3400,41,5,0,,False,True,Cincinnati Credit Repair Quiz / Cincinnati Credit Calculator CTAs | email capture block wired to /api/email-signup | OH regulator/contact module | Frequently asked questions in Cincinnati | links to strongest matching /browse/ category pages,"No matched GSC signal in this export, but page has enough provider/local depth to target next."
354.58,T3 - strong local inventory,California,Fresno,CA,fresno-ca,https://www.creditdoc.co/city/fresno-ca/,"Credit Repair & Financial Services in Fresno, CA (2026)",3458,40,5,0,,False,True,Fresno Credit Repair Quiz / Fresno Credit Calculator CTAs | email capture block wired to /api/email-signup | CA regulator/contact module | Frequently asked questions in Fresno | links to strongest matching /browse/ category pages,"No matched GSC signal in this export, but page has enough provider/local depth to target next."
293.14,T3 - strong local inventory,National,Milwaukee,WI,milwaukee-wi,https://www.creditdoc.co/city/milwaukee-wi/,"Credit Repair & Financial Services in Milwaukee, WI (2026)",3114,34,4,0,,False,True,Milwaukee Credit Repair Quiz / Milwaukee Credit Calculator CTAs | email capture block wired to /api/email-signup | WI regulator/contact module | Frequently asked questions in Milwaukee | links to strongest matching /browse/ category pages,"No matched GSC signal in this export, but page has enough provider/local depth to target next."
284.22,T3 - strong local inventory,National,Albuquerque,NM,albuquerque-nm,https://www.creditdoc.co/city/albuquerque-nm/,"Credit Repair & Financial Services in Albuquerque, NM (2026)",3122,31,4,0,,False,True,Albuquerque Credit Repair Quiz / Albuquerque Credit Calculator CTAs | email capture block wired to /api/email-signup | NM regulator/contact module | Frequently asked questions in Albuquerque | links to strongest matching /browse/ category pages,"No matched GSC signal in this export, but page has enough provider/local depth to target next."
281.51,T3 - strong local inventory,National,Virginia Beach,VA,virginia-beach-va,https://www.creditdoc.co/city/virginia-beach-va/,"Credit Repair & Financial Services in Virginia Beach, VA",2851,31,4,0,,False,True,Virginia Beach Credit Repair Quiz / Virginia Beach Credit Calculator CTAs | email capture block wired to /api/email-signup | VA regulator/contact module | Frequently asked questions in Virginia Beach | links to strongest matching /browse/ category pages,"No matched GSC signal in this export, but page has enough provider/local depth to target next."
261.50,T3 - strong local inventory,National,Cleveland,OH,cleveland-oh,https://www.creditdoc.co/city/cleveland-oh/,"Credit Repair & Financial Services in Cleveland, OH (2026)",3050,37,3,0,,False,True,Cleveland Credit Repair Quiz / Cleveland Credit Calculator CTAs | email capture block wired to /api/email-signup | OH regulator/contact module | Frequently asked questions in Cleveland | links to strongest matching /browse/ category pages,"No matched GSC signal in this export, but page has enough provider/local depth to target next."
239.42,T3 - strong local inventory,National,Glendale,AZ,glendale-az,https://www.creditdoc.co/city/glendale-az/,"Credit Repair & Financial Services in Glendale, AZ (2026)",2942,30,3,0,,False,True,Glendale Credit Repair Quiz / Glendale Credit Calculator CTAs | email capture block wired to /api/email-signup | AZ regulator/contact module | Frequently asked questions in Glendale | links to strongest matching /browse/ category pages,"No matched GSC signal in this export, but page has enough provider/local depth to target next."
232.08,T3 - strong local inventory,National,Minneapolis,MN,minneapolis-mn,https://www.creditdoc.co/city/minneapolis-mn/,"Credit Repair & Financial Services in Minneapolis, MN (2026)",2808,28,3,0,,False,True,Minneapolis Credit Repair Quiz / Minneapolis Credit Calculator CTAs | email capture block wired to /api/email-signup | MN regulator/contact module | Frequently asked questions in Minneapolis | links to strongest matching /browse/ category pages,"No matched GSC signal in this export, but page has enough provider/local depth to target next."
228.74,T3 - strong local inventory,National,Tucson,AZ,tucson-az,https://www.creditdoc.co/city/tucson-az/,"Credit Repair & Financial Services in Tucson, AZ (2026)",2774,27,3,0,,False,True,Tucson Credit Repair Quiz / Tucson Credit Calculator CTAs | email capture block wired to /api/email-signup | AZ regulator/contact module | Frequently asked questions in Tucson | links to strongest matching /browse/ category pages,"No matched GSC signal in this export, but page has enough provider/local depth to target next."
228.63,T3 - strong local inventory,National,Mesa,AZ,mesa-az,https://www.creditdoc.co/city/mesa-az/,"Credit Repair & Financial Services in Mesa, AZ (2026)",2763,27,3,0,,False,True,Mesa Credit Repair Quiz / Mesa Credit Calculator CTAs | email capture block wired to /api/email-signup | AZ regulator/contact module | Frequently asked questions in Mesa | links to strongest matching /browse/ category pages,"No matched GSC signal in this export, but page has enough provider/local depth to target next."
211.59,T3 - strong local inventory,Florida,Hialeah,FL,hialeah-fl,https://www.creditdoc.co/city/hialeah-fl/,"Credit Repair & Financial Services in Hialeah, FL (2026)",2559,22,3,0,,False,True,Hialeah Credit Repair Quiz / Hialeah Credit Calculator CTAs | email capture block wired to /api/email-signup | FL regulator/contact module | Frequently asked questions in Hialeah | links to strongest matching /browse/ category pages,"No matched GSC signal in this export, but page has enough provider/local depth to target next."
207.76,T3 - strong local inventory,National,Birmingham,AL,birmingham-al,https://www.creditdoc.co/city/birmingham-al/,"Credit Repair & Financial Services in Birmingham, AL (2026)",2176,22,3,0,,False,True,Birmingham Credit Repair Quiz / Birmingham Credit Calculator CTAs | email capture block wired to /api/email-signup | AL regulator/contact module | Frequently asked questions in Birmingham | links to strongest matching /browse/ category pages,"No matched GSC signal in this export, but page has enough provider/local depth to target next."
205.89,T3 - strong local inventory,National,Wilmington,DE,wilmington-de,https://www.creditdoc.co/city/wilmington-de/,"Credit Repair & Financial Services in Wilmington, DE (2026)",2289,21,3,0,,False,True,Wilmington Credit Repair Quiz / Wilmington Credit Calculator CTAs | email capture block wired to /api/email-signup | DE regulator/contact module | Frequently asked questions in Wilmington | links to strongest matching /browse/ category pages,"No matched GSC signal in this export, but page has enough provider/local depth to target next."
203.84,T3 - strong local inventory,National,Aurora,CO,aurora-co,https://www.creditdoc.co/city/aurora-co/,"Credit Repair & Financial Services in Aurora, CO (2026)",2784,32,2,0,,False,True,Aurora Credit Repair Quiz / Aurora Credit Calculator CTAs | email capture block wired to /api/email-signup | CO regulator/contact module | Frequently asked questions in Aurora | links to strongest matching /browse/ category pages,"No matched GSC signal in this export, but page has enough provider/local depth to target next."
178.67,T4 - full rollout,National,Kansas City,KS,kansas-city-ks,https://www.creditdoc.co/city/kansas-city-ks/,"Credit Repair & Financial Services in Kansas City, KS (2026)",2367,25,2,0,,False,True,Kansas City Credit Repair Quiz / Kansas City Credit Calculator CTAs | email capture block wired to /api/email-signup | KS regulator/contact module | Frequently asked questions in Kansas City | links to strongest matching /browse/ category pages,Published static city page; enhance after signal-led batches.
173.68,T4 - full rollout,National,Southfield,MI,southfield-mi,https://www.creditdoc.co/city/southfield-mi/,"Credit Repair & Financial Services in Southfield, MI (2026)",2468,23,2,0,,False,True,Southfield Credit Repair Quiz / Southfield Credit Calculator CTAs | email capture block wired to /api/email-signup | MI regulator/contact module | Frequently asked questions in Southfield | links to strongest matching /browse/ category pages,Published static city page; enhance after signal-led batches.
171.34,T4 - full rollout,National,Honolulu,HI,honolulu-hi,https://www.creditdoc.co/city/honolulu-hi/,"Credit Repair & Financial Services in Honolulu, HI (2026)",2234,23,2,0,,False,True,Honolulu Credit Repair Quiz / Honolulu Credit Calculator CTAs | email capture block wired to /api/email-signup | HI regulator/contact module | Frequently asked questions in Honolulu | links to strongest matching /browse/ category pages,Published static city page; enhance after signal-led batches.
166.95,T4 - full rollout,National,Tulsa,OK,tulsa-ok,https://www.creditdoc.co/city/tulsa-ok/,"Credit Repair & Financial Services in Tulsa, OK (2026)",2095,22,2,0,,False,True,Tulsa Credit Repair Quiz / Tulsa Credit Calculator CTAs | email capture block wired to /api/email-signup | OK regulator/contact module | Frequently asked questions in Tulsa | links to strongest matching /browse/ category pages,Published static city page; enhance after signal-led batches.
161.35,T4 - full rollout,National,Saint Louis,MO,saint-louis-mo,https://www.creditdoc.co/city/saint-louis-mo/,"Credit Repair & Financial Services in Saint Louis, MO (2026)",2135,20,2,0,,False,True,Saint Louis Credit Repair Quiz / Saint Louis Credit Calculator CTAs | email capture block wired to /api/email-signup | MO regulator/contact module | Frequently asked questions in Saint Louis | links to strongest matching /browse/ category pages,Published static city page; enhance after signal-led batches.
160.41,T4 - full rollout,Texas,Garland,TX,garland-tx,https://www.creditdoc.co/city/garland-tx/,"Credit Repair & Financial Services in Garland, TX (2026)",2041,20,2,0,,False,True,Garland Credit Repair Quiz / Garland Credit Calculator CTAs | email capture block wired to /api/email-signup | TX regulator/contact module | Frequently asked questions in Garland | links to strongest matching /browse/ category pages,Published static city page; enhance after signal-led batches.
156.81,T4 - full rollout,National,Little Rock,AR,little-rock-ar,https://www.creditdoc.co/city/little-rock-ar/,"Credit Repair & Financial Services in Little Rock, AR (2026)",1981,19,2,0,,False,True,Little Rock Credit Repair Quiz / Little Rock Credit Calculator CTAs | email capture block wired to /api/email-signup | AR regulator/contact module | Frequently asked questions in Little Rock | links to strongest matching /browse/ category pages,Published static city page; enhance after signal-led batches.
151.69,T4 - full rollout,National,Jersey City,NJ,jersey-city-nj,https://www.creditdoc.co/city/jersey-city-nj/,"Credit Repair & Financial Services in Jersey City, NJ (2026)",2769,28,1,0,,False,True,Jersey City Credit Repair Quiz / Jersey City Credit Calculator CTAs | email capture block wired to /api/email-signup | NJ regulator/contact module | Frequently asked questions in Jersey City | links to strongest matching /browse/ category pages,Published static city page; enhance after signal-led batches.
137.64,T4 - full rollout,National,Scottsdale,AZ,scottsdale-az,https://www.creditdoc.co/city/scottsdale-az/,"Credit Repair & Financial Services in Scottsdale, AZ (2026)",2564,24,1,0,,False,True,Scottsdale Credit Repair Quiz / Scottsdale Credit Calculator CTAs | email capture block wired to /api/email-signup | AZ regulator/contact module | Frequently asked questions in Scottsdale | links to strongest matching /browse/ category pages,Published static city page; enhance after signal-led batches.
130.73,T4 - full rollout,National,North Las Vegas,NV,north-las-vegas-nv,https://www.creditdoc.co/city/north-las-vegas-nv/,"Credit Repair & Financial Services in North Las Vegas, NV",2473,22,1,0,,False,True,North Las Vegas Credit Repair Quiz / North Las Vegas Credit Calculator CTAs | email capture block wired to /api/email-signup | NV regulator/contact module | Frequently asked questions in North Las Vegas | links to strongest matching /browse/ category pages,Published static city page; enhance after signal-led batches.
128.78,T4 - full rollout,Texas,Plano,TX,plano-tx,https://www.creditdoc.co/city/plano-tx/,"Credit Repair & Financial Services in Plano, TX (2026)",2278,22,1,0,,False,True,Plano Credit Repair Quiz / Plano Credit Calculator CTAs | email capture block wired to /api/email-signup | TX regulator/contact module | Frequently asked questions in Plano | links to strongest matching /browse/ category pages,Published static city page; enhance after signal-led batches.
122.07,T4 - full rollout,Florida,Fort Lauderdale,FL,fort-lauderdale-fl,https://www.creditdoc.co/city/fort-lauderdale-fl/,"Credit Repair & Financial Services in Fort Lauderdale, FL",2207,20,1,0,,False,True,Fort Lauderdale Credit Repair Quiz / Fort Lauderdale Credit Calculator CTAs | email capture block wired to /api/email-signup | FL regulator/contact module | Frequently asked questions in Fort Lauderdale | links to strongest matching /browse/ category pages,Published static city page; enhance after signal-led batches.
121.18,T4 - full rollout,New York,Long Island City,NY,long-island-city-ny,https://www.creditdoc.co/city/long-island-city-ny/,"Credit Repair & Financial Services in Long Island City, NY",2118,20,1,0,,False,True,Long Island City Credit Repair Quiz / Long Island City Credit Calculator CTAs | email capture block wired to /api/email-signup | NY regulator/contact module | Frequently asked questions in Long Island City | links to strongest matching /browse/ category pages,Published static city page; enhance after signal-led batches.
117.01,T4 - full rollout,National,Newark,NJ,newark-nj,https://www.creditdoc.co/city/newark-nj/,"Credit Repair & Financial Services in Newark, NJ (2026)",2001,19,1,0,,False,True,Newark Credit Repair Quiz / Newark Credit Calculator CTAs | email capture block wired to /api/email-signup | NJ regulator/contact module | Frequently asked questions in Newark | links to strongest matching /browse/ category pages,Published static city page; enhance after signal-led batches.
113.62,T4 - full rollout,National,Baton Rouge,LA,baton-rouge-la,https://www.creditdoc.co/city/baton-rouge-la/,"Credit Repair & Financial Services in Baton Rouge, LA (2026)",1962,18,1,0,,False,True,Baton Rouge Credit Repair Quiz / Baton Rouge Credit Calculator CTAs | email capture block wired to /api/email-signup | LA regulator/contact module | Frequently asked questions in Baton Rouge | links to strongest matching /browse/ category pages,Published static city page; enhance after signal-led batches.
113.47,T4 - full rollout,Texas,Pasadena,TX,pasadena-tx,https://www.creditdoc.co/city/pasadena-tx/,"Credit Repair & Financial Services in Pasadena, TX (2026)",1947,18,1,0,,False,True,Pasadena Credit Repair Quiz / Pasadena Credit Calculator CTAs | email capture block wired to /api/email-signup | TX regulator/contact module | Frequently asked questions in Pasadena | links to strongest matching /browse/ category pages,Published static city page; enhance after signal-led batches.
113.45,T4 - full rollout,National,Union City,NJ,union-city-nj,https://www.creditdoc.co/city/union-city-nj/,"Credit Repair & Financial Services in Union City, NJ (2026)",1945,18,1,0,,False,True,Union City Credit Repair Quiz / Union City Credit Calculator CTAs | email capture block wired to /api/email-signup | NJ regulator/contact module | Frequently asked questions in Union City | links to strongest matching /browse/ category pages,Published static city page; enhance after signal-led batches.
112.89,T4 - full rollout,National,Saint Paul,MN,saint-paul-mn,https://www.creditdoc.co/city/saint-paul-mn/,"Credit Repair & Financial Services in Saint Paul, MN (2026)",1889,18,1,0,,False,True,Saint Paul Credit Repair Quiz / Saint Paul Credit Calculator CTAs | email capture block wired to /api/email-signup | MN regulator/contact module | Frequently asked questions in Saint Paul | links to strongest matching /browse/ category pages,Published static city page; enhance after signal-led batches.
110.73,T4 - full rollout,California,Glendale,CA,glendale-ca,https://www.creditdoc.co/city/glendale-ca/,"Credit Repair & Financial Services in Glendale, CA (2026)",1973,17,1,0,,False,True,Glendale Credit Repair Quiz / Glendale Credit Calculator CTAs | email capture block wired to /api/email-signup | CA regulator/contact module | Frequently asked questions in Glendale | links to strongest matching /browse/ category pages,Published static city page; enhance after signal-led batches.
109.21,T4 - full rollout,National,Topeka,KS,topeka-ks,https://www.creditdoc.co/city/topeka-ks/,"Credit Repair & Financial Services in Topeka, KS (2026)",1821,17,1,0,,False,True,Topeka Credit Repair Quiz / Topeka Credit Calculator CTAs | email capture block wired to /api/email-signup | KS regulator/contact module | Frequently asked questions in Topeka | links to strongest matching /browse/ category pages,Published static city page; enhance after signal-led batches.
107.86,T4 - full rollout,California,Beverly Hills,CA,beverly-hills-ca,https://www.creditdoc.co/city/beverly-hills-ca/,"Credit Repair & Financial Services in Beverly Hills, CA",1986,16,1,0,,False,True,Beverly Hills Credit Repair Quiz / Beverly Hills Credit Calculator CTAs | email capture block wired to /api/email-signup | CA regulator/contact module | Frequently asked questions in Beverly Hills | links to strongest matching /browse/ category pages,Published static city page; enhance after signal-led batches.
106.41,T4 - full rollout,National,Henderson,NV,henderson-nv,https://www.creditdoc.co/city/henderson-nv/,"Credit Repair & Financial Services in Henderson, NV (2026)",1841,16,1,0,,False,True,Henderson Credit Repair Quiz / Henderson Credit Calculator CTAs | email capture block wired to /api/email-signup | NV regulator/contact module | Frequently asked questions in Henderson | links to strongest matching /browse/ category pages,Published static city page; enhance after signal-led batches.
105.15,T4 - full rollout,National,Fargo,ND,fargo-nd,https://www.creditdoc.co/city/fargo-nd/,"Credit Repair & Financial Services in Fargo, ND (2026)",1715,16,1,0,,False,True,Fargo Credit Repair Quiz / Fargo Credit Calculator CTAs | email capture block wired to /api/email-signup | ND regulator/contact module | Frequently asked questions in Fargo | links to strongest matching /browse/ category pages,Published static city page; enhance after signal-led batches.
103.39,T4 - full rollout,Florida,Kissimmee,FL,kissimmee-fl,https://www.creditdoc.co/city/kissimmee-fl/,"Credit Repair & Financial Services in Kissimmee, FL (2026)",1839,15,1,0,,False,True,Kissimmee Credit Repair Quiz / Kissimmee Credit Calculator CTAs | email capture block wired to /api/email-signup | FL regulator/contact module | Frequently asked questions in Kissimmee | links to strongest matching /browse/ category pages,Published static city page; enhance after signal-led batches.
103.39,T4 - full rollout,National,St Paul,MN,st-paul-mn,https://www.creditdoc.co/city/st-paul-mn/,"Credit Repair & Financial Services in St Paul, MN (2026)",1839,15,1,0,,False,True,St Paul Credit Repair Quiz / St Paul Credit Calculator CTAs | email capture block wired to /api/email-signup | MN regulator/contact module | Frequently asked questions in St Paul | links to strongest matching /browse/ category pages,Published static city page; enhance after signal-led batches.
102.85,T4 - full rollout,National,Harvey,LA,harvey-la,https://www.creditdoc.co/city/harvey-la/,"Credit Repair & Financial Services in Harvey, LA (2026)",1785,15,1,0,,False,True,Harvey Credit Repair Quiz / Harvey Credit Calculator CTAs | email capture block wired to /api/email-signup | LA regulator/contact module | Frequently asked questions in Harvey | links to strongest matching /browse/ category pages,Published static city page; enhance after signal-led batches.
102.70,T4 - full rollout,National,Lexington,KY,lexington-ky,https://www.creditdoc.co/city/lexington-ky/,"Credit Repair & Financial Services in Lexington, KY (2026)",1770,15,1,0,,False,True,Lexington Credit Repair Quiz / Lexington Credit Calculator CTAs | email capture block wired to /api/email-signup | KY regulator/contact module | Frequently asked questions in Lexington | links to strongest matching /browse/ category pages,Published static city page; enhance after signal-led batches.
102.66,T4 - full rollout,National,Sioux Falls,SD,sioux-falls-sd,https://www.creditdoc.co/city/sioux-falls-sd/,"Credit Repair & Financial Services in Sioux Falls, SD (2026)",1766,15,1,0,,False,True,Sioux Falls Credit Repair Quiz / Sioux Falls Credit Calculator CTAs | email capture block wired to /api/email-signup | SD regulator/contact module | Frequently asked questions in Sioux Falls | links to strongest matching /browse/ category pages,Published static city page; enhance after signal-led batches.
102.58,T4 - full rollout,Texas,Haltom City,TX,haltom-city-tx,https://www.creditdoc.co/city/haltom-city-tx/,"Credit Repair & Financial Services in Haltom City, TX (2026)",1758,15,1,0,,False,True,Haltom City Credit Repair Quiz / Haltom City Credit Calculator CTAs | email capture block wired to /api/email-signup | TX regulator/contact module | Frequently asked questions in Haltom City | links to strongest matching /browse/ category pages,Published static city page; enhance after signal-led batches.
102.32,T4 - full rollout,California,Riverside,CA,riverside-ca,https://www.creditdoc.co/city/riverside-ca/,"Credit Repair & Financial Services in Riverside, CA (2026)",1732,15,1,0,,False,True,Riverside Credit Repair Quiz / Riverside Credit Calculator CTAs | email capture block wired to /api/email-signup | CA regulator/contact module | Frequently asked questions in Riverside | links to strongest matching /browse/ category pages,Published static city page; enhance after signal-led batches.
102.08,T4 - full rollout,National,Madison,WI,madison-wi,https://www.creditdoc.co/city/madison-wi/,"Credit Repair & Financial Services in Madison, WI (2026)",1708,15,1,0,,False,True,Madison Credit Repair Quiz / Madison Credit Calculator CTAs | email capture block wired to /api/email-signup | WI regulator/contact module | Frequently asked questions in Madison | links to strongest matching /browse/ category pages,Published static city page; enhance after signal-led batches.
102.05,T4 - full rollout,National,Wichita,KS,wichita-ks,https://www.creditdoc.co/city/wichita-ks/,"Credit Repair & Financial Services in Wichita, KS (2026)",1705,15,1,0,,False,True,Wichita Credit Repair Quiz / Wichita Credit Calculator CTAs | email capture block wired to /api/email-signup | KS regulator/contact module | Frequently asked questions in Wichita | links to strongest matching /browse/ category pages,Published static city page; enhance after signal-led batches.
101.98,T4 - full rollout,Texas,Amarillo,TX,amarillo-tx,https://www.creditdoc.co/city/amarillo-tx/,"Credit Repair & Financial Services in Amarillo, TX (2026)",1698,15,1,0,,False,True,Amarillo Credit Repair Quiz / Amarillo Credit Calculator CTAs | email capture block wired to /api/email-signup | TX regulator/contact module | Frequently asked questions in Amarillo | links to strongest matching /browse/ category pages,Published static city page; enhance after signal-led batches.
100.75,T4 - full rollout,Florida,Sarasota,FL,sarasota-fl,https://www.creditdoc.co/city/sarasota-fl/,"Credit Repair & Financial Services in Sarasota, FL (2026)",1875,14,1,0,,False,True,Sarasota Credit Repair Quiz / Sarasota Credit Calculator CTAs | email capture block wired to /api/email-signup | FL regulator/contact module | Frequently asked questions in Sarasota | links to strongest matching /browse/ category pages,Published static city page; enhance after signal-led batches.
100.43,T4 - full rollout,National,Jackson,MS,jackson-ms,https://www.creditdoc.co/city/jackson-ms/,"Credit Repair & Financial Services in Jackson, MS (2026)",1843,14,1,0,,False,True,Jackson Credit Repair Quiz / Jackson Credit Calculator CTAs | email capture block wired to /api/email-signup | MS regulator/contact module | Frequently asked questions in Jackson | links to strongest matching /browse/ category pages,Published static city page; enhance after signal-led batches.
98.95,T4 - full rollout,New York,Syracuse,NY,syracuse-ny,https://www.creditdoc.co/city/syracuse-ny/,"Credit Repair & Financial Services in Syracuse, NY (2026)",1695,14,1,0,,False,True,Syracuse Credit Repair Quiz / Syracuse Credit Calculator CTAs | email capture block wired to /api/email-signup | NY regulator/contact module | Frequently asked questions in Syracuse | links to strongest matching /browse/ category pages,Published static city page; enhance after signal-led batches.
98.51,T4 - full rollout,National,Greensboro,NC,greensboro-nc,https://www.creditdoc.co/city/greensboro-nc/,"Credit Repair & Financial Services in Greensboro, NC (2026)",1651,14,1,0,,False,True,Greensboro Credit Repair Quiz / Greensboro Credit Calculator CTAs | email capture block wired to /api/email-signup | NC regulator/contact module | Frequently asked questions in Greensboro | links to strongest matching /browse/ category pages,Published static city page; enhance after signal-led batches.
98.20,T4 - full rollout,National,Lincoln,NE,lincoln-ne,https://www.creditdoc.co/city/lincoln-ne/,"Credit Repair & Financial Services in Lincoln, NE (2026)",1620,14,1,0,,False,True,Lincoln Credit Repair Quiz / Lincoln Credit Calculator CTAs | email capture block wired to /api/email-signup | NE regulator/contact module | Frequently asked questions in Lincoln | links to strongest matching /browse/ category pages,Published static city page; enhance after signal-led batches.
98.15,T4 - full rollout,National,Springfield,MO,springfield-mo,https://www.creditdoc.co/city/springfield-mo/,"Credit Repair & Financial Services in Springfield, MO (2026)",1615,14,1,0,,False,True,Springfield Credit Repair Quiz / Springfield Credit Calculator CTAs | email capture block wired to /api/email-signup | MO regulator/contact module | Frequently asked questions in Springfield | links to strongest matching /browse/ category pages,Published static city page; enhance after signal-led batches.
96.63,T4 - full rollout,Texas,Richardson,TX,richardson-tx,https://www.creditdoc.co/city/richardson-tx/,"Credit Repair & Financial Services in Richardson, TX (2026)",1763,13,1,0,,False,True,Richardson Credit Repair Quiz / Richardson Credit Calculator CTAs | email capture block wired to /api/email-signup | TX regulator/contact module | Frequently asked questions in Richardson | links to strongest matching /browse/ category pages,Published static city page; enhance after signal-led batches.
96.27,T4 - full rollout,Texas,Waco,TX,waco-tx,https://www.creditdoc.co/city/waco-tx/,"Credit Repair & Financial Services in Waco, TX (2026)",1727,13,1,0,,False,True,Waco Credit Repair Quiz / Waco Credit Calculator CTAs | email capture block wired to /api/email-signup | TX regulator/contact module | Frequently asked questions in Waco | links to strongest matching /browse/ category pages,Published static city page; enhance after signal-led batches.
95.71,T4 - full rollout,National,Fort Wayne,IN,fort-wayne-in,https://www.creditdoc.co/city/fort-wayne-in/,"Credit Repair & Financial Services in Fort Wayne, IN (2026)",1671,13,1,0,,False,True,Fort Wayne Credit Repair Quiz / Fort Wayne Credit Calculator CTAs | email capture block wired to /api/email-signup | IN regulator/contact module | Frequently asked questions in Fort Wayne | links to strongest matching /browse/ category pages,Published static city page; enhance after signal-led batches.
95.59,T4 - full rollout,National,Council Bluffs,IA,council-bluffs-ia,https://www.creditdoc.co/city/council-bluffs-ia/,"Credit Repair & Financial Services in Council Bluffs, IA",1659,13,1,0,,False,True,Council Bluffs Credit Repair Quiz / Council Bluffs Credit Calculator CTAs | email capture block wired to /api/email-signup | IA regulator/contact module | Frequently asked questions in Council Bluffs | links to strongest matching /browse/ category pages,Published static city page; enhance after signal-led batches.
95.54,T4 - full rollout,Texas,El Paso,TX,el-paso-tx,https://www.creditdoc.co/city/el-paso-tx/,"Credit Repair & Financial Services in El Paso, TX (2026)",1654,13,1,0,,False,True,El Paso Credit Repair Quiz / El Paso Credit Calculator CTAs | email capture block wired to /api/email-signup | TX regulator/contact module | Frequently asked questions in El Paso | links to strongest matching /browse/ category pages,Published static city page; enhance after signal-led batches.
95.48,T4 - full rollout,National,Erie,PA,erie-pa,https://www.creditdoc.co/city/erie-pa/,"Credit Repair & Financial Services in Erie, PA (2026)",1648,13,1,0,,False,True,Erie Credit Repair Quiz / Erie Credit Calculator CTAs | email capture block wired to /api/email-signup | PA regulator/contact module | Frequently asked questions in Erie | links to strongest matching /browse/ category pages,Published static city page; enhance after signal-led batches.
94.93,T4 - full rollout,National,Jefferson City,MO,jefferson-city-mo,https://www.creditdoc.co/city/jefferson-city-mo/,"Credit Repair & Financial Services in Jefferson City, MO",1593,13,1,0,,False,True,Jefferson City Credit Repair Quiz / Jefferson City Credit Calculator CTAs | email capture block wired to /api/email-signup | MO regulator/contact module | Frequently asked questions in Jefferson City | links to strongest matching /browse/ category pages,Published static city page; enhance after signal-led batches.
94.73,T4 - full rollout,National,Akron,OH,akron-oh,https://www.creditdoc.co/city/akron-oh/,"Credit Repair & Financial Services in Akron, OH (2026)",1573,13,1,0,,False,True,Akron Credit Repair Quiz / Akron Credit Calculator CTAs | email capture block wired to /api/email-signup | OH regulator/contact module | Frequently asked questions in Akron | links to strongest matching /browse/ category pages,Published static city page; enhance after signal-led batches.
91.75,T4 - full rollout,National,Huntington,WV,huntington-wv,https://www.creditdoc.co/city/huntington-wv/,"Credit Repair & Financial Services in Huntington, WV (2026)",1575,12,1,0,,False,True,Huntington Credit Repair Quiz / Huntington Credit Calculator CTAs | email capture block wired to /api/email-signup | WV regulator/contact module | Frequently asked questions in Huntington | links to strongest matching /browse/ category pages,Published static city page; enhance after signal-led batches.
90.93,T4 - full rollout,National,West Des Moines,IA,west-des-moines-ia,https://www.creditdoc.co/city/west-des-moines-ia/,"Credit Repair & Financial Services in West Des Moines, IA",1493,12,1,0,,False,True,West Des Moines Credit Repair Quiz / West Des Moines Credit Calculator CTAs | email capture block wired to /api/email-signup | IA regulator/contact module | Frequently asked questions in West Des Moines | links to strongest matching /browse/ category pages,Published static city page; enhance after signal-led batches.
89.62,T4 - full rollout,Florida,Orange Park,FL,orange-park-fl,https://www.creditdoc.co/city/orange-park-fl/,"Credit Repair & Financial Services in Orange Park, FL (2026)",1662,11,1,0,,False,True,Orange Park Credit Repair Quiz / Orange Park Credit Calculator CTAs | email capture block wired to /api/email-signup | FL regulator/contact module | Frequently asked questions in Orange Park | links to strongest matching /browse/ category pages,Published static city page; enhance after signal-led batches.
85.70,T4 - full rollout,California,Hawthorne,CA,hawthorne-ca,https://www.creditdoc.co/city/hawthorne-ca/,"Credit Repair & Financial Services in Hawthorne, CA (2026)",1570,10,1,0,,False,True,Hawthorne Credit Repair Quiz / Hawthorne Credit Calculator CTAs | email capture block wired to /api/email-signup | CA regulator/contact module | Frequently asked questions in Hawthorne | links to strongest matching /browse/ category pages,Published static city page; enhance after signal-led batches.
83.59,T4 - full rollout,New York,Buffalo,NY,buffalo-ny,https://www.creditdoc.co/city/buffalo-ny/,"Credit Repair & Financial Services in Buffalo, NY (2026)",2059,21,0,0,,False,True,Buffalo Credit Repair Quiz / Buffalo Credit Calculator CTAs | email capture block wired to /api/email-signup | NY regulator/contact module | Frequently asked questions in Buffalo | links to strongest matching /browse/ category pages,Published static city page; enhance after signal-led batches.
74.49,T4 - full rollout,New York,Staten Island,NY,staten-island-ny,https://www.creditdoc.co/city/staten-island-ny/,"Credit Repair & Financial Services in Staten Island, NY",2049,18,0,0,,False,True,Staten Island Credit Repair Quiz / Staten Island Credit Calculator CTAs | email capture block wired to /api/email-signup | NY regulator/contact module | Frequently asked questions in Staten Island | links to strongest matching /browse/ category pages,Published static city page; enhance after signal-led batches.
73.60,T4 - full rollout,California,El Cajon,CA,el-cajon-ca,https://www.creditdoc.co/city/el-cajon-ca/,"Credit Repair & Financial Services in El Cajon, CA (2026)",1960,18,0,0,,False,True,El Cajon Credit Repair Quiz / El Cajon Credit Calculator CTAs | email capture block wired to /api/email-signup | CA regulator/contact module | Frequently asked questions in El Cajon | links to strongest matching /browse/ category pages,Published static city page; enhance after signal-led batches.
73.19,T4 - full rollout,National,Metairie,LA,metairie-la,https://www.creditdoc.co/city/metairie-la/,"Credit Repair & Financial Services in Metairie, LA (2026)",1919,18,0,0,,False,True,Metairie Credit Repair Quiz / Metairie Credit Calculator CTAs | email capture block wired to /api/email-signup | LA regulator/contact module | Frequently asked questions in Metairie | links to strongest matching /browse/ category pages,Published static city page; enhance after signal-led batches.
72.51,T4 - full rollout,Florida,Coral Gables,FL,coral-gables-fl,https://www.creditdoc.co/city/coral-gables-fl/,"Credit Repair & Financial Services in Coral Gables, FL",2151,17,0,0,,False,True,Coral Gables Credit Repair Quiz / Coral Gables Credit Calculator CTAs | email capture block wired to /api/email-signup | FL regulator/contact module | Frequently asked questions in Coral Gables | links to strongest matching /browse/ category pages,Published static city page; enhance after signal-led batches.
70.70,T4 - full rollout,National,Lakewood,CO,lakewood-co,https://www.creditdoc.co/city/lakewood-co/,"Credit Repair & Financial Services in Lakewood, CO (2026)",1970,17,0,0,,False,True,Lakewood Credit Repair Quiz / Lakewood Credit Calculator CTAs | email capture block wired to /api/email-signup | CO regulator/contact module | Frequently asked questions in Lakewood | links to strongest matching /browse/ category pages,Published static city page; enhance after signal-led batches.
69.86,T4 - full rollout,National,Durham,NC,durham-nc,https://www.creditdoc.co/city/durham-nc/,"Credit Repair & Financial Services in Durham, NC (2026)",1886,17,0,0,,False,True,Durham Credit Repair Quiz / Durham Credit Calculator CTAs | email capture block wired to /api/email-signup | NC regulator/contact module | Frequently asked questions in Durham | links to strongest matching /browse/ category pages,Published static city page; enhance after signal-led batches.
67.50,T4 - full rollout,Florida,North Miami Beach,FL,north-miami-beach-fl,https://www.creditdoc.co/city/north-miami-beach-fl/,"Credit Repair & Financial Services in North Miami Beach, FL",1950,16,0,0,,False,True,North Miami Beach Credit Repair Quiz / North Miami Beach Credit Calculator CTAs | email capture block wired to /api/email-signup | FL regulator/contact module | Frequently asked questions in North Miami Beach | links to strongest matching /browse/ category pages,Published static city page; enhance after signal-led batches.
66.57,T4 - full rollout,Florida,Miami Gardens,FL,miami-gardens-fl,https://www.creditdoc.co/city/miami-gardens-fl/,"Credit Repair & Financial Services in Miami Gardens, FL",2157,15,0,0,,False,True,Miami Gardens Credit Repair Quiz / Miami Gardens Credit Calculator CTAs | email capture block wired to /api/email-signup | FL regulator/contact module | Frequently asked questions in Miami Gardens | links to strongest matching /browse/ category pages,Published static city page; enhance after signal-led batches.
65.79,T4 - full rollout,National,Grand Rapids,MI,grand-rapids-mi,https://www.creditdoc.co/city/grand-rapids-mi/,"Credit Repair & Financial Services in Grand Rapids, MI",1779,16,0,0,,False,True,Grand Rapids Credit Repair Quiz / Grand Rapids Credit Calculator CTAs | email capture block wired to /api/email-signup | MI regulator/contact module | Frequently asked questions in Grand Rapids | links to strongest matching /browse/ category pages,Published static city page; enhance after signal-led batches.
63.91,T4 - full rollout,Florida,North Miami,FL,north-miami-fl,https://www.creditdoc.co/city/north-miami-fl/,"Credit Repair & Financial Services in North Miami, FL (2026)",1891,15,0,0,,False,True,North Miami Credit Repair Quiz / North Miami Credit Calculator CTAs | email capture block wired to /api/email-signup | FL regulator/contact module | Frequently asked questions in North Miami | links to strongest matching /browse/ category pages,Published static city page; enhance after signal-led batches.
62.57,T4 - full rollout,New York,Rochester,NY,rochester-ny,https://www.creditdoc.co/city/rochester-ny/,"Credit Repair & Financial Services in Rochester, NY (2026)",1757,15,0,0,,False,True,Rochester Credit Repair Quiz / Rochester Credit Calculator CTAs | email capture block wired to /api/email-signup | NY regulator/contact module | Frequently asked questions in Rochester | links to strongest matching /browse/ category pages,Published static city page; enhance after signal-led batches.
62.53,T4 - full rollout,Texas,Round Rock,TX,round-rock-tx,https://www.creditdoc.co/city/round-rock-tx/,"Credit Repair & Financial Services in Round Rock, TX (2026)",1753,15,0,0,,False,True,Round Rock Credit Repair Quiz / Round Rock Credit Calculator CTAs | email capture block wired to /api/email-signup | TX regulator/contact module | Frequently asked questions in Round Rock | links to strongest matching /browse/ category pages,Published static city page; enhance after signal-led batches.
62.17,T4 - full rollout,Texas,Humble,TX,humble-tx,https://www.creditdoc.co/city/humble-tx/,"Credit Repair & Financial Services in Humble, TX (2026)",1717,15,0,0,,False,True,Humble Credit Repair Quiz / Humble Credit Calculator CTAs | email capture block wired to /api/email-signup | TX regulator/contact module | Frequently asked questions in Humble | links to strongest matching /browse/ category pages,Published static city page; enhance after signal-led batches.
62.03,T4 - full rollout,National,Toledo,OH,toledo-oh,https://www.creditdoc.co/city/toledo-oh/,"Credit Repair & Financial Services in Toledo, OH (2026)",1703,15,0,0,,False,True,Toledo Credit Repair Quiz / Toledo Credit Calculator CTAs | email capture block wired to /api/email-signup | OH regulator/contact module | Frequently asked questions in Toledo | links to strongest matching /browse/ category pages,Published static city page; enhance after signal-led batches.
60.06,T4 - full rollout,New York,Jackson Heights,NY,jackson-heights-ny,https://www.creditdoc.co/city/jackson-heights-ny/,"Credit Repair & Financial Services in Jackson Heights, NY",1806,14,0,0,,False,True,Jackson Heights Credit Repair Quiz / Jackson Heights Credit Calculator CTAs | email capture block wired to /api/email-signup | NY regulator/contact module | Frequently asked questions in Jackson Heights | links to strongest matching /browse/ category pages,Published static city page; enhance after signal-led batches.
59.84,T4 - full rollout,California,San Mateo,CA,san-mateo-ca,https://www.creditdoc.co/city/san-mateo-ca/,"Credit Repair & Financial Services in San Mateo, CA (2026)",1784,14,0,0,,False,True,San Mateo Credit Repair Quiz / San Mateo Credit Calculator CTAs | email capture block wired to /api/email-signup | CA regulator/contact module | Frequently asked questions in San Mateo | links to strongest matching /browse/ category pages,Published static city page; enhance after signal-led batches.
59.43,T4 - full rollout,National,Skokie,IL,skokie-il,https://www.creditdoc.co/city/skokie-il/,"Credit Repair & Financial Services in Skokie, IL (2026)",1743,14,0,0,,False,True,Skokie Credit Repair Quiz / Skokie Credit Calculator CTAs | email capture block wired to /api/email-signup | IL regulator/contact module | Frequently asked questions in Skokie | links to strongest matching /browse/ category pages,Published static city page; enhance after signal-led batches.
58.95,T4 - full rollout,National,Boston,MA,boston-ma,https://www.creditdoc.co/city/boston-ma/,"Credit Repair & Financial Services in Boston, MA (2026)",1695,14,0,0,,False,True,Boston Credit Repair Quiz / Boston Credit Calculator CTAs | email capture block wired to /api/email-signup | MA regulator/contact module | Frequently asked questions in Boston | links to strongest matching /browse/ category pages,Published static city page; enhance after signal-led batches.
58.90,T4 - full rollout,National,Mobile,AL,mobile-al,https://www.creditdoc.co/city/mobile-al/,"Credit Repair & Financial Services in Mobile, AL (2026)",1690,14,0,0,,False,True,Mobile Credit Repair Quiz / Mobile Credit Calculator CTAs | email capture block wired to /api/email-signup | AL regulator/contact module | Frequently asked questions in Mobile | links to strongest matching /browse/ category pages,Published static city page; enhance after signal-led batches.
58.66,T4 - full rollout,National,Tuscaloosa,AL,tuscaloosa-al,https://www.creditdoc.co/city/tuscaloosa-al/,"Credit Repair & Financial Services in Tuscaloosa, AL (2026)",1666,14,0,0,,False,True,Tuscaloosa Credit Repair Quiz / Tuscaloosa Credit Calculator CTAs | email capture block wired to /api/email-signup | AL regulator/contact module | Frequently asked questions in Tuscaloosa | links to strongest matching /browse/ category pages,Published static city page; enhance after signal-led batches.
58.57,T4 - full rollout,National,Richmond,VA,richmond-va,https://www.creditdoc.co/city/richmond-va/,"Credit Repair & Financial Services in Richmond, VA (2026)",1657,14,0,0,,False,True,Richmond Credit Repair Quiz / Richmond Credit Calculator CTAs | email capture block wired to /api/email-signup | VA regulator/contact module | Frequently asked questions in Richmond | links to strongest matching /browse/ category pages,Published static city page; enhance after signal-led batches.
58.48,T4 - full rollout,National,Chattanooga,TN,chattanooga-tn,https://www.creditdoc.co/city/chattanooga-tn/,"Credit Repair & Financial Services in Chattanooga, TN (2026)",1648,14,0,0,,False,True,Chattanooga Credit Repair Quiz / Chattanooga Credit Calculator CTAs | email capture block wired to /api/email-signup | TN regulator/contact module | Frequently asked questions in Chattanooga | links to strongest matching /browse/ category pages,Published static city page; enhance after signal-led batches.
58.40,T4 - full rollout,National,Des Moines,IA,des-moines-ia,https://www.creditdoc.co/city/des-moines-ia/,"Credit Repair & Financial Services in Des Moines, IA (2026)",1640,14,0,0,,False,True,Des Moines Credit Repair Quiz / Des Moines Credit Calculator CTAs | email capture block wired to /api/email-signup | IA regulator/contact module | Frequently asked questions in Des Moines | links to strongest matching /browse/ category pages,Published static city page; enhance after signal-led batches.
58.29,T4 - full rollout,Texas,Lubbock,TX,lubbock-tx,https://www.creditdoc.co/city/lubbock-tx/,"Credit Repair & Financial Services in Lubbock, TX (2026)",1629,14,0,0,,False,True,Lubbock Credit Repair Quiz / Lubbock Credit Calculator CTAs | email capture block wired to /api/email-signup | TX regulator/contact module | Frequently asked questions in Lubbock | links to strongest matching /browse/ category pages,Published static city page; enhance after signal-led batches.
58.26,T4 - full rollout,National,Norman,OK,norman-ok,https://www.creditdoc.co/city/norman-ok/,"Credit Repair & Financial Services in Norman, OK (2026)",1626,14,0,0,,False,True,Norman Credit Repair Quiz / Norman Credit Calculator CTAs | email capture block wired to /api/email-signup | OK regulator/contact module | Frequently asked questions in Norman | links to strongest matching /browse/ category pages,Published static city page; enhance after signal-led batches.
56.56,T4 - full rollout,Texas,Frisco,TX,frisco-tx,https://www.creditdoc.co/city/frisco-tx/,"Credit Repair & Financial Services in Frisco, TX (2026)",1756,13,0,0,,False,True,Frisco Credit Repair Quiz / Frisco Credit Calculator CTAs | email capture block wired to /api/email-signup | TX regulator/contact module | Frequently asked questions in Frisco | links to strongest matching /browse/ category pages,Published static city page; enhance after signal-led batches.
56.50,T4 - full rollout,National,Englewood,CO,englewood-co,https://www.creditdoc.co/city/englewood-co/,"Credit Repair & Financial Services in Englewood, CO (2026)",1750,13,0,0,,False,True,Englewood Credit Repair Quiz / Englewood Credit Calculator CTAs | email capture block wired to /api/email-signup | CO regulator/contact module | Frequently asked questions in Englewood | links to strongest matching /browse/ category pages,Published static city page; enhance after signal-led batches.
56.39,T4 - full rollout,California,Santa Ana,CA,santa-ana-ca,https://www.creditdoc.co/city/santa-ana-ca/,"Credit Repair & Financial Services in Santa Ana, CA (2026)",1739,13,0,0,,False,True,Santa Ana Credit Repair Quiz / Santa Ana Credit Calculator CTAs | email capture block wired to /api/email-signup | CA regulator/contact module | Frequently asked questions in Santa Ana | links to strongest matching /browse/ category pages,Published static city page; enhance after signal-led batches.
56.22,T4 - full rollout,Florida,Doral,FL,doral-fl,https://www.creditdoc.co/city/doral-fl/,"Credit Repair & Financial Services in Doral, FL (2026)",1722,13,0,0,,False,True,Doral Credit Repair Quiz / Doral Credit Calculator CTAs | email capture block wired to /api/email-signup | FL regulator/contact module | Frequently asked questions in Doral | links to strongest matching /browse/ category pages,Published static city page; enhance after signal-led batches.
56.12,T4 - full rollout,California,Inglewood,CA,inglewood-ca,https://www.creditdoc.co/city/inglewood-ca/,"Credit Repair & Financial Services in Inglewood, CA (2026)",1712,13,0,0,,False,True,Inglewood Credit Repair Quiz / Inglewood Credit Calculator CTAs | email capture block wired to /api/email-signup | CA regulator/contact module | Frequently asked questions in Inglewood | links to strongest matching /browse/ category pages,Published static city page; enhance after signal-led batches.
55.74,T4 - full rollout,California,Escondido,CA,escondido-ca,https://www.creditdoc.co/city/escondido-ca/,"Credit Repair & Financial Services in Escondido, CA (2026)",1674,13,0,0,,False,True,Escondido Credit Repair Quiz / Escondido Credit Calculator CTAs | email capture block wired to /api/email-signup | CA regulator/contact module | Frequently asked questions in Escondido | links to strongest matching /browse/ category pages,Published static city page; enhance after signal-led batches.
55.29,T4 - full rollout,National,Portland,ME,portland-me,https://www.creditdoc.co/city/portland-me/,"Credit Repair & Financial Services in Portland, ME (2026)",1629,13,0,0,,False,True,Portland Credit Repair Quiz / Portland Credit Calculator CTAs | email capture block wired to /api/email-signup | ME regulator/contact module | Frequently asked questions in Portland | links to strongest matching /browse/ category pages,Published static city page; enhance after signal-led batches.
55.25,T4 - full rollout,National,Farmington Hills,MI,farmington-hills-mi,https://www.creditdoc.co/city/farmington-hills-mi/,"Credit Repair & Financial Services in Farmington Hills, MI",1625,13,0,0,,False,True,Farmington Hills Credit Repair Quiz / Farmington Hills Credit Calculator CTAs | email capture block wired to /api/email-signup | MI regulator/contact module | Frequently asked questions in Farmington Hills | links to strongest matching /browse/ category pages,Published static city page; enhance after signal-led batches.
55.20,T4 - full rollout,Georgia,Macon,GA,macon-ga,https://www.creditdoc.co/city/macon-ga/,"Credit Repair & Financial Services in Macon, GA (2026)",1620,13,0,0,,False,True,Macon Credit Repair Quiz / Macon Credit Calculator CTAs | email capture block wired to /api/email-signup | GA regulator/contact module | Frequently asked questions in Macon | links to strongest matching /browse/ category pages,Published static city page; enhance after signal-led batches.
55.14,T4 - full rollout,Texas,Laredo,TX,laredo-tx,https://www.creditdoc.co/city/laredo-tx/,"Credit Repair & Financial Services in Laredo, TX (2026)",1614,13,0,0,,False,True,Laredo Credit Repair Quiz / Laredo Credit Calculator CTAs | email capture block wired to /api/email-signup | TX regulator/contact module | Frequently asked questions in Laredo | links to strongest matching /browse/ category pages,Published static city page; enhance after signal-led batches.
55.06,T4 - full rollout,National,Cleveland,TN,cleveland-tn,https://www.creditdoc.co/city/cleveland-tn/,"Credit Repair & Financial Services in Cleveland, TN (2026)",1606,13,0,0,,False,True,Cleveland Credit Repair Quiz / Cleveland Credit Calculator CTAs | email capture block wired to /api/email-signup | TN regulator/contact module | Frequently asked questions in Cleveland | links to strongest matching /browse/ category pages,Published static city page; enhance after signal-led batches.
55.05,T4 - full rollout,National,La Crosse,WI,la-crosse-wi,https://www.creditdoc.co/city/la-crosse-wi/,"Credit Repair & Financial Services in La Crosse, WI (2026)",1605,13,0,0,,False,True,La Crosse Credit Repair Quiz / La Crosse Credit Calculator CTAs | email capture block wired to /api/email-signup | WI regulator/contact module | Frequently asked questions in La Crosse | links to strongest matching /browse/ category pages,Published static city page; enhance after signal-led batches.
55.04,T4 - full rollout,National,Greenville,SC,greenville-sc,https://www.creditdoc.co/city/greenville-sc/,"Credit Repair & Financial Services in Greenville, SC (2026)",1604,13,0,0,,False,True,Greenville Credit Repair Quiz / Greenville Credit Calculator CTAs | email capture block wired to /api/email-signup | SC regulator/contact module | Frequently asked questions in Greenville | links to strongest matching /browse/ category pages,Published static city page; enhance after signal-led batches.
54.89,T4 - full rollout,National,Del City,OK,del-city-ok,https://www.creditdoc.co/city/del-city-ok/,"Credit Repair & Financial Services in Del City, OK (2026)",1589,13,0,0,,False,True,Del City Credit Repair Quiz / Del City Credit Calculator CTAs | email capture block wired to /api/email-signup | OK regulator/contact module | Frequently asked questions in Del City | links to strongest matching /browse/ category pages,Published static city page; enhance after signal-led batches.
54.79,T4 - full rollout,Florida,Tallahassee,FL,tallahassee-fl,https://www.creditdoc.co/city/tallahassee-fl/,"Credit Repair & Financial Services in Tallahassee, FL (2026)",1579,13,0,0,,False,True,Tallahassee Credit Repair Quiz / Tallahassee Credit Calculator CTAs | email capture block wired to /api/email-signup | FL regulator/contact module | Frequently asked questions in Tallahassee | links to strongest matching /browse/ category pages,Published static city page; enhance after signal-led batches.
54.64,T4 - full rollout,National,Helena,MT,helena-mt,https://www.creditdoc.co/city/helena-mt/,"Credit Repair & Financial Services in Helena, MT (2026)",1564,13,0,0,,False,True,Helena Credit Repair Quiz / Helena Credit Calculator CTAs | email capture block wired to /api/email-signup | MT regulator/contact module | Frequently asked questions in Helena | links to strongest matching /browse/ category pages,Published static city page; enhance after signal-led batches.
54.04,T4 - full rollout,National,Rapid City,SD,rapid-city-sd,https://www.creditdoc.co/city/rapid-city-sd/,"Credit Repair & Financial Services in Rapid City, SD (2026)",1804,12,0,0,,False,True,Rapid City Credit Repair Quiz / Rapid City Credit Calculator CTAs | email capture block wired to /api/email-signup | SD regulator/contact module | Frequently asked questions in Rapid City | links to strongest matching /browse/ category pages,Published static city page; enhance after signal-led batches.
53.42,T4 - full rollout,National,Boise,ID,boise-id,https://www.creditdoc.co/city/boise-id/,"Credit Repair & Financial Services in Boise, ID (2026)",1742,12,0,0,,False,True,Boise Credit Repair Quiz / Boise Credit Calculator CTAs | email capture block wired to /api/email-signup | ID regulator/contact module | Frequently asked questions in Boise | links to strongest matching /browse/ category pages,Published static city page; enhance after signal-led batches.
53.39,T4 - full rollout,California,Oceanside,CA,oceanside-ca,https://www.creditdoc.co/city/oceanside-ca/,"Credit Repair & Financial Services in Oceanside, CA (2026)",1739,12,0,0,,False,True,Oceanside Credit Repair Quiz / Oceanside Credit Calculator CTAs | email capture block wired to /api/email-signup | CA regulator/contact module | Frequently asked questions in Oceanside | links to strongest matching /browse/ category pages,Published static city page; enhance after signal-led batches.
53.01,T4 - full rollout,Florida,Miami Beach,FL,miami-beach-fl,https://www.creditdoc.co/city/miami-beach-fl/,"Credit Repair & Financial Services in Miami Beach, FL (2026)",1701,12,0,0,,False,True,Miami Beach Credit Repair Quiz / Miami Beach Credit Calculator CTAs | email capture block wired to /api/email-signup | FL regulator/contact module | Frequently asked questions in Miami Beach | links to strongest matching /browse/ category pages,Published static city page; enhance after signal-led batches.
52.87,T4 - full rollout,National,Dayton,OH,dayton-oh,https://www.creditdoc.co/city/dayton-oh/,"Credit Repair & Financial Services in Dayton, OH (2026)",1687,12,0,0,,False,True,Dayton Credit Repair Quiz / Dayton Credit Calculator CTAs | email capture block wired to /api/email-signup | OH regulator/contact module | Frequently asked questions in Dayton | links to strongest matching /browse/ category pages,Published static city page; enhance after signal-led batches.
52.40,T4 - full rollout,National,Spartanburg,SC,spartanburg-sc,https://www.creditdoc.co/city/spartanburg-sc/,"Credit Repair & Financial Services in Spartanburg, SC (2026)",1640,12,0,0,,False,True,Spartanburg Credit Repair Quiz / Spartanburg Credit Calculator CTAs | email capture block wired to /api/email-signup | SC regulator/contact module | Frequently asked questions in Spartanburg | links to strongest matching /browse/ category pages,Published static city page; enhance after signal-led batches.
52.27,T4 - full rollout,Florida,West Palm Beach,FL,west-palm-beach-fl,https://www.creditdoc.co/city/west-palm-beach-fl/,"Credit Repair & Financial Services in West Palm Beach, FL",1627,12,0,0,,False,True,West Palm Beach Credit Repair Quiz / West Palm Beach Credit Calculator CTAs | email capture block wired to /api/email-signup | FL regulator/contact module | Frequently asked questions in West Palm Beach | links to strongest matching /browse/ category pages,Published static city page; enhance after signal-led batches.
52.19,T4 - full rollout,National,Roanoke,VA,roanoke-va,https://www.creditdoc.co/city/roanoke-va/,"Credit Repair & Financial Services in Roanoke, VA (2026)",1619,12,0,0,,False,True,Roanoke Credit Repair Quiz / Roanoke Credit Calculator CTAs | email capture block wired to /api/email-signup | VA regulator/contact module | Frequently asked questions in Roanoke | links to strongest matching /browse/ category pages,Published static city page; enhance after signal-led batches.
52.14,T4 - full rollout,California,East Los Angeles,CA,east-los-angeles-ca,https://www.creditdoc.co/city/east-los-angeles-ca/,"Credit Repair & Financial Services in East Los Angeles, CA",1614,12,0,0,,False,True,East Los Angeles Credit Repair Quiz / East Los Angeles Credit Calculator CTAs | email capture block wired to /api/email-signup | CA regulator/contact module | Frequently asked questions in East Los Angeles | links to strongest matching /browse/ category pages,Published static city page; enhance after signal-led batches.
52.11,T4 - full rollout,National,Claymont,DE,claymont-de,https://www.creditdoc.co/city/claymont-de/,"Credit Repair & Financial Services in Claymont, DE (2026)",1611,12,0,0,,False,True,Claymont Credit Repair Quiz / Claymont Credit Calculator CTAs | email capture block wired to /api/email-signup | DE regulator/contact module | Frequently asked questions in Claymont | links to strongest matching /browse/ category pages,Published static city page; enhance after signal-led batches.
51.94,T4 - full rollout,New York,Astoria,NY,astoria-ny,https://www.creditdoc.co/city/astoria-ny/,"Credit Repair & Financial Services in Astoria, NY (2026)",1594,12,0,0,,False,True,Astoria Credit Repair Quiz / Astoria Credit Calculator CTAs | email capture block wired to /api/email-signup | NY regulator/contact module | Frequently asked questions in Astoria | links to strongest matching /browse/ category pages,Published static city page; enhance after signal-led batches.
51.90,T4 - full rollout,New York,Flushing,NY,flushing-ny,https://www.creditdoc.co/city/flushing-ny/,"Credit Repair & Financial Services in Flushing, NY (2026)",1590,12,0,0,,False,True,Flushing Credit Repair Quiz / Flushing Credit Calculator CTAs | email capture block wired to /api/email-signup | NY regulator/contact module | Frequently asked questions in Flushing | links to strongest matching /browse/ category pages,Published static city page; enhance after signal-led batches.
51.68,T4 - full rollout,National,South Bend,IN,south-bend-in,https://www.creditdoc.co/city/south-bend-in/,"Credit Repair & Financial Services in South Bend, IN (2026)",1568,12,0,0,,False,True,South Bend Credit Repair Quiz / South Bend Credit Calculator CTAs | email capture block wired to /api/email-signup | IN regulator/contact module | Frequently asked questions in South Bend | links to strongest matching /browse/ category pages,Published static city page; enhance after signal-led batches.
51.58,T4 - full rollout,California,Culver City,CA,culver-city-ca,https://www.creditdoc.co/city/culver-city-ca/,"Credit Repair & Financial Services in Culver City, CA (2026)",1558,12,0,0,,False,True,Culver City Credit Repair Quiz / Culver City Credit Calculator CTAs | email capture block wired to /api/email-signup | CA regulator/contact module | Frequently asked questions in Culver City | links to strongest matching /browse/ category pages,Published static city page; enhance after signal-led batches.
51.54,T4 - full rollout,Texas,Mcallen,TX,mcallen-tx,https://www.creditdoc.co/city/mcallen-tx/,"Credit Repair & Financial Services in Mcallen, TX (2026)",1554,12,0,0,,False,True,Mcallen Credit Repair Quiz / Mcallen Credit Calculator CTAs | email capture block wired to /api/email-signup | TX regulator/contact module | Frequently asked questions in Mcallen | links to strongest matching /browse/ category pages,Published static city page; enhance after signal-led batches.
51.53,T4 - full rollout,National,Camden,NJ,camden-nj,https://www.creditdoc.co/city/camden-nj/,"Credit Repair & Financial Services in Camden, NJ (2026)",1553,12,0,0,,False,True,Camden Credit Repair Quiz / Camden Credit Calculator CTAs | email capture block wired to /api/email-signup | NJ regulator/contact module | Frequently asked questions in Camden | links to strongest matching /browse/ category pages,Published static city page; enhance after signal-led batches.
51.52,T4 - full rollout,National,Warr Acres,OK,warr-acres-ok,https://www.creditdoc.co/city/warr-acres-ok/,"Credit Repair & Financial Services in Warr Acres, OK (2026)",1552,12,0,0,,False,True,Warr Acres Credit Repair Quiz / Warr Acres Credit Calculator CTAs | email capture block wired to /api/email-signup | OK regulator/contact module | Frequently asked questions in Warr Acres | links to strongest matching /browse/ category pages,Published static city page; enhance after signal-led batches.
51.43,T4 - full rollout,Georgia,Doraville,GA,doraville-ga,https://www.creditdoc.co/city/doraville-ga/,"Credit Repair & Financial Services in Doraville, GA (2026)",1543,12,0,0,,False,True,Doraville Credit Repair Quiz / Doraville Credit Calculator CTAs | email capture block wired to /api/email-signup | GA regulator/contact module | Frequently asked questions in Doraville | links to strongest matching /browse/ category pages,Published static city page; enhance after signal-led batches.
51.38,T4 - full rollout,National,Washington,PA,washington-pa,https://www.creditdoc.co/city/washington-pa/,"Credit Repair & Financial Services in Washington, PA (2026)",1538,12,0,0,,False,True,Washington Credit Repair Quiz / Washington Credit Calculator CTAs | email capture block wired to /api/email-signup | PA regulator/contact module | Frequently asked questions in Washington | links to strongest matching /browse/ category pages,Published static city page; enhance after signal-led batches.
51.34,T4 - full rollout,National,Newport News,VA,newport-news-va,https://www.creditdoc.co/city/newport-news-va/,"Credit Repair & Financial Services in Newport News, VA",1534,12,0,0,,False,True,Newport News Credit Repair Quiz / Newport News Credit Calculator CTAs | email capture block wired to /api/email-signup | VA regulator/contact module | Frequently asked questions in Newport News | links to strongest matching /browse/ category pages,Published static city page; enhance after signal-led batches.
51.32,T4 - full rollout,National,Youngstown,OH,youngstown-oh,https://www.creditdoc.co/city/youngstown-oh/,"Credit Repair & Financial Services in Youngstown, OH (2026)",1532,12,0,0,,False,True,Youngstown Credit Repair Quiz / Youngstown Credit Calculator CTAs | email capture block wired to /api/email-signup | OH regulator/contact module | Frequently asked questions in Youngstown | links to strongest matching /browse/ category pages,Published static city page; enhance after signal-led batches.
51.30,T4 - full rollout,National,Parma,OH,parma-oh,https://www.creditdoc.co/city/parma-oh/,"Credit Repair & Financial Services in Parma, OH (2026)",1530,12,0,0,,False,True,Parma Credit Repair Quiz / Parma Credit Calculator CTAs | email capture block wired to /api/email-signup | OH regulator/contact module | Frequently asked questions in Parma | links to strongest matching /browse/ category pages,Published static city page; enhance after signal-led batches.
51.30,T4 - full rollout,National,Provo,UT,provo-ut,https://www.creditdoc.co/city/provo-ut/,"Credit Repair & Financial Services in Provo, UT (2026)",1530,12,0,0,,False,True,Provo Credit Repair Quiz / Provo Credit Calculator CTAs | email capture block wired to /api/email-signup | UT regulator/contact module | Frequently asked questions in Provo | links to strongest matching /browse/ category pages,Published static city page; enhance after signal-led batches.
51.23,T4 - full rollout,National,Peoria,IL,peoria-il,https://www.creditdoc.co/city/peoria-il/,"Credit Repair & Financial Services in Peoria, IL (2026)",1523,12,0,0,,False,True,Peoria Credit Repair Quiz / Peoria Credit Calculator CTAs | email capture block wired to /api/email-signup | IL regulator/contact module | Frequently asked questions in Peoria | links to strongest matching /browse/ category pages,Published static city page; enhance after signal-led batches.
51.21,T4 - full rollout,National,Rochester,MN,rochester-mn,https://www.creditdoc.co/city/rochester-mn/,"Credit Repair & Financial Services in Rochester, MN (2026)",1521,12,0,0,,False,True,Rochester Credit Repair Quiz / Rochester Credit Calculator CTAs | email capture block wired to /api/email-signup | MN regulator/contact module | Frequently asked questions in Rochester | links to strongest matching /browse/ category pages,Published static city page; enhance after signal-led batches.
51.15,T4 - full rollout,Georgia,Valdosta,GA,valdosta-ga,https://www.creditdoc.co/city/valdosta-ga/,"Credit Repair & Financial Services in Valdosta, GA (2026)",1515,12,0,0,,False,True,Valdosta Credit Repair Quiz / Valdosta Credit Calculator CTAs | email capture block wired to /api/email-signup | GA regulator/contact module | Frequently asked questions in Valdosta | links to strongest matching /browse/ category pages,Published static city page; enhance after signal-led batches.
51.12,T4 - full rollout,National,Salem,OR,salem-or,https://www.creditdoc.co/city/salem-or/,"Credit Repair & Financial Services in Salem, OR (2026)",1512,12,0,0,,False,True,Salem Credit Repair Quiz / Salem Credit Calculator CTAs | email capture block wired to /api/email-signup | OR regulator/contact module | Frequently asked questions in Salem | links to strongest matching /browse/ category pages,Published static city page; enhance after signal-led batches.
50.98,T4 - full rollout,National,Wausau,WI,wausau-wi,https://www.creditdoc.co/city/wausau-wi/,"Credit Repair & Financial Services in Wausau, WI (2026)",1498,12,0,0,,False,True,Wausau Credit Repair Quiz / Wausau Credit Calculator CTAs | email capture block wired to /api/email-signup | WI regulator/contact module | Frequently asked questions in Wausau | links to strongest matching /browse/ category pages,Published static city page; enhance after signal-led batches.
50.92,T4 - full rollout,National,Altoona,PA,altoona-pa,https://www.creditdoc.co/city/altoona-pa/,"Credit Repair & Financial Services in Altoona, PA (2026)",1492,12,0,0,,False,True,Altoona Credit Repair Quiz / Altoona Credit Calculator CTAs | email capture block wired to /api/email-signup | PA regulator/contact module | Frequently asked questions in Altoona | links to strongest matching /browse/ category pages,Published static city page; enhance after signal-led batches.
50.83,T4 - full rollout,National,Duluth,MN,duluth-mn,https://www.creditdoc.co/city/duluth-mn/,"Credit Repair & Financial Services in Duluth, MN (2026)",1483,12,0,0,,False,True,Duluth Credit Repair Quiz / Duluth Credit Calculator CTAs | email capture block wired to /api/email-signup | MN regulator/contact module | Frequently asked questions in Duluth | links to strongest matching /browse/ category pages,Published static city page; enhance after signal-led batches.
50.80,T4 - full rollout,Texas,Tyler,TX,tyler-tx,https://www.creditdoc.co/city/tyler-tx/,"Credit Repair & Financial Services in Tyler, TX (2026)",1480,12,0,0,,False,True,Tyler Credit Repair Quiz / Tyler Credit Calculator CTAs | email capture block wired to /api/email-signup | TX regulator/contact module | Frequently asked questions in Tyler | links to strongest matching /browse/ category pages,Published static city page; enhance after signal-led batches.
49.03,T4 - full rollout,National,Franklin,TN,franklin-tn,https://www.creditdoc.co/city/franklin-tn/,"Credit Repair & Financial Services in Franklin, TN (2026)",1603,11,0,0,,False,True,Franklin Credit Repair Quiz / Franklin Credit Calculator CTAs | email capture block wired to /api/email-signup | TN regulator/contact module | Frequently asked questions in Franklin | links to strongest matching /browse/ category pages,Published static city page; enhance after signal-led batches.
48.90,T4 - full rollout,National,Lancaster,PA,lancaster-pa,https://www.creditdoc.co/city/lancaster-pa/,"Credit Repair & Financial Services in Lancaster, PA (2026)",1590,11,0,0,,False,True,Lancaster Credit Repair Quiz / Lancaster Credit Calculator CTAs | email capture block wired to /api/email-signup | PA regulator/contact module | Frequently asked questions in Lancaster | links to strongest matching /browse/ category pages,Published static city page; enhance after signal-led batches.
48.89,T4 - full rollout,National,Canton,OH,canton-oh,https://www.creditdoc.co/city/canton-oh/,"Credit Repair & Financial Services in Canton, OH (2026)",1589,11,0,0,,False,True,Canton Credit Repair Quiz / Canton Credit Calculator CTAs | email capture block wired to /api/email-signup | OH regulator/contact module | Frequently asked questions in Canton | links to strongest matching /browse/ category pages,Published static city page; enhance after signal-led batches.
46.51,T4 - full rollout,Florida,Winter Park,FL,winter-park-fl,https://www.creditdoc.co/city/winter-park-fl/,"Credit Repair & Financial Services in Winter Park, FL (2026)",1651,10,0,0,,False,True,Winter Park Credit Repair Quiz / Winter Park Credit Calculator CTAs | email capture block wired to /api/email-signup | FL regulator/contact module | Frequently asked questions in Winter Park | links to strongest matching /browse/ category pages,Published static city page; enhance after signal-led batches.
46.38,T4 - full rollout,Georgia,East Point,GA,east-point-ga,https://www.creditdoc.co/city/east-point-ga/,"Credit Repair & Financial Services in East Point, GA (2026)",1638,10,0,0,,False,True,East Point Credit Repair Quiz / East Point Credit Calculator CTAs | email capture block wired to /api/email-signup | GA regulator/contact module | Frequently asked questions in East Point | links to strongest matching /browse/ category pages,Published static city page; enhance after signal-led batches.
46.29,T4 - full rollout,National,Kent,WA,kent-wa,https://www.creditdoc.co/city/kent-wa/,"Credit Repair & Financial Services in Kent, WA (2026)",1629,10,0,0,,False,True,Kent Credit Repair Quiz / Kent Credit Calculator CTAs | email capture block wired to /api/email-signup | WA regulator/contact module | Frequently asked questions in Kent | links to strongest matching /browse/ category pages,Published static city page; enhance after signal-led batches.
46.04,T4 - full rollout,Texas,Sugar Land,TX,sugar-land-tx,https://www.creditdoc.co/city/sugar-land-tx/,"Credit Repair & Financial Services in Sugar Land, TX (2026)",1604,10,0,0,,False,True,Sugar Land Credit Repair Quiz / Sugar Land Credit Calculator CTAs | email capture block wired to /api/email-signup | TX regulator/contact module | Frequently asked questions in Sugar Land | links to strongest matching /browse/ category pages,Published static city page; enhance after signal-led batches.
46.00,T4 - full rollout,National,Huntsville,AL,huntsville-al,https://www.creditdoc.co/city/huntsville-al/,"Credit Repair & Financial Services in Huntsville, AL (2026)",1600,10,0,0,,False,True,Huntsville Credit Repair Quiz / Huntsville Credit Calculator CTAs | email capture block wired to /api/email-signup | AL regulator/contact module | Frequently asked questions in Huntsville | links to strongest matching /browse/ category pages,Published static city page; enhance after signal-led batches.
45.92,T4 - full rollout,National,Hamilton,OH,hamilton-oh,https://www.creditdoc.co/city/hamilton-oh/,"Credit Repair & Financial Services in Hamilton, OH (2026)",1592,10,0,0,,False,True,Hamilton Credit Repair Quiz / Hamilton Credit Calculator CTAs | email capture block wired to /api/email-signup | OH regulator/contact module | Frequently asked questions in Hamilton | links to strongest matching /browse/ category pages,Published static city page; enhance after signal-led batches.
45.89,T4 - full rollout,National,Concord,NC,concord-nc,https://www.creditdoc.co/city/concord-nc/,"Credit Repair & Financial Services in Concord, NC (2026)",1589,10,0,0,,False,True,Concord Credit Repair Quiz / Concord Credit Calculator CTAs | email capture block wired to /api/email-signup | NC regulator/contact module | Frequently asked questions in Concord | links to strongest matching /browse/ category pages,Published static city page; enhance after signal-led batches.
45.85,T4 - full rollout,National,Butte,MT,butte-mt,https://www.creditdoc.co/city/butte-mt/,"Credit Repair & Financial Services in Butte, MT (2026)",1585,10,0,0,,False,True,Butte Credit Repair Quiz / Butte Credit Calculator CTAs | email capture block wired to /api/email-signup | MT regulator/contact module | Frequently asked questions in Butte | links to strongest matching /browse/ category pages,Published static city page; enhance after signal-led batches.
45.79,T4 - full rollout,Florida,Clearwater,FL,clearwater-fl,https://www.creditdoc.co/city/clearwater-fl/,"Credit Repair & Financial Services in Clearwater, FL (2026)",1579,10,0,0,,False,True,Clearwater Credit Repair Quiz / Clearwater Credit Calculator CTAs | email capture block wired to /api/email-signup | FL regulator/contact module | Frequently asked questions in Clearwater | links to strongest matching /browse/ category pages,Published static city page; enhance after signal-led batches.
45.77,T4 - full rollout,Georgia,Forest Park,GA,forest-park-ga,https://www.creditdoc.co/city/forest-park-ga/,"Credit Repair & Financial Services in Forest Park, GA (2026)",1577,10,0,0,,False,True,Forest Park Credit Repair Quiz / Forest Park Credit Calculator CTAs | email capture block wired to /api/email-signup | GA regulator/contact module | Frequently asked questions in Forest Park | links to strongest matching /browse/ category pages,Published static city page; enhance after signal-led batches.
45.77,T4 - full rollout,National,West Allis,WI,west-allis-wi,https://www.creditdoc.co/city/west-allis-wi/,"Credit Repair & Financial Services in West Allis, WI (2026)",1577,10,0,0,,False,True,West Allis Credit Repair Quiz / West Allis Credit Calculator CTAs | email capture block wired to /api/email-signup | WI regulator/contact module | Frequently asked questions in West Allis | links to strongest matching /browse/ category pages,Published static city page; enhance after signal-led batches.
45.53,T4 - full rollout,California,Torrance,CA,torrance-ca,https://www.creditdoc.co/city/torrance-ca/,"Credit Repair & Financial Services in Torrance, CA (2026)",1553,10,0,0,,False,True,Torrance Credit Repair Quiz / Torrance Credit Calculator CTAs | email capture block wired to /api/email-signup | CA regulator/contact module | Frequently asked questions in Torrance | links to strongest matching /browse/ category pages,Published static city page; enhance after signal-led batches.
45.39,T4 - full rollout,California,Modesto,CA,modesto-ca,https://www.creditdoc.co/city/modesto-ca/,"Credit Repair & Financial Services in Modesto, CA (2026)",1539,10,0,0,,False,True,Modesto Credit Repair Quiz / Modesto Credit Calculator CTAs | email capture block wired to /api/email-signup | CA regulator/contact module | Frequently asked questions in Modesto | links to strongest matching /browse/ category pages,Published static city page; enhance after signal-led batches.
45.08,T4 - full rollout,National,Dublin,OH,dublin-oh,https://www.creditdoc.co/city/dublin-oh/,"Credit Repair & Financial Services in Dublin, OH (2026)",1508,10,0,0,,False,True,Dublin Credit Repair Quiz / Dublin Credit Calculator CTAs | email capture block wired to /api/email-signup | OH regulator/contact module | Frequently asked questions in Dublin | links to strongest matching /browse/ category pages,Published static city page; enhance after signal-led batches.
44.98,T4 - full rollout,National,Dearborn Heights,MI,dearborn-heights-mi,https://www.creditdoc.co/city/dearborn-heights-mi/,"Credit Repair & Financial Services in Dearborn Heights, MI",1498,10,0,0,,False,True,Dearborn Heights Credit Repair Quiz / Dearborn Heights Credit Calculator CTAs | email capture block wired to /api/email-signup | MI regulator/contact module | Frequently asked questions in Dearborn Heights | links to strongest matching /browse/ category pages,Published static city page; enhance after signal-led batches.
44.93,T4 - full rollout,California,Fremont,CA,fremont-ca,https://www.creditdoc.co/city/fremont-ca/,"Credit Repair & Financial Services in Fremont, CA (2026)",1493,10,0,0,,False,True,Fremont Credit Repair Quiz / Fremont Credit Calculator CTAs | email capture block wired to /api/email-signup | CA regulator/contact module | Frequently asked questions in Fremont | links to strongest matching /browse/ category pages,Published static city page; enhance after signal-led batches.
44.90,T4 - full rollout,National,Bethlehem,PA,bethlehem-pa,https://www.creditdoc.co/city/bethlehem-pa/,"Credit Repair & Financial Services in Bethlehem, PA (2026)",1490,10,0,0,,False,True,Bethlehem Credit Repair Quiz / Bethlehem Credit Calculator CTAs | email capture block wired to /api/email-signup | PA regulator/contact module | Frequently asked questions in Bethlehem | links to strongest matching /browse/ category pages,Published static city page; enhance after signal-led batches.
44.79,T4 - full rollout,National,Springfield,IL,springfield-il,https://www.creditdoc.co/city/springfield-il/,"Credit Repair & Financial Services in Springfield, IL (2026)",1479,10,0,0,,False,True,Springfield Credit Repair Quiz / Springfield Credit Calculator CTAs | email capture block wired to /api/email-signup | IL regulator/contact module | Frequently asked questions in Springfield | links to strongest matching /browse/ category pages,Published static city page; enhance after signal-led batches.
44.77,T4 - full rollout,National,Everett,WA,everett-wa,https://www.creditdoc.co/city/everett-wa/,"Credit Repair & Financial Services in Everett, WA (2026)",1477,10,0,0,,False,True,Everett Credit Repair Quiz / Everett Credit Calculator CTAs | email capture block wired to /api/email-signup | WA regulator/contact module | Frequently asked questions in Everett | links to strongest matching /browse/ category pages,Published static city page; enhance after signal-led batches.
44.74,T4 - full rollout,Texas,Lancaster,TX,lancaster-tx,https://www.creditdoc.co/city/lancaster-tx/,"Credit Repair & Financial Services in Lancaster, TX (2026)",1474,10,0,0,,False,True,Lancaster Credit Repair Quiz / Lancaster Credit Calculator CTAs | email capture block wired to /api/email-signup | TX regulator/contact module | Frequently asked questions in Lancaster | links to strongest matching /browse/ category pages,Published static city page; enhance after signal-led batches.
44.72,T4 - full rollout,National,Aurora,IL,aurora-il,https://www.creditdoc.co/city/aurora-il/,"Credit Repair & Financial Services in Aurora, IL (2026)",1472,10,0,0,,False,True,Aurora Credit Repair Quiz / Aurora Credit Calculator CTAs | email capture block wired to /api/email-signup | IL regulator/contact module | Frequently asked questions in Aurora | links to strongest matching /browse/ category pages,Published static city page; enhance after signal-led batches.
44.71,T4 - full rollout,Texas,Cedar Park,TX,cedar-park-tx,https://www.creditdoc.co/city/cedar-park-tx/,"Credit Repair & Financial Services in Cedar Park, TX (2026)",1471,10,0,0,,False,True,Cedar Park Credit Repair Quiz / Cedar Park Credit Calculator CTAs | email capture block wired to /api/email-signup | TX regulator/contact module | Frequently asked questions in Cedar Park | links to strongest matching /browse/ category pages,Published static city page; enhance after signal-led batches.
44.70,T4 - full rollout,National,Dubuque,IA,dubuque-ia,https://www.creditdoc.co/city/dubuque-ia/,"Credit Repair & Financial Services in Dubuque, IA (2026)",1470,10,0,0,,False,True,Dubuque Credit Repair Quiz / Dubuque Credit Calculator CTAs | email capture block wired to /api/email-signup | IA regulator/contact module | Frequently asked questions in Dubuque | links to strongest matching /browse/ category pages,Published static city page; enhance after signal-led batches.
44.68,T4 - full rollout,National,Reading,PA,reading-pa,https://www.creditdoc.co/city/reading-pa/,"Credit Repair & Financial Services in Reading, PA (2026)",1468,10,0,0,,False,True,Reading Credit Repair Quiz / Reading Credit Calculator CTAs | email capture block wired to /api/email-signup | PA regulator/contact module | Frequently asked questions in Reading | links to strongest matching /browse/ category pages,Published static city page; enhance after signal-led batches.
44.68,T4 - full rollout,Texas,Universal City,TX,universal-city-tx,https://www.creditdoc.co/city/universal-city-tx/,"Credit Repair & Financial Services in Universal City, TX",1468,10,0,0,,False,True,Universal City Credit Repair Quiz / Universal City Credit Calculator CTAs | email capture block wired to /api/email-signup | TX regulator/contact module | Frequently asked questions in Universal City | links to strongest matching /browse/ category pages,Published static city page; enhance after signal-led batches.
44.67,T4 - full rollout,Texas,Pflugerville,TX,pflugerville-tx,https://www.creditdoc.co/city/pflugerville-tx/,"Credit Repair & Financial Services in Pflugerville, TX",1467,10,0,0,,False,True,Pflugerville Credit Repair Quiz / Pflugerville Credit Calculator CTAs | email capture block wired to /api/email-signup | TX regulator/contact module | Frequently asked questions in Pflugerville | links to strongest matching /browse/ category pages,Published static city page; enhance after signal-led batches.
44.67,T4 - full rollout,California,South Gate,CA,south-gate-ca,https://www.creditdoc.co/city/south-gate-ca/,"Credit Repair & Financial Services in South Gate, CA (2026)",1467,10,0,0,,False,True,South Gate Credit Repair Quiz / South Gate Credit Calculator CTAs | email capture block wired to /api/email-signup | CA regulator/contact module | Frequently asked questions in South Gate | links to strongest matching /browse/ category pages,Published static city page; enhance after signal-led batches.
44.63,T4 - full rollout,National,Gretna,LA,gretna-la,https://www.creditdoc.co/city/gretna-la/,"Credit Repair & Financial Services in Gretna, LA (2026)",1463,10,0,0,,False,True,Gretna Credit Repair Quiz / Gretna Credit Calculator CTAs | email capture block wired to /api/email-signup | LA regulator/contact module | Frequently asked questions in Gretna | links to strongest matching /browse/ category pages,Published static city page; enhance after signal-led batches.
44.62,T4 - full rollout,Texas,Stafford,TX,stafford-tx,https://www.creditdoc.co/city/stafford-tx/,"Credit Repair & Financial Services in Stafford, TX (2026)",1462,10,0,0,,False,True,Stafford Credit Repair Quiz / Stafford Credit Calculator CTAs | email capture block wired to /api/email-signup | TX regulator/contact module | Frequently asked questions in Stafford | links to strongest matching /browse/ category pages,Published static city page; enhance after signal-led batches.
44.61,T4 - full rollout,National,Covington,LA,covington-la,https://www.creditdoc.co/city/covington-la/,"Credit Repair & Financial Services in Covington, LA (2026)",1461,10,0,0,,False,True,Covington Credit Repair Quiz / Covington Credit Calculator CTAs | email capture block wired to /api/email-signup | LA regulator/contact module | Frequently asked questions in Covington | links to strongest matching /browse/ category pages,Published static city page; enhance after signal-led batches.
44.61,T4 - full rollout,National,Shreveport,LA,shreveport-la,https://www.creditdoc.co/city/shreveport-la/,"Credit Repair & Financial Services in Shreveport, LA (2026)",1461,10,0,0,,False,True,Shreveport Credit Repair Quiz / Shreveport Credit Calculator CTAs | email capture block wired to /api/email-signup | LA regulator/contact module | Frequently asked questions in Shreveport | links to strongest matching /browse/ category pages,Published static city page; enhance after signal-led batches.
44.60,T4 - full rollout,Texas,Katy,TX,katy-tx,https://www.creditdoc.co/city/katy-tx/,"Credit Repair & Financial Services in Katy, TX (2026)",1460,10,0,0,,False,True,Katy Credit Repair Quiz / Katy Credit Calculator CTAs | email capture block wired to /api/email-signup | TX regulator/contact module | Frequently asked questions in Katy | links to strongest matching /browse/ category pages,Published static city page; enhance after signal-led batches.
44.57,T4 - full rollout,National,Winston Salem,NC,winston-salem-nc,https://www.creditdoc.co/city/winston-salem-nc/,"Credit Repair & Financial Services in Winston Salem, NC",1457,10,0,0,,False,True,Winston Salem Credit Repair Quiz / Winston Salem Credit Calculator CTAs | email capture block wired to /api/email-signup | NC regulator/contact module | Frequently asked questions in Winston Salem | links to strongest matching /browse/ category pages,Published static city page; enhance after signal-led batches.
44.55,T4 - full rollout,National,Jenkintown,PA,jenkintown-pa,https://www.creditdoc.co/city/jenkintown-pa/,"Credit Repair & Financial Services in Jenkintown, PA (2026)",1455,10,0,0,,False,True,Jenkintown Credit Repair Quiz / Jenkintown Credit Calculator CTAs | email capture block wired to /api/email-signup | PA regulator/contact module | Frequently asked questions in Jenkintown | links to strongest matching /browse/ category pages,Published static city page; enhance after signal-led batches.
44.54,T4 - full rollout,National,Hermitage,TN,hermitage-tn,https://www.creditdoc.co/city/hermitage-tn/,"Credit Repair & Financial Services in Hermitage, TN (2026)",1454,10,0,0,,False,True,Hermitage Credit Repair Quiz / Hermitage Credit Calculator CTAs | email capture block wired to /api/email-signup | TN regulator/contact module | Frequently asked questions in Hermitage | links to strongest matching /browse/ category pages,Published static city page; enhance after signal-led batches.
44.53,T4 - full rollout,National,Alexandria,LA,alexandria-la,https://www.creditdoc.co/city/alexandria-la/,"Credit Repair & Financial Services in Alexandria, LA (2026)",1453,10,0,0,,False,True,Alexandria Credit Repair Quiz / Alexandria Credit Calculator CTAs | email capture block wired to /api/email-signup | LA regulator/contact module | Frequently asked questions in Alexandria | links to strongest matching /browse/ category pages,Published static city page; enhance after signal-led batches.
44.53,T4 - full rollout,California,Walnut Creek,CA,walnut-creek-ca,https://www.creditdoc.co/city/walnut-creek-ca/,"Credit Repair & Financial Services in Walnut Creek, CA",1453,10,0,0,,False,True,Walnut Creek Credit Repair Quiz / Walnut Creek Credit Calculator CTAs | email capture block wired to /api/email-signup | CA regulator/contact module | Frequently asked questions in Walnut Creek | links to strongest matching /browse/ category pages,Published static city page; enhance after signal-led batches.
44.50,T4 - full rollout,National,Taylor,MI,taylor-mi,https://www.creditdoc.co/city/taylor-mi/,"Credit Repair & Financial Services in Taylor, MI (2026)",1450,10,0,0,,False,True,Taylor Credit Repair Quiz / Taylor Credit Calculator CTAs | email capture block wired to /api/email-signup | MI regulator/contact module | Frequently asked questions in Taylor | links to strongest matching /browse/ category pages,Published static city page; enhance after signal-led batches.
44.48,T4 - full rollout,National,Livonia,MI,livonia-mi,https://www.creditdoc.co/city/livonia-mi/,"Credit Repair & Financial Services in Livonia, MI (2026)",1448,10,0,0,,False,True,Livonia Credit Repair Quiz / Livonia Credit Calculator CTAs | email capture block wired to /api/email-signup | MI regulator/contact module | Frequently asked questions in Livonia | links to strongest matching /browse/ category pages,Published static city page; enhance after signal-led batches.
44.46,T4 - full rollout,National,Green Bay,WI,green-bay-wi,https://www.creditdoc.co/city/green-bay-wi/,"Credit Repair & Financial Services in Green Bay, WI (2026)",1446,10,0,0,,False,True,Green Bay Credit Repair Quiz / Green Bay Credit Calculator CTAs | email capture block wired to /api/email-signup | WI regulator/contact module | Frequently asked questions in Green Bay | links to strongest matching /browse/ category pages,Published static city page; enhance after signal-led batches.
44.46,T4 - full rollout,National,Westland,MI,westland-mi,https://www.creditdoc.co/city/westland-mi/,"Credit Repair & Financial Services in Westland, MI (2026)",1446,10,0,0,,False,True,Westland Credit Repair Quiz / Westland Credit Calculator CTAs | email capture block wired to /api/email-signup | MI regulator/contact module | Frequently asked questions in Westland | links to strongest matching /browse/ category pages,Published static city page; enhance after signal-led batches.
44.45,T4 - full rollout,Georgia,Tucker,GA,tucker-ga,https://www.creditdoc.co/city/tucker-ga/,"Credit Repair & Financial Services in Tucker, GA (2026)",1445,10,0,0,,False,True,Tucker Credit Repair Quiz / Tucker Credit Calculator CTAs | email capture block wired to /api/email-signup | GA regulator/contact module | Frequently asked questions in Tucker | links to strongest matching /browse/ category pages,Published static city page; enhance after signal-led batches.
44.42,T4 - full rollout,National,Norwood,OH,norwood-oh,https://www.creditdoc.co/city/norwood-oh/,"Credit Repair & Financial Services in Norwood, OH (2026)",1442,10,0,0,,False,True,Norwood Credit Repair Quiz / Norwood Credit Calculator CTAs | email capture block wired to /api/email-signup | OH regulator/contact module | Frequently asked questions in Norwood | links to strongest matching /browse/ category pages,Published static city page; enhance after signal-led batches.
44.39,T4 - full rollout,National,Lafayette,LA,lafayette-la,https://www.creditdoc.co/city/lafayette-la/,"Credit Repair & Financial Services in Lafayette, LA (2026)",1439,10,0,0,,False,True,Lafayette Credit Repair Quiz / Lafayette Credit Calculator CTAs | email capture block wired to /api/email-signup | LA regulator/contact module | Frequently asked questions in Lafayette | links to strongest matching /browse/ category pages,Published static city page; enhance after signal-led batches.
44.39,T4 - full rollout,National,Longview,WA,longview-wa,https://www.creditdoc.co/city/longview-wa/,"Credit Repair & Financial Services in Longview, WA (2026)",1439,10,0,0,,False,True,Longview Credit Repair Quiz / Longview Credit Calculator CTAs | email capture block wired to /api/email-signup | WA regulator/contact module | Frequently asked questions in Longview | links to strongest matching /browse/ category pages,Published static city page; enhance after signal-led batches.
44.38,T4 - full rollout,National,Goodyear,AZ,goodyear-az,https://www.creditdoc.co/city/goodyear-az/,"Credit Repair & Financial Services in Goodyear, AZ (2026)",1438,10,0,0,,False,True,Goodyear Credit Repair Quiz / Goodyear Credit Calculator CTAs | email capture block wired to /api/email-signup | AZ regulator/contact module | Frequently asked questions in Goodyear | links to strongest matching /browse/ category pages,Published static city page; enhance after signal-led batches.
44.38,T4 - full rollout,National,Jackson,TN,jackson-tn,https://www.creditdoc.co/city/jackson-tn/,"Credit Repair & Financial Services in Jackson, TN (2026)",1438,10,0,0,,False,True,Jackson Credit Repair Quiz / Jackson Credit Calculator CTAs | email capture block wired to /api/email-signup | TN regulator/contact module | Frequently asked questions in Jackson | links to strongest matching /browse/ category pages,Published static city page; enhance after signal-led batches.
44.36,T4 - full rollout,Texas,Bedford,TX,bedford-tx,https://www.creditdoc.co/city/bedford-tx/,"Credit Repair & Financial Services in Bedford, TX (2026)",1436,10,0,0,,False,True,Bedford Credit Repair Quiz / Bedford Credit Calculator CTAs | email capture block wired to /api/email-signup | TX regulator/contact module | Frequently asked questions in Bedford | links to strongest matching /browse/ category pages,Published static city page; enhance after signal-led batches.
44.34,T4 - full rollout,National,Worcester,MA,worcester-ma,https://www.creditdoc.co/city/worcester-ma/,"Credit Repair & Financial Services in Worcester, MA (2026)",1434,10,0,0,,False,True,Worcester Credit Repair Quiz / Worcester Credit Calculator CTAs | email capture block wired to /api/email-signup | MA regulator/contact module | Frequently asked questions in Worcester | links to strongest matching /browse/ category pages,Published static city page; enhance after signal-led batches.
44.33,T4 - full rollout,National,Chesapeake,VA,chesapeake-va,https://www.creditdoc.co/city/chesapeake-va/,"Credit Repair & Financial Services in Chesapeake, VA (2026)",1433,10,0,0,,False,True,Chesapeake Credit Repair Quiz / Chesapeake Credit Calculator CTAs | email capture block wired to /api/email-signup | VA regulator/contact module | Frequently asked questions in Chesapeake | links to strongest matching /browse/ category pages,Published static city page; enhance after signal-led batches.
44.32,T4 - full rollout,National,Pueblo,CO,pueblo-co,https://www.creditdoc.co/city/pueblo-co/,"Credit Repair & Financial Services in Pueblo, CO (2026)",1432,10,0,0,,False,True,Pueblo Credit Repair Quiz / Pueblo Credit Calculator CTAs | email capture block wired to /api/email-signup | CO regulator/contact module | Frequently asked questions in Pueblo | links to strongest matching /browse/ category pages,Published static city page; enhance after signal-led batches.
44.31,T4 - full rollout,National,Stamford,CT,stamford-ct,https://www.creditdoc.co/city/stamford-ct/,"Credit Repair & Financial Services in Stamford, CT (2026)",1431,10,0,0,,False,True,Stamford Credit Repair Quiz / Stamford Credit Calculator CTAs | email capture block wired to /api/email-signup | CT regulator/contact module | Frequently asked questions in Stamford | links to strongest matching /browse/ category pages,Published static city page; enhance after signal-led batches.
44.29,T4 - full rollout,National,Paducah,KY,paducah-ky,https://www.creditdoc.co/city/paducah-ky/,"Credit Repair & Financial Services in Paducah, KY (2026)",1429,10,0,0,,False,True,Paducah Credit Repair Quiz / Paducah Credit Calculator CTAs | email capture block wired to /api/email-signup | KY regulator/contact module | Frequently asked questions in Paducah | links to strongest matching /browse/ category pages,Published static city page; enhance after signal-led batches.
44.28,T4 - full rollout,National,Beaverton,OR,beaverton-or,https://www.creditdoc.co/city/beaverton-or/,"Credit Repair & Financial Services in Beaverton, OR (2026)",1428,10,0,0,,False,True,Beaverton Credit Repair Quiz / Beaverton Credit Calculator CTAs | email capture block wired to /api/email-signup | OR regulator/contact module | Frequently asked questions in Beaverton | links to strongest matching /browse/ category pages,Published static city page; enhance after signal-led batches.
44.27,T4 - full rollout,National,West Memphis,AR,west-memphis-ar,https://www.creditdoc.co/city/west-memphis-ar/,"Credit Repair & Financial Services in West Memphis, AR",1427,10,0,0,,False,True,West Memphis Credit Repair Quiz / West Memphis Credit Calculator CTAs | email capture block wired to /api/email-signup | AR regulator/contact module | Frequently asked questions in West Memphis | links to strongest matching /browse/ category pages,Published static city page; enhance after signal-led batches.
44.25,T4 - full rollout,National,Bellingham,WA,bellingham-wa,https://www.creditdoc.co/city/bellingham-wa/,"Credit Repair & Financial Services in Bellingham, WA (2026)",1425,10,0,0,,False,True,Bellingham Credit Repair Quiz / Bellingham Credit Calculator CTAs | email capture block wired to /api/email-signup | WA regulator/contact module | Frequently asked questions in Bellingham | links to strongest matching /browse/ category pages,Published static city page; enhance after signal-led batches.
44.24,T4 - full rollout,National,Somerville,MA,somerville-ma,https://www.creditdoc.co/city/somerville-ma/,"Credit Repair & Financial Services in Somerville, MA (2026)",1424,10,0,0,,False,True,Somerville Credit Repair Quiz / Somerville Credit Calculator CTAs | email capture block wired to /api/email-signup | MA regulator/contact module | Frequently asked questions in Somerville | links to strongest matching /browse/ category pages,Published static city page; enhance after signal-led batches.
44.16,T4 - full rollout,National,Taunton,MA,taunton-ma,https://www.creditdoc.co/city/taunton-ma/,"Credit Repair & Financial Services in Taunton, MA (2026)",1416,10,0,0,,False,True,Taunton Credit Repair Quiz / Taunton Credit Calculator CTAs | email capture block wired to /api/email-signup | MA regulator/contact module | Frequently asked questions in Taunton | links to strongest matching /browse/ category pages,Published static city page; enhance after signal-led batches.
44.14,T4 - full rollout,Florida,Pensacola,FL,pensacola-fl,https://www.creditdoc.co/city/pensacola-fl/,"Credit Repair & Financial Services in Pensacola, FL (2026)",1414,10,0,0,,False,True,Pensacola Credit Repair Quiz / Pensacola Credit Calculator CTAs | email capture block wired to /api/email-signup | FL regulator/contact module | Frequently asked questions in Pensacola | links to strongest matching /browse/ category pages,Published static city page; enhance after signal-led batches.
44.09,T4 - full rollout,National,Abbeville,LA,abbeville-la,https://www.creditdoc.co/city/abbeville-la/,"Credit Repair & Financial Services in Abbeville, LA (2026)",1409,10,0,0,,False,True,Abbeville Credit Repair Quiz / Abbeville Credit Calculator CTAs | email capture block wired to /api/email-signup | LA regulator/contact module | Frequently asked questions in Abbeville | links to strongest matching /browse/ category pages,Published static city page; enhance after signal-led batches.
44.09,T4 - full rollout,National,Lawton,OK,lawton-ok,https://www.creditdoc.co/city/lawton-ok/,"Credit Repair & Financial Services in Lawton, OK (2026)",1409,10,0,0,,False,True,Lawton Credit Repair Quiz / Lawton Credit Calculator CTAs | email capture block wired to /api/email-signup | OK regulator/contact module | Frequently asked questions in Lawton | links to strongest matching /browse/ category pages,Published static city page; enhance after signal-led batches.
44.09,T4 - full rollout,National,Spokane,WA,spokane-wa,https://www.creditdoc.co/city/spokane-wa/,"Credit Repair & Financial Services in Spokane, WA (2026)",1409,10,0,0,,False,True,Spokane Credit Repair Quiz / Spokane Credit Calculator CTAs | email capture block wired to /api/email-signup | WA regulator/contact module | Frequently asked questions in Spokane | links to strongest matching /browse/ category pages,Published static city page; enhance after signal-led batches.
44.08,T4 - full rollout,Texas,Paris,TX,paris-tx,https://www.creditdoc.co/city/paris-tx/,"Credit Repair & Financial Services in Paris, TX (2026)",1408,10,0,0,,False,True,Paris Credit Repair Quiz / Paris Credit Calculator CTAs | email capture block wired to /api/email-signup | TX regulator/contact module | Frequently asked questions in Paris | links to strongest matching /browse/ category pages,Published static city page; enhance after signal-led batches.
44.06,T4 - full rollout,Texas,Midland,TX,midland-tx,https://www.creditdoc.co/city/midland-tx/,"Credit Repair & Financial Services in Midland, TX (2026)",1406,10,0,0,,False,True,Midland Credit Repair Quiz / Midland Credit Calculator CTAs | email capture block wired to /api/email-signup | TX regulator/contact module | Frequently asked questions in Midland | links to strongest matching /browse/ category pages,Published static city page; enhance after signal-led batches.
44.02,T4 - full rollout,California,West Sacramento,CA,west-sacramento-ca,https://www.creditdoc.co/city/west-sacramento-ca/,"Credit Repair & Financial Services in West Sacramento, CA",1402,10,0,0,,False,True,West Sacramento Credit Repair Quiz / West Sacramento Credit Calculator CTAs | email capture block wired to /api/email-signup | CA regulator/contact module | Frequently asked questions in West Sacramento | links to strongest matching /browse/ category pages,Published static city page; enhance after signal-led batches.
43.99,T4 - full rollout,National,Olympia,WA,olympia-wa,https://www.creditdoc.co/city/olympia-wa/,"Credit Repair & Financial Services in Olympia, WA (2026)",1399,10,0,0,,False,True,Olympia Credit Repair Quiz / Olympia Credit Calculator CTAs | email capture block wired to /api/email-signup | WA regulator/contact module | Frequently asked questions in Olympia | links to strongest matching /browse/ category pages,Published static city page; enhance after signal-led batches.
43.97,T4 - full rollout,National,Augusta,ME,augusta-me,https://www.creditdoc.co/city/augusta-me/,"Credit Repair & Financial Services in Augusta, ME (2026)",1397,10,0,0,,False,True,Augusta Credit Repair Quiz / Augusta Credit Calculator CTAs | email capture block wired to /api/email-signup | ME regulator/contact module | Frequently asked questions in Augusta | links to strongest matching /browse/ category pages,Published static city page; enhance after signal-led batches.
43.91,T4 - full rollout,National,Hoboken,NJ,hoboken-nj,https://www.creditdoc.co/city/hoboken-nj/,"Credit Repair & Financial Services in Hoboken, NJ (2026)",1391,10,0,0,,False,True,Hoboken Credit Repair Quiz / Hoboken Credit Calculator CTAs | email capture block wired to /api/email-signup | NJ regulator/contact module | Frequently asked questions in Hoboken | links to strongest matching /browse/ category pages,Published static city page; enhance after signal-led batches.
43.86,T4 - full rollout,National,Cullman,AL,cullman-al,https://www.creditdoc.co/city/cullman-al/,"Credit Repair & Financial Services in Cullman, AL (2026)",1386,10,0,0,,False,True,Cullman Credit Repair Quiz / Cullman Credit Calculator CTAs | email capture block wired to /api/email-signup | AL regulator/contact module | Frequently asked questions in Cullman | links to strongest matching /browse/ category pages,Published static city page; enhance after signal-led batches.
43.83,T4 - full rollout,National,Hilo,HI,hilo-hi,https://www.creditdoc.co/city/hilo-hi/,"Credit Repair & Financial Services in Hilo, HI (2026)",1383,10,0,0,,False,True,Hilo Credit Repair Quiz / Hilo Credit Calculator CTAs | email capture block wired to /api/email-signup | HI regulator/contact module | Frequently asked questions in Hilo | links to strongest matching /browse/ category pages,Published static city page; enhance after signal-led batches.
43.78,T4 - full rollout,Texas,Saginaw,TX,saginaw-tx,https://www.creditdoc.co/city/saginaw-tx/,"Credit Repair & Financial Services in Saginaw, TX (2026)",1378,10,0,0,,False,True,Saginaw Credit Repair Quiz / Saginaw Credit Calculator CTAs | email capture block wired to /api/email-signup | TX regulator/contact module | Frequently asked questions in Saginaw | links to strongest matching /browse/ category pages,Published static city page; enhance after signal-led batches.
43.76,T4 - full rollout,National,Lawrence,MA,lawrence-ma,https://www.creditdoc.co/city/lawrence-ma/,"Credit Repair & Financial Services in Lawrence, MA (2026)",1376,10,0,0,,False,True,Lawrence Credit Repair Quiz / Lawrence Credit Calculator CTAs | email capture block wired to /api/email-signup | MA regulator/contact module | Frequently asked questions in Lawrence | links to strongest matching /browse/ category pages,Published static city page; enhance after signal-led batches.
43.65,T4 - full rollout,National,Champaign,IL,champaign-il,https://www.creditdoc.co/city/champaign-il/,"Credit Repair & Financial Services in Champaign, IL (2026)",1365,10,0,0,,False,True,Champaign Credit Repair Quiz / Champaign Credit Calculator CTAs | email capture block wired to /api/email-signup | IL regulator/contact module | Frequently asked questions in Champaign | links to strongest matching /browse/ category pages,Published static city page; enhance after signal-led batches.
43.25,T4 - full rollout,National,Westminster,CO,westminster-co,https://www.creditdoc.co/city/westminster-co/,"Credit Repair & Financial Services in Westminster, CO (2026)",1625,9,0,0,,False,True,Westminster Credit Repair Quiz / Westminster Credit Calculator CTAs | email capture block wired to /api/email-signup | CO regulator/contact module | Frequently asked questions in Westminster | links to strongest matching /browse/ category pages,Published static city page; enhance after signal-led batches.
39.70,T4 - full rollout,National,Parkersburg,WV,parkersburg-wv,https://www.creditdoc.co/city/parkersburg-wv/,"Credit Repair & Financial Services in Parkersburg, WV (2026)",1570,8,0,0,,False,True,Parkersburg Credit Repair Quiz / Parkersburg Credit Calculator CTAs | email capture block wired to /api/email-signup | WV regulator/contact module | Frequently asked questions in Parkersburg | links to strongest matching /browse/ category pages,Published static city page; enhance after signal-led batches.
39.38,T4 - full rollout,National,Avondale,AZ,avondale-az,https://www.creditdoc.co/city/avondale-az/,"Credit Repair & Financial Services in Avondale, AZ (2026)",1538,8,0,0,,False,True,Avondale Credit Repair Quiz / Avondale Credit Calculator CTAs | email capture block wired to /api/email-signup | AZ regulator/contact module | Frequently asked questions in Avondale | links to strongest matching /browse/ category pages,Published static city page; enhance after signal-led batches.
39.14,T4 - full rollout,Florida,Miami Lakes,FL,miami-lakes-fl,https://www.creditdoc.co/city/miami-lakes-fl/,"Credit Repair & Financial Services in Miami Lakes, FL (2026)",1514,8,0,0,,False,True,Miami Lakes Credit Repair Quiz / Miami Lakes Credit Calculator CTAs | email capture block wired to /api/email-signup | FL regulator/contact module | Frequently asked questions in Miami Lakes | links to strongest matching /browse/ category pages,Published static city page; enhance after signal-led batches.
38.88,T4 - full rollout,National,Peoria,AZ,peoria-az,https://www.creditdoc.co/city/peoria-az/,"Credit Repair & Financial Services in Peoria, AZ (2026)",1488,8,0,0,,False,True,Peoria Credit Repair Quiz / Peoria Credit Calculator CTAs | email capture block wired to /api/email-signup | AZ regulator/contact module | Frequently asked questions in Peoria | links to strongest matching /browse/ category pages,Published static city page; enhance after signal-led batches.
38.82,T4 - full rollout,National,Fort Mill,SC,fort-mill-sc,https://www.creditdoc.co/city/fort-mill-sc/,"Credit Repair & Financial Services in Fort Mill, SC (2026)",1482,8,0,0,,False,True,Fort Mill Credit Repair Quiz / Fort Mill Credit Calculator CTAs | email capture block wired to /api/email-signup | SC regulator/contact module | Frequently asked questions in Fort Mill | links to strongest matching /browse/ category pages,Published static city page; enhance after signal-led batches.
38.72,T4 - full rollout,National,Bowling Green,KY,bowling-green-ky,https://www.creditdoc.co/city/bowling-green-ky/,"Credit Repair & Financial Services in Bowling Green, KY",1472,8,0,0,,False,True,Bowling Green Credit Repair Quiz / Bowling Green Credit Calculator CTAs | email capture block wired to /api/email-signup | KY regulator/contact module | Frequently asked questions in Bowling Green | links to strongest matching /browse/ category pages,Published static city page; enhance after signal-led batches.
38.53,T4 - full rollout,Texas,New Braunfels,TX,new-braunfels-tx,https://www.creditdoc.co/city/new-braunfels-tx/,"Credit Repair & Financial Services in New Braunfels, TX",1453,8,0,0,,False,True,New Braunfels Credit Repair Quiz / New Braunfels Credit Calculator CTAs | email capture block wired to /api/email-signup | TX regulator/contact module | Frequently asked questions in New Braunfels | links to strongest matching /browse/ category pages,Published static city page; enhance after signal-led batches.
38.47,T4 - full rollout,California,Stockton,CA,stockton-ca,https://www.creditdoc.co/city/stockton-ca/,"Credit Repair & Financial Services in Stockton, CA (2026)",1447,8,0,0,,False,True,Stockton Credit Repair Quiz / Stockton Credit Calculator CTAs | email capture block wired to /api/email-signup | CA regulator/contact module | Frequently asked questions in Stockton | links to strongest matching /browse/ category pages,Published static city page; enhance after signal-led batches.
38.38,T4 - full rollout,National,New Haven,CT,new-haven-ct,https://www.creditdoc.co/city/new-haven-ct/,"Credit Repair & Financial Services in New Haven, CT (2026)",1438,8,0,0,,False,True,New Haven Credit Repair Quiz / New Haven Credit Calculator CTAs | email capture block wired to /api/email-signup | CT regulator/contact module | Frequently asked questions in New Haven | links to strongest matching /browse/ category pages,Published static city page; enhance after signal-led batches.
38.32,T4 - full rollout,Texas,Duncanville,TX,duncanville-tx,https://www.creditdoc.co/city/duncanville-tx/,"Credit Repair & Financial Services in Duncanville, TX (2026)",1432,8,0,0,,False,True,Duncanville Credit Repair Quiz / Duncanville Credit Calculator CTAs | email capture block wired to /api/email-signup | TX regulator/contact module | Frequently asked questions in Duncanville | links to strongest matching /browse/ category pages,Published static city page; enhance after signal-led batches.
38.29,T4 - full rollout,National,Hammond,IN,hammond-in,https://www.creditdoc.co/city/hammond-in/,"Credit Repair & Financial Services in Hammond, IN (2026)",1429,8,0,0,,False,True,Hammond Credit Repair Quiz / Hammond Credit Calculator CTAs | email capture block wired to /api/email-signup | IN regulator/contact module | Frequently asked questions in Hammond | links to strongest matching /browse/ category pages,Published static city page; enhance after signal-led batches.
38.27,T4 - full rollout,Georgia,Stone Mountain,GA,stone-mountain-ga,https://www.creditdoc.co/city/stone-mountain-ga/,"Credit Repair & Financial Services in Stone Mountain, GA",1427,8,0,0,,False,True,Stone Mountain Credit Repair Quiz / Stone Mountain Credit Calculator CTAs | email capture block wired to /api/email-signup | GA regulator/contact module | Frequently asked questions in Stone Mountain | links to strongest matching /browse/ category pages,Published static city page; enhance after signal-led batches.
38.25,T4 - full rollout,National,Muncie,IN,muncie-in,https://www.creditdoc.co/city/muncie-in/,"Credit Repair & Financial Services in Muncie, IN (2026)",1425,8,0,0,,False,True,Muncie Credit Repair Quiz / Muncie Credit Calculator CTAs | email capture block wired to /api/email-signup | IN regulator/contact module | Frequently asked questions in Muncie | links to strongest matching /browse/ category pages,Published static city page; enhance after signal-led batches.
38.21,T4 - full rollout,Georgia,Jonesboro,GA,jonesboro-ga,https://www.creditdoc.co/city/jonesboro-ga/,"Credit Repair & Financial Services in Jonesboro, GA (2026)",1421,8,0,0,,False,True,Jonesboro Credit Repair Quiz / Jonesboro Credit Calculator CTAs | email capture block wired to /api/email-signup | GA regulator/contact module | Frequently asked questions in Jonesboro | links to strongest matching /browse/ category pages,Published static city page; enhance after signal-led batches.
37.96,T4 - full rollout,Texas,Burleson,TX,burleson-tx,https://www.creditdoc.co/city/burleson-tx/,"Credit Repair & Financial Services in Burleson, TX (2026)",1396,8,0,0,,False,True,Burleson Credit Repair Quiz / Burleson Credit Calculator CTAs | email capture block wired to /api/email-signup | TX regulator/contact module | Frequently asked questions in Burleson | links to strongest matching /browse/ category pages,Published static city page; enhance after signal-led batches.
37.91,T4 - full rollout,National,Covington,KY,covington-ky,https://www.creditdoc.co/city/covington-ky/,"Credit Repair & Financial Services in Covington, KY (2026)",1391,8,0,0,,False,True,Covington Credit Repair Quiz / Covington Credit Calculator CTAs | email capture block wired to /api/email-signup | KY regulator/contact module | Frequently asked questions in Covington | links to strongest matching /browse/ category pages,Published static city page; enhance after signal-led batches.
37.87,T4 - full rollout,California,Wilmington,CA,wilmington-ca,https://www.creditdoc.co/city/wilmington-ca/,"Credit Repair & Financial Services in Wilmington, CA (2026)",1387,8,0,0,,False,True,Wilmington Credit Repair Quiz / Wilmington Credit Calculator CTAs | email capture block wired to /api/email-signup | CA regulator/contact module | Frequently asked questions in Wilmington | links to strongest matching /browse/ category pages,Published static city page; enhance after signal-led batches.
37.78,T4 - full rollout,National,Cleveland Heights,OH,cleveland-heights-oh,https://www.creditdoc.co/city/cleveland-heights-oh/,"Credit Repair & Financial Services in Cleveland Heights, OH",1378,8,0,0,,False,True,Cleveland Heights Credit Repair Quiz / Cleveland Heights Credit Calculator CTAs | email capture block wired to /api/email-signup | OH regulator/contact module | Frequently asked questions in Cleveland Heights | links to strongest matching /browse/ category pages,Published static city page; enhance after signal-led batches.
37.74,T4 - full rollout,National,Fayetteville,AR,fayetteville-ar,https://www.creditdoc.co/city/fayetteville-ar/,"Credit Repair & Financial Services in Fayetteville, AR",1374,8,0,0,,False,True,Fayetteville Credit Repair Quiz / Fayetteville Credit Calculator CTAs | email capture block wired to /api/email-signup | AR regulator/contact module | Frequently asked questions in Fayetteville | links to strongest matching /browse/ category pages,Published static city page; enhance after signal-led batches.
37.66,T4 - full rollout,Florida,Macclenny,FL,macclenny-fl,https://www.creditdoc.co/city/macclenny-fl/,"Credit Repair & Financial Services in Macclenny, FL (2026)",1366,8,0,0,,False,True,Macclenny Credit Repair Quiz / Macclenny Credit Calculator CTAs | email capture block wired to /api/email-signup | FL regulator/contact module | Frequently asked questions in Macclenny | links to strongest matching /browse/ category pages,Published static city page; enhance after signal-led batches.
34.35,T4 - full rollout,California,Huntington Park,CA,huntington-park-ca,https://www.creditdoc.co/city/huntington-park-ca/,"Credit Repair & Financial Services in Huntington Park, CA",1635,6,0,0,,False,True,Huntington Park Credit Repair Quiz / Huntington Park Credit Calculator CTAs | email capture block wired to /api/email-signup | CA regulator/contact module | Frequently asked questions in Huntington Park | links to strongest matching /browse/ category pages,Published static city page; enhance after signal-led batches.
33.23,T4 - full rollout,California,La Jolla,CA,la-jolla-ca,https://www.creditdoc.co/city/la-jolla-ca/,"Credit Repair & Financial Services in La Jolla, CA (2026)",1523,6,0,0,,False,True,La Jolla Credit Repair Quiz / La Jolla Credit Calculator CTAs | email capture block wired to /api/email-signup | CA regulator/contact module | Frequently asked questions in La Jolla | links to strongest matching /browse/ category pages,Published static city page; enhance after signal-led batches.
32.53,T4 - full rollout,National,Newport,KY,newport-ky,https://www.creditdoc.co/city/newport-ky/,"Credit Repair & Financial Services in Newport, KY (2026)",1453,6,0,0,,False,True,Newport Credit Repair Quiz / Newport Credit Calculator CTAs | email capture block wired to /api/email-signup | KY regulator/contact module | Frequently asked questions in Newport | links to strongest matching /browse/ category pages,Published static city page; enhance after signal-led batches.
32.45,T4 - full rollout,National,Bremerton,WA,bremerton-wa,https://www.creditdoc.co/city/bremerton-wa/,"Credit Repair & Financial Services in Bremerton, WA (2026)",1445,6,0,0,,False,True,Bremerton Credit Repair Quiz / Bremerton Credit Calculator CTAs | email capture block wired to /api/email-signup | WA regulator/contact module | Frequently asked questions in Bremerton | links to strongest matching /browse/ category pages,Published static city page; enhance after signal-led batches.
32.41,T4 - full rollout,National,Great Falls,MT,great-falls-mt,https://www.creditdoc.co/city/great-falls-mt/,"Credit Repair & Financial Services in Great Falls, MT (2026)",1441,6,0,0,,False,True,Great Falls Credit Repair Quiz / Great Falls Credit Calculator CTAs | email capture block wired to /api/email-signup | MT regulator/contact module | Frequently asked questions in Great Falls | links to strongest matching /browse/ category pages,Published static city page; enhance after signal-led batches.
32.18,T4 - full rollout,National,Wauwatosa,WI,wauwatosa-wi,https://www.creditdoc.co/city/wauwatosa-wi/,"Credit Repair & Financial Services in Wauwatosa, WI (2026)",1418,6,0,0,,False,True,Wauwatosa Credit Repair Quiz / Wauwatosa Credit Calculator CTAs | email capture block wired to /api/email-signup | WI regulator/contact module | Frequently asked questions in Wauwatosa | links to strongest matching /browse/ category pages,Published static city page; enhance after signal-led batches.
31.64,T4 - full rollout,National,Indiana,PA,indiana-pa,https://www.creditdoc.co/city/indiana-pa/,"Credit Repair & Financial Services in Indiana, PA (2026)",1364,6,0,0,,False,True,Indiana Credit Repair Quiz / Indiana Credit Calculator CTAs | email capture block wired to /api/email-signup | PA regulator/contact module | Frequently asked questions in Indiana | links to strongest matching /browse/ category pages,Published static city page; enhance after signal-led batches.
