route_family,slug,url,title,h1,words,links,review_links,tool_links,answer_links,browse_links,has_form,borrowing_quiz_link
city,abbeville-la,https://www.creditdoc.co/city/abbeville-la/,"Credit Repair & Financial Services in Abbeville, LA (2026)",Credit Repair & Financial Services in Abbeville,1409,173,10,21,0,0,False,True
city,akron-oh,https://www.creditdoc.co/city/akron-oh/,"Credit Repair & Financial Services in Akron, OH (2026)",Credit Repair & Financial Services in Akron,1573,175,13,21,0,1,False,True
city,albuquerque-nm,https://www.creditdoc.co/city/albuquerque-nm/,"Credit Repair & Financial Services in Albuquerque, NM (2026)",Credit Repair & Financial Services in Albuquerque,3122,213,31,21,0,4,False,True
city,alexandria-la,https://www.creditdoc.co/city/alexandria-la/,"Credit Repair & Financial Services in Alexandria, LA (2026)",Credit Repair & Financial Services in Alexandria,1453,173,10,21,0,0,False,True
city,altoona-pa,https://www.creditdoc.co/city/altoona-pa/,"Credit Repair & Financial Services in Altoona, PA (2026)",Credit Repair & Financial Services in Altoona,1492,173,12,21,0,0,False,True
city,amarillo-tx,https://www.creditdoc.co/city/amarillo-tx/,"Credit Repair & Financial Services in Amarillo, TX (2026)",Credit Repair & Financial Services in Amarillo,1698,177,15,21,0,1,False,True
city,arlington-tx,https://www.creditdoc.co/city/arlington-tx/,"Credit Repair & Financial Services in Arlington, TX (2026)",Credit Repair & Financial Services in Arlington,3245,215,36,21,0,4,False,True
city,astoria-ny,https://www.creditdoc.co/city/astoria-ny/,"Credit Repair & Financial Services in Astoria, NY (2026)",Credit Repair & Financial Services in Astoria,1594,177,12,21,0,0,False,True
city,atlanta-ga,https://www.creditdoc.co/city/atlanta-ga/,"Credit Repair & Financial Services in Atlanta, GA (2026)",Credit Repair & Financial Services in Atlanta,5540,256,71,21,0,10,False,True
city,augusta-me,https://www.creditdoc.co/city/augusta-me/,"Credit Repair & Financial Services in Augusta, ME (2026)",Credit Repair & Financial Services in Augusta,1397,171,10,21,0,0,False,True
city,aurora-co,https://www.creditdoc.co/city/aurora-co/,"Credit Repair & Financial Services in Aurora, CO (2026)",Credit Repair & Financial Services in Aurora,2784,207,32,21,0,2,False,True
city,aurora-il,https://www.creditdoc.co/city/aurora-il/,"Credit Repair & Financial Services in Aurora, IL (2026)",Credit Repair & Financial Services in Aurora,1472,176,10,21,0,0,False,True
city,austin-tx,https://www.creditdoc.co/city/austin-tx/,"Credit Repair & Financial Services in Austin, TX (2026)",Credit Repair & Financial Services in Austin,5755,262,72,21,0,10,False,True
city,avondale-az,https://www.creditdoc.co/city/avondale-az/,"Credit Repair & Financial Services in Avondale, AZ (2026)",Credit Repair & Financial Services in Avondale,1538,175,8,21,0,0,False,True
city,bakersfield-ca,https://www.creditdoc.co/city/bakersfield-ca/,"Credit Repair & Financial Services in Bakersfield, CA (2026)",Credit Repair & Financial Services in Bakersfield,2656,203,31,21,0,3,False,True
city,baltimore-md,https://www.creditdoc.co/city/baltimore-md/,"Credit Repair & Financial Services in Baltimore, MD (2026)",Credit Repair & Financial Services in Baltimore,3704,226,44,21,0,5,False,True
city,bartlett-tn,https://www.creditdoc.co/city/bartlett-tn/,"Credit Repair & Financial Services in Bartlett, TN (2026)",Credit Repair & Financial Services in Bartlett,1853,184,17,21,0,1,False,True
city,baton-rouge-la,https://www.creditdoc.co/city/baton-rouge-la/,"Credit Repair & Financial Services in Baton Rouge, LA (2026)",Credit Repair & Financial Services in Baton Rouge,1962,184,18,21,0,1,False,True
city,beaverton-or,https://www.creditdoc.co/city/beaverton-or/,"Credit Repair & Financial Services in Beaverton, OR (2026)",Credit Repair & Financial Services in Beaverton,1428,175,10,21,0,0,False,True
city,bedford-tx,https://www.creditdoc.co/city/bedford-tx/,"Credit Repair & Financial Services in Bedford, TX (2026)",Credit Repair & Financial Services in Bedford,1436,173,10,21,0,0,False,True
city,bellingham-wa,https://www.creditdoc.co/city/bellingham-wa/,"Credit Repair & Financial Services in Bellingham, WA (2026)",Credit Repair & Financial Services in Bellingham,1425,173,10,21,0,0,False,True
city,bethlehem-pa,https://www.creditdoc.co/city/bethlehem-pa/,"Credit Repair & Financial Services in Bethlehem, PA (2026)",Credit Repair & Financial Services in Bethlehem,1490,175,10,21,0,0,False,True
city,beverly-hills-ca,https://www.creditdoc.co/city/beverly-hills-ca/,"Credit Repair & Financial Services in Beverly Hills, CA",Credit Repair & Financial Services in Beverly Hills,1986,183,16,21,0,1,False,True
city,birmingham-al,https://www.creditdoc.co/city/birmingham-al/,"Credit Repair & Financial Services in Birmingham, AL (2026)",Credit Repair & Financial Services in Birmingham,2176,189,22,21,0,3,False,True
city,boise-id,https://www.creditdoc.co/city/boise-id/,"Credit Repair & Financial Services in Boise, ID (2026)",Credit Repair & Financial Services in Boise,1742,179,12,21,0,0,False,True
city,boston-ma,https://www.creditdoc.co/city/boston-ma/,"Credit Repair & Financial Services in Boston, MA (2026)",Credit Repair & Financial Services in Boston,1695,179,14,21,0,0,False,True
city,bowling-green-ky,https://www.creditdoc.co/city/bowling-green-ky/,"Credit Repair & Financial Services in Bowling Green, KY",Credit Repair & Financial Services in Bowling Green,1472,175,8,21,0,0,False,True
city,brandon-fl,https://www.creditdoc.co/city/brandon-fl/,"Credit Repair & Financial Services in Brandon, FL (2026)",Credit Repair & Financial Services in Brandon,1827,181,11,21,0,1,False,True
city,bremerton-wa,https://www.creditdoc.co/city/bremerton-wa/,"Credit Repair & Financial Services in Bremerton, WA (2026)",Credit Repair & Financial Services in Bremerton,1445,175,6,21,0,0,False,True
city,bronx-ny,https://www.creditdoc.co/city/bronx-ny/,"Credit Repair & Financial Services in Bronx, NY (2026)",Credit Repair & Financial Services in Bronx,2229,192,21,21,0,1,False,True
city,brooklyn-ny,https://www.creditdoc.co/city/brooklyn-ny/,"Credit Repair & Financial Services in Brooklyn, NY (2026)",Credit Repair & Financial Services in Brooklyn,4948,246,64,21,0,7,False,True
city,buffalo-ny,https://www.creditdoc.co/city/buffalo-ny/,"Credit Repair & Financial Services in Buffalo, NY (2026)",Credit Repair & Financial Services in Buffalo,2059,188,21,21,0,0,False,True
city,burleson-tx,https://www.creditdoc.co/city/burleson-tx/,"Credit Repair & Financial Services in Burleson, TX (2026)",Credit Repair & Financial Services in Burleson,1396,173,8,21,0,0,False,True
city,butte-mt,https://www.creditdoc.co/city/butte-mt/,"Credit Repair & Financial Services in Butte, MT (2026)",Credit Repair & Financial Services in Butte,1585,175,10,21,0,0,False,True
city,camden-nj,https://www.creditdoc.co/city/camden-nj/,"Credit Repair & Financial Services in Camden, NJ (2026)",Credit Repair & Financial Services in Camden,1553,177,12,21,0,0,False,True
city,canton-oh,https://www.creditdoc.co/city/canton-oh/,"Credit Repair & Financial Services in Canton, OH (2026)",Credit Repair & Financial Services in Canton,1589,178,11,21,0,0,False,True
city,carrollton-tx,https://www.creditdoc.co/city/carrollton-tx/,"Credit Repair & Financial Services in Carrollton, TX (2026)",Credit Repair & Financial Services in Carrollton,1712,181,11,21,0,0,False,True
city,cedar-park-tx,https://www.creditdoc.co/city/cedar-park-tx/,"Credit Repair & Financial Services in Cedar Park, TX (2026)",Credit Repair & Financial Services in Cedar Park,1471,173,10,21,0,0,False,True
city,champaign-il,https://www.creditdoc.co/city/champaign-il/,"Credit Repair & Financial Services in Champaign, IL (2026)",Credit Repair & Financial Services in Champaign,1365,171,10,21,0,0,False,True
city,charlotte-nc,https://www.creditdoc.co/city/charlotte-nc/,"Credit Repair & Financial Services in Charlotte, NC (2026)",Credit Repair & Financial Services in Charlotte,5328,252,64,21,0,9,False,True
city,chattanooga-tn,https://www.creditdoc.co/city/chattanooga-tn/,"Credit Repair & Financial Services in Chattanooga, TN (2026)",Credit Repair & Financial Services in Chattanooga,1648,177,14,21,0,0,False,True
city,chesapeake-va,https://www.creditdoc.co/city/chesapeake-va/,"Credit Repair & Financial Services in Chesapeake, VA (2026)",Credit Repair & Financial Services in Chesapeake,1433,175,10,21,0,0,False,True
city,chicago-il,https://www.creditdoc.co/city/chicago-il/,"Credit Repair & Financial Services in Chicago, IL (2026)",Credit Repair & Financial Services in Chicago,6628,278,88,21,0,12,False,True
city,chula-vista-ca,https://www.creditdoc.co/city/chula-vista-ca/,"Credit Repair & Financial Services in Chula Vista, CA (2026)",Credit Repair & Financial Services in Chula Vista,2203,192,16,21,0,2,False,True
city,cincinnati-oh,https://www.creditdoc.co/city/cincinnati-oh/,"Credit Repair & Financial Services in Cincinnati, OH (2026)",Credit Repair & Financial Services in Cincinnati,3400,220,41,21,0,5,False,True
city,claymont-de,https://www.creditdoc.co/city/claymont-de/,"Credit Repair & Financial Services in Claymont, DE (2026)",Credit Repair & Financial Services in Claymont,1611,175,12,21,0,0,False,True
city,clearwater-fl,https://www.creditdoc.co/city/clearwater-fl/,"Credit Repair & Financial Services in Clearwater, FL (2026)",Credit Repair & Financial Services in Clearwater,1579,176,10,21,0,0,False,True
city,cleveland-heights-oh,https://www.creditdoc.co/city/cleveland-heights-oh/,"Credit Repair & Financial Services in Cleveland Heights, OH",Credit Repair & Financial Services in Cleveland Heights,1378,173,8,21,0,0,False,True
city,cleveland-oh,https://www.creditdoc.co/city/cleveland-oh/,"Credit Repair & Financial Services in Cleveland, OH (2026)",Credit Repair & Financial Services in Cleveland,3050,212,37,21,0,3,False,True
city,cleveland-tn,https://www.creditdoc.co/city/cleveland-tn/,"Credit Repair & Financial Services in Cleveland, TN (2026)",Credit Repair & Financial Services in Cleveland,1606,176,13,21,0,0,False,True
city,college-park-ga,https://www.creditdoc.co/city/college-park-ga/,"Credit Repair & Financial Services in College Park, GA",Credit Repair & Financial Services in College Park,1853,182,16,21,0,0,False,True
city,colorado-springs-co,https://www.creditdoc.co/city/colorado-springs-co/,"Credit Repair & Financial Services in Colorado Springs, CO",Credit Repair & Financial Services in Colorado Springs,3610,225,42,21,0,6,False,True
city,columbus-oh,https://www.creditdoc.co/city/columbus-oh/,"Credit Repair & Financial Services in Columbus, OH (2026)",Credit Repair & Financial Services in Columbus,5806,267,70,21,0,10,False,True
city,commerce-city-co,https://www.creditdoc.co/city/commerce-city-co/,"Credit Repair & Financial Services in Commerce City, CO",Credit Repair & Financial Services in Commerce City,1541,177,12,21,0,0,False,True
city,concord-nc,https://www.creditdoc.co/city/concord-nc/,"Credit Repair & Financial Services in Concord, NC (2026)",Credit Repair & Financial Services in Concord,1589,177,10,21,0,0,False,True
city,coral-gables-fl,https://www.creditdoc.co/city/coral-gables-fl/,"Credit Repair & Financial Services in Coral Gables, FL",Credit Repair & Financial Services in Coral Gables,2151,188,17,21,0,0,False,True
city,corpus-christi-tx,https://www.creditdoc.co/city/corpus-christi-tx/,"Credit Repair & Financial Services in Corpus Christi, TX",Credit Repair & Financial Services in Corpus Christi,1707,180,14,21,0,0,False,True
city,council-bluffs-ia,https://www.creditdoc.co/city/council-bluffs-ia/,"Credit Repair & Financial Services in Council Bluffs, IA",Credit Repair & Financial Services in Council Bluffs,1659,180,13,21,0,1,False,True
city,covington-ky,https://www.creditdoc.co/city/covington-ky/,"Credit Repair & Financial Services in Covington, KY (2026)",Credit Repair & Financial Services in Covington,1391,173,8,21,0,0,False,True
city,covington-la,https://www.creditdoc.co/city/covington-la/,"Credit Repair & Financial Services in Covington, LA (2026)",Credit Repair & Financial Services in Covington,1461,171,10,21,0,0,False,True
city,cullman-al,https://www.creditdoc.co/city/cullman-al/,"Credit Repair & Financial Services in Cullman, AL (2026)",Credit Repair & Financial Services in Cullman,1386,171,10,21,0,0,False,True
city,culver-city-ca,https://www.creditdoc.co/city/culver-city-ca/,"Credit Repair & Financial Services in Culver City, CA (2026)",Credit Repair & Financial Services in Culver City,1558,175,12,21,0,0,False,True
city,dallas-tx,https://www.creditdoc.co/city/dallas-tx/,"Credit Repair & Financial Services in Dallas, TX (2026)",Credit Repair & Financial Services in Dallas,5916,262,74,21,0,11,False,True
city,dayton-oh,https://www.creditdoc.co/city/dayton-oh/,"Credit Repair & Financial Services in Dayton, OH (2026)",Credit Repair & Financial Services in Dayton,1687,179,12,21,0,0,False,True
city,dearborn-heights-mi,https://www.creditdoc.co/city/dearborn-heights-mi/,"Credit Repair & Financial Services in Dearborn Heights, MI",Credit Repair & Financial Services in Dearborn Heights,1498,173,10,21,0,0,False,True
city,dearborn-mi,https://www.creditdoc.co/city/dearborn-mi/,"Credit Repair & Financial Services in Dearborn, MI (2026)",Credit Repair & Financial Services in Dearborn,1766,183,13,21,0,0,False,True
city,decatur-ga,https://www.creditdoc.co/city/decatur-ga/,"Credit Repair & Financial Services in Decatur, GA (2026)",Credit Repair & Financial Services in Decatur,2209,191,23,21,0,1,False,True
city,del-city-ok,https://www.creditdoc.co/city/del-city-ok/,"Credit Repair & Financial Services in Del City, OK (2026)",Credit Repair & Financial Services in Del City,1589,176,13,21,0,0,False,True
city,denver-co,https://www.creditdoc.co/city/denver-co/,"Credit Repair & Financial Services in Denver, CO (2026)",Credit Repair & Financial Services in Denver,5480,258,68,21,0,9,False,True
city,des-moines-ia,https://www.creditdoc.co/city/des-moines-ia/,"Credit Repair & Financial Services in Des Moines, IA (2026)",Credit Repair & Financial Services in Des Moines,1640,177,14,21,0,0,False,True
city,detroit-mi,https://www.creditdoc.co/city/detroit-mi/,"Credit Repair & Financial Services in Detroit, MI (2026)",Credit Repair & Financial Services in Detroit,4793,245,62,21,0,8,False,True
city,doral-fl,https://www.creditdoc.co/city/doral-fl/,"Credit Repair & Financial Services in Doral, FL (2026)",Credit Repair & Financial Services in Doral,1722,180,13,21,0,0,False,True
city,doraville-ga,https://www.creditdoc.co/city/doraville-ga/,"Credit Repair & Financial Services in Doraville, GA (2026)",Credit Repair & Financial Services in Doraville,1543,175,12,21,0,0,False,True
city,dublin-oh,https://www.creditdoc.co/city/dublin-oh/,"Credit Repair & Financial Services in Dublin, OH (2026)",Credit Repair & Financial Services in Dublin,1508,173,10,21,0,0,False,True
city,dubuque-ia,https://www.creditdoc.co/city/dubuque-ia/,"Credit Repair & Financial Services in Dubuque, IA (2026)",Credit Repair & Financial Services in Dubuque,1470,173,10,21,0,0,False,True
city,duluth-mn,https://www.creditdoc.co/city/duluth-mn/,"Credit Repair & Financial Services in Duluth, MN (2026)",Credit Repair & Financial Services in Duluth,1483,175,12,21,0,0,False,True
city,duncanville-tx,https://www.creditdoc.co/city/duncanville-tx/,"Credit Repair & Financial Services in Duncanville, TX (2026)",Credit Repair & Financial Services in Duncanville,1432,171,8,21,0,0,False,True
city,durham-nc,https://www.creditdoc.co/city/durham-nc/,"Credit Repair & Financial Services in Durham, NC (2026)",Credit Repair & Financial Services in Durham,1886,184,17,21,0,0,False,True
city,east-los-angeles-ca,https://www.creditdoc.co/city/east-los-angeles-ca/,"Credit Repair & Financial Services in East Los Angeles, CA",Credit Repair & Financial Services in East Los Angeles,1614,177,12,21,0,0,False,True
city,east-point-ga,https://www.creditdoc.co/city/east-point-ga/,"Credit Repair & Financial Services in East Point, GA (2026)",Credit Repair & Financial Services in East Point,1638,178,10,21,0,0,False,True
city,edmond-ok,https://www.creditdoc.co/city/edmond-ok/,"Credit Repair & Financial Services in Edmond, OK (2026)",Credit Repair & Financial Services in Edmond,1608,177,14,21,0,0,False,True
city,el-cajon-ca,https://www.creditdoc.co/city/el-cajon-ca/,"Credit Repair & Financial Services in El Cajon, CA (2026)",Credit Repair & Financial Services in El Cajon,1960,186,18,21,0,0,False,True
city,el-paso-tx,https://www.creditdoc.co/city/el-paso-tx/,"Credit Repair & Financial Services in El Paso, TX (2026)",Credit Repair & Financial Services in El Paso,1654,177,13,21,0,1,False,True
city,englewood-co,https://www.creditdoc.co/city/englewood-co/,"Credit Repair & Financial Services in Englewood, CO (2026)",Credit Repair & Financial Services in Englewood,1750,179,13,21,0,0,False,True
city,erie-pa,https://www.creditdoc.co/city/erie-pa/,"Credit Repair & Financial Services in Erie, PA (2026)",Credit Repair & Financial Services in Erie,1648,177,13,21,0,1,False,True
city,escondido-ca,https://www.creditdoc.co/city/escondido-ca/,"Credit Repair & Financial Services in Escondido, CA (2026)",Credit Repair & Financial Services in Escondido,1674,176,13,21,0,0,False,True
city,everett-wa,https://www.creditdoc.co/city/everett-wa/,"Credit Repair & Financial Services in Everett, WA (2026)",Credit Repair & Financial Services in Everett,1477,175,10,21,0,0,False,True
city,fargo-nd,https://www.creditdoc.co/city/fargo-nd/,"Credit Repair & Financial Services in Fargo, ND (2026)",Credit Repair & Financial Services in Fargo,1715,180,16,21,0,1,False,True
city,farmington-hills-mi,https://www.creditdoc.co/city/farmington-hills-mi/,"Credit Repair & Financial Services in Farmington Hills, MI",Credit Repair & Financial Services in Farmington Hills,1625,176,13,21,0,0,False,True
city,fayetteville-ar,https://www.creditdoc.co/city/fayetteville-ar/,"Credit Repair & Financial Services in Fayetteville, AR",Credit Repair & Financial Services in Fayetteville,1374,173,8,21,0,0,False,True
city,flushing-ny,https://www.creditdoc.co/city/flushing-ny/,"Credit Repair & Financial Services in Flushing, NY (2026)",Credit Repair & Financial Services in Flushing,1590,177,12,21,0,0,False,True
city,forest-park-ga,https://www.creditdoc.co/city/forest-park-ga/,"Credit Repair & Financial Services in Forest Park, GA (2026)",Credit Repair & Financial Services in Forest Park,1577,178,10,21,0,0,False,True
city,fort-lauderdale-fl,https://www.creditdoc.co/city/fort-lauderdale-fl/,"Credit Repair & Financial Services in Fort Lauderdale, FL",Credit Repair & Financial Services in Fort Lauderdale,2207,192,20,21,0,1,False,True
city,fort-mill-sc,https://www.creditdoc.co/city/fort-mill-sc/,"Credit Repair & Financial Services in Fort Mill, SC (2026)",Credit Repair & Financial Services in Fort Mill,1482,171,8,21,0,0,False,True
city,fort-wayne-in,https://www.creditdoc.co/city/fort-wayne-in/,"Credit Repair & Financial Services in Fort Wayne, IN (2026)",Credit Repair & Financial Services in Fort Wayne,1671,175,13,21,0,1,False,True
city,fort-worth-tx,https://www.creditdoc.co/city/fort-worth-tx/,"Credit Repair & Financial Services in Fort Worth, TX (2026)",Credit Repair & Financial Services in Fort Worth,5748,261,69,21,0,10,False,True
city,franklin-tn,https://www.creditdoc.co/city/franklin-tn/,"Credit Repair & Financial Services in Franklin, TN (2026)",Credit Repair & Financial Services in Franklin,1603,179,11,21,0,0,False,True
city,fremont-ca,https://www.creditdoc.co/city/fremont-ca/,"Credit Repair & Financial Services in Fremont, CA (2026)",Credit Repair & Financial Services in Fremont,1493,177,10,21,0,0,False,True
city,fresno-ca,https://www.creditdoc.co/city/fresno-ca/,"Credit Repair & Financial Services in Fresno, CA (2026)",Credit Repair & Financial Services in Fresno,3458,217,40,21,0,5,False,True
city,frisco-tx,https://www.creditdoc.co/city/frisco-tx/,"Credit Repair & Financial Services in Frisco, TX (2026)",Credit Repair & Financial Services in Frisco,1756,181,13,21,0,0,False,True
city,garland-tx,https://www.creditdoc.co/city/garland-tx/,"Credit Repair & Financial Services in Garland, TX (2026)",Credit Repair & Financial Services in Garland,2041,187,20,21,0,2,False,True
city,glendale-az,https://www.creditdoc.co/city/glendale-az/,"Credit Repair & Financial Services in Glendale, AZ (2026)",Credit Repair & Financial Services in Glendale,2942,206,30,21,0,3,False,True
city,glendale-ca,https://www.creditdoc.co/city/glendale-ca/,"Credit Repair & Financial Services in Glendale, CA (2026)",Credit Repair & Financial Services in Glendale,1973,185,17,21,0,1,False,True
city,goodlettsville-tn,https://www.creditdoc.co/city/goodlettsville-tn/,"Credit Repair & Financial Services in Goodlettsville, TN",Credit Repair & Financial Services in Goodlettsville,1627,180,13,21,0,0,False,True
city,goodyear-az,https://www.creditdoc.co/city/goodyear-az/,"Credit Repair & Financial Services in Goodyear, AZ (2026)",Credit Repair & Financial Services in Goodyear,1438,175,10,21,0,0,False,True
city,grand-prairie-tx,https://www.creditdoc.co/city/grand-prairie-tx/,"Credit Repair & Financial Services in Grand Prairie, TX",Credit Repair & Financial Services in Grand Prairie,1997,185,18,21,0,1,False,True
city,grand-rapids-mi,https://www.creditdoc.co/city/grand-rapids-mi/,"Credit Repair & Financial Services in Grand Rapids, MI",Credit Repair & Financial Services in Grand Rapids,1779,181,16,21,0,0,False,True
city,great-falls-mt,https://www.creditdoc.co/city/great-falls-mt/,"Credit Repair & Financial Services in Great Falls, MT (2026)",Credit Repair & Financial Services in Great Falls,1441,175,6,21,0,0,False,True
city,green-bay-wi,https://www.creditdoc.co/city/green-bay-wi/,"Credit Repair & Financial Services in Green Bay, WI (2026)",Credit Repair & Financial Services in Green Bay,1446,171,10,21,0,0,False,True
city,greensboro-nc,https://www.creditdoc.co/city/greensboro-nc/,"Credit Repair & Financial Services in Greensboro, NC (2026)",Credit Repair & Financial Services in Greensboro,1651,180,14,21,0,1,False,True
city,greenville-sc,https://www.creditdoc.co/city/greenville-sc/,"Credit Repair & Financial Services in Greenville, SC (2026)",Credit Repair & Financial Services in Greenville,1604,178,13,21,0,0,False,True
city,greenwood-village-co,https://www.creditdoc.co/city/greenwood-village-co/,"Credit Repair & Financial Services in Greenwood Village, CO",Credit Repair & Financial Services in Greenwood Village,1474,173,10,21,0,0,False,True
city,gretna-la,https://www.creditdoc.co/city/gretna-la/,"Credit Repair & Financial Services in Gretna, LA (2026)",Credit Repair & Financial Services in Gretna,1463,173,10,21,0,0,False,True
city,haltom-city-tx,https://www.creditdoc.co/city/haltom-city-tx/,"Credit Repair & Financial Services in Haltom City, TX (2026)",Credit Repair & Financial Services in Haltom City,1758,177,15,21,0,1,False,True
city,hamilton-oh,https://www.creditdoc.co/city/hamilton-oh/,"Credit Repair & Financial Services in Hamilton, OH (2026)",Credit Repair & Financial Services in Hamilton,1592,177,10,21,0,0,False,True
city,hammond-in,https://www.creditdoc.co/city/hammond-in/,"Credit Repair & Financial Services in Hammond, IN (2026)",Credit Repair & Financial Services in Hammond,1429,173,8,21,0,0,False,True
city,harvey-la,https://www.creditdoc.co/city/harvey-la/,"Credit Repair & Financial Services in Harvey, LA (2026)",Credit Repair & Financial Services in Harvey,1785,181,15,21,0,1,False,True
city,hawthorne-ca,https://www.creditdoc.co/city/hawthorne-ca/,"Credit Repair & Financial Services in Hawthorne, CA (2026)",Credit Repair & Financial Services in Hawthorne,1570,174,10,21,0,1,False,True
city,helena-mt,https://www.creditdoc.co/city/helena-mt/,"Credit Repair & Financial Services in Helena, MT (2026)",Credit Repair & Financial Services in Helena,1564,176,13,21,0,0,False,True
city,henderson-nv,https://www.creditdoc.co/city/henderson-nv/,"Credit Repair & Financial Services in Henderson, NV (2026)",Credit Repair & Financial Services in Henderson,1841,180,16,21,0,1,False,True
city,hermitage-tn,https://www.creditdoc.co/city/hermitage-tn/,"Credit Repair & Financial Services in Hermitage, TN (2026)",Credit Repair & Financial Services in Hermitage,1454,175,10,21,0,0,False,True
city,hialeah-fl,https://www.creditdoc.co/city/hialeah-fl/,"Credit Repair & Financial Services in Hialeah, FL (2026)",Credit Repair & Financial Services in Hialeah,2559,199,22,21,0,3,False,True
city,highland-park-mi,https://www.creditdoc.co/city/highland-park-mi/,"Credit Repair & Financial Services in Highland Park, MI",Credit Repair & Financial Services in Highland Park,1652,178,13,21,0,0,False,True
city,hilo-hi,https://www.creditdoc.co/city/hilo-hi/,"Credit Repair & Financial Services in Hilo, HI (2026)",Credit Repair & Financial Services in Hilo,1383,171,10,21,0,0,False,True
city,hoboken-nj,https://www.creditdoc.co/city/hoboken-nj/,"Credit Repair & Financial Services in Hoboken, NJ (2026)",Credit Repair & Financial Services in Hoboken,1391,173,10,21,0,0,False,True
city,hollywood-fl,https://www.creditdoc.co/city/hollywood-fl/,"Credit Repair & Financial Services in Hollywood, FL (2026)",Credit Repair & Financial Services in Hollywood,2001,188,17,21,0,0,False,True
city,honolulu-hi,https://www.creditdoc.co/city/honolulu-hi/,"Credit Repair & Financial Services in Honolulu, HI (2026)",Credit Repair & Financial Services in Honolulu,2234,190,23,21,0,2,False,True
city,houston-tx,https://www.creditdoc.co/city/houston-tx/,"Credit Repair & Financial Services in Houston, TX (2026)",Credit Repair & Financial Services in Houston,6201,274,82,21,0,12,False,True
city,humble-tx,https://www.creditdoc.co/city/humble-tx/,"Credit Repair & Financial Services in Humble, TX (2026)",Credit Repair & Financial Services in Humble,1717,182,15,21,0,0,False,True
city,huntington-park-ca,https://www.creditdoc.co/city/huntington-park-ca/,"Credit Repair & Financial Services in Huntington Park, CA",Credit Repair & Financial Services in Huntington Park,1635,177,6,21,0,0,False,True
city,huntington-wv,https://www.creditdoc.co/city/huntington-wv/,"Credit Repair & Financial Services in Huntington, WV (2026)",Credit Repair & Financial Services in Huntington,1575,174,12,21,0,1,False,True
city,huntsville-al,https://www.creditdoc.co/city/huntsville-al/,"Credit Repair & Financial Services in Huntsville, AL (2026)",Credit Repair & Financial Services in Huntsville,1600,177,10,21,0,0,False,True
city,independence-mo,https://www.creditdoc.co/city/independence-mo/,"Credit Repair & Financial Services in Independence, MO",Credit Repair & Financial Services in Independence,1864,184,17,21,0,1,False,True
city,indiana-pa,https://www.creditdoc.co/city/indiana-pa/,"Credit Repair & Financial Services in Indiana, PA (2026)",Credit Repair & Financial Services in Indiana,1364,171,6,21,0,0,False,True
city,indianapolis-in,https://www.creditdoc.co/city/indianapolis-in/,"Credit Repair & Financial Services in Indianapolis, IN",Credit Repair & Financial Services in Indianapolis,5530,258,70,21,0,9,False,True
city,inglewood-ca,https://www.creditdoc.co/city/inglewood-ca/,"Credit Repair & Financial Services in Inglewood, CA (2026)",Credit Repair & Financial Services in Inglewood,1712,179,13,21,0,0,False,True
city,irvine-ca,https://www.creditdoc.co/city/irvine-ca/,"Credit Repair & Financial Services in Irvine, CA (2026)",Credit Repair & Financial Services in Irvine,2218,192,19,21,0,2,False,True
city,irving-tx,https://www.creditdoc.co/city/irving-tx/,"Credit Repair & Financial Services in Irving, TX (2026)",Credit Repair & Financial Services in Irving,2326,193,24,21,0,2,False,True
city,jackson-heights-ny,https://www.creditdoc.co/city/jackson-heights-ny/,"Credit Repair & Financial Services in Jackson Heights, NY",Credit Repair & Financial Services in Jackson Heights,1806,180,14,21,0,0,False,True
city,jackson-ms,https://www.creditdoc.co/city/jackson-ms/,"Credit Repair & Financial Services in Jackson, MS (2026)",Credit Repair & Financial Services in Jackson,1843,183,14,21,0,1,False,True
city,jackson-tn,https://www.creditdoc.co/city/jackson-tn/,"Credit Repair & Financial Services in Jackson, TN (2026)",Credit Repair & Financial Services in Jackson,1438,175,10,21,0,0,False,True
city,jacksonville-fl,https://www.creditdoc.co/city/jacksonville-fl/,"Credit Repair & Financial Services in Jacksonville, FL",Credit Repair & Financial Services in Jacksonville,5331,254,65,21,0,8,False,True
city,jefferson-city-mo,https://www.creditdoc.co/city/jefferson-city-mo/,"Credit Repair & Financial Services in Jefferson City, MO",Credit Repair & Financial Services in Jefferson City,1593,175,13,21,0,1,False,True
city,jefferson-la,https://www.creditdoc.co/city/jefferson-la/,"Credit Repair & Financial Services in Jefferson, LA (2026)",Credit Repair & Financial Services in Jefferson,1387,173,10,21,0,0,False,True
city,jenkintown-pa,https://www.creditdoc.co/city/jenkintown-pa/,"Credit Repair & Financial Services in Jenkintown, PA (2026)",Credit Repair & Financial Services in Jenkintown,1455,176,10,21,0,0,False,True
city,jersey-city-nj,https://www.creditdoc.co/city/jersey-city-nj/,"Credit Repair & Financial Services in Jersey City, NJ (2026)",Credit Repair & Financial Services in Jersey City,2769,203,28,21,0,1,False,True
city,jonesboro-ga,https://www.creditdoc.co/city/jonesboro-ga/,"Credit Repair & Financial Services in Jonesboro, GA (2026)",Credit Repair & Financial Services in Jonesboro,1421,171,8,21,0,0,False,True
city,kansas-city-ks,https://www.creditdoc.co/city/kansas-city-ks/,"Credit Repair & Financial Services in Kansas City, KS (2026)",Credit Repair & Financial Services in Kansas City,2367,196,25,21,0,2,False,True
city,kansas-city-mo,https://www.creditdoc.co/city/kansas-city-mo/,"Credit Repair & Financial Services in Kansas City, MO (2026)",Credit Repair & Financial Services in Kansas City,3295,215,36,21,0,5,False,True
city,katy-tx,https://www.creditdoc.co/city/katy-tx/,"Credit Repair & Financial Services in Katy, TX (2026)",Credit Repair & Financial Services in Katy,1460,175,10,21,0,0,False,True
city,kent-wa,https://www.creditdoc.co/city/kent-wa/,"Credit Repair & Financial Services in Kent, WA (2026)",Credit Repair & Financial Services in Kent,1629,177,10,21,0,0,False,True
city,kingsland-ga,https://www.creditdoc.co/city/kingsland-ga/,"Credit Repair & Financial Services in Kingsland, GA (2026)",Credit Repair & Financial Services in Kingsland,1742,176,14,21,0,1,False,True
city,kissimmee-fl,https://www.creditdoc.co/city/kissimmee-fl/,"Credit Repair & Financial Services in Kissimmee, FL (2026)",Credit Repair & Financial Services in Kissimmee,1839,181,15,21,0,1,False,True
city,knoxville-tn,https://www.creditdoc.co/city/knoxville-tn/,"Credit Repair & Financial Services in Knoxville, TN (2026)",Credit Repair & Financial Services in Knoxville,1772,181,16,21,0,0,False,True
city,la-crosse-wi,https://www.creditdoc.co/city/la-crosse-wi/,"Credit Repair & Financial Services in La Crosse, WI (2026)",Credit Repair & Financial Services in La Crosse,1605,176,13,21,0,0,False,True
city,la-jolla-ca,https://www.creditdoc.co/city/la-jolla-ca/,"Credit Repair & Financial Services in La Jolla, CA (2026)",Credit Repair & Financial Services in La Jolla,1523,176,6,21,0,0,False,True
city,la-mesa-ca,https://www.creditdoc.co/city/la-mesa-ca/,"Credit Repair & Financial Services in La Mesa, CA (2026)",Credit Repair & Financial Services in La Mesa,1757,181,12,21,0,1,False,True
city,lafayette-la,https://www.creditdoc.co/city/lafayette-la/,"Credit Repair & Financial Services in Lafayette, LA (2026)",Credit Repair & Financial Services in Lafayette,1439,173,10,21,0,0,False,True
city,lakewood-co,https://www.creditdoc.co/city/lakewood-co/,"Credit Repair & Financial Services in Lakewood, CO (2026)",Credit Repair & Financial Services in Lakewood,1970,186,17,21,0,0,False,True
city,lancaster-pa,https://www.creditdoc.co/city/lancaster-pa/,"Credit Repair & Financial Services in Lancaster, PA (2026)",Credit Repair & Financial Services in Lancaster,1590,176,11,21,0,0,False,True
city,lancaster-tx,https://www.creditdoc.co/city/lancaster-tx/,"Credit Repair & Financial Services in Lancaster, TX (2026)",Credit Repair & Financial Services in Lancaster,1474,175,10,21,0,0,False,True
city,laredo-tx,https://www.creditdoc.co/city/laredo-tx/,"Credit Repair & Financial Services in Laredo, TX (2026)",Credit Repair & Financial Services in Laredo,1614,178,13,21,0,0,False,True
city,las-vegas-nv,https://www.creditdoc.co/city/las-vegas-nv/,"Credit Repair & Financial Services in Las Vegas, NV (2026)",Credit Repair & Financial Services in Las Vegas,6209,272,75,21,0,12,False,True
city,lawrence-ma,https://www.creditdoc.co/city/lawrence-ma/,"Credit Repair & Financial Services in Lawrence, MA (2026)",Credit Repair & Financial Services in Lawrence,1376,171,10,21,0,0,False,True
city,lawton-ok,https://www.creditdoc.co/city/lawton-ok/,"Credit Repair & Financial Services in Lawton, OK (2026)",Credit Repair & Financial Services in Lawton,1409,171,10,21,0,0,False,True
city,lexington-ky,https://www.creditdoc.co/city/lexington-ky/,"Credit Repair & Financial Services in Lexington, KY (2026)",Credit Repair & Financial Services in Lexington,1770,183,15,21,0,1,False,True
city,lincoln-ne,https://www.creditdoc.co/city/lincoln-ne/,"Credit Repair & Financial Services in Lincoln, NE (2026)",Credit Repair & Financial Services in Lincoln,1620,176,14,21,0,1,False,True
city,little-rock-ar,https://www.creditdoc.co/city/little-rock-ar/,"Credit Repair & Financial Services in Little Rock, AR (2026)",Credit Repair & Financial Services in Little Rock,1981,186,19,21,0,2,False,True
city,livonia-mi,https://www.creditdoc.co/city/livonia-mi/,"Credit Repair & Financial Services in Livonia, MI (2026)",Credit Repair & Financial Services in Livonia,1448,175,10,21,0,0,False,True
city,long-beach-ca,https://www.creditdoc.co/city/long-beach-ca/,"Credit Repair & Financial Services in Long Beach, CA (2026)",Credit Repair & Financial Services in Long Beach,2807,205,31,21,0,3,False,True
city,long-island-city-ny,https://www.creditdoc.co/city/long-island-city-ny/,"Credit Repair & Financial Services in Long Island City, NY",Credit Repair & Financial Services in Long Island City,2118,187,20,21,0,1,False,True
city,longview-wa,https://www.creditdoc.co/city/longview-wa/,"Credit Repair & Financial Services in Longview, WA (2026)",Credit Repair & Financial Services in Longview,1439,171,10,21,0,0,False,True
city,los-angeles-ca,https://www.creditdoc.co/city/los-angeles-ca/,"Credit Repair & Financial Services in Los Angeles, CA (2026)",Credit Repair & Financial Services in Los Angeles,6337,274,81,21,0,12,False,True
city,louisville-ky,https://www.creditdoc.co/city/louisville-ky/,"Credit Repair & Financial Services in Louisville, KY (2026)",Credit Repair & Financial Services in Louisville,3551,220,41,21,0,5,False,True
city,lubbock-tx,https://www.creditdoc.co/city/lubbock-tx/,"Credit Repair & Financial Services in Lubbock, TX (2026)",Credit Repair & Financial Services in Lubbock,1629,177,14,21,0,0,False,True
city,macclenny-fl,https://www.creditdoc.co/city/macclenny-fl/,"Credit Repair & Financial Services in Macclenny, FL (2026)",Credit Repair & Financial Services in Macclenny,1366,175,8,21,0,0,False,True
city,macon-ga,https://www.creditdoc.co/city/macon-ga/,"Credit Repair & Financial Services in Macon, GA (2026)",Credit Repair & Financial Services in Macon,1620,179,13,21,0,0,False,True
city,madison-tn,https://www.creditdoc.co/city/madison-tn/,"Credit Repair & Financial Services in Madison, TN (2026)",Credit Repair & Financial Services in Madison,1995,186,18,21,0,1,False,True
city,madison-wi,https://www.creditdoc.co/city/madison-wi/,"Credit Repair & Financial Services in Madison, WI (2026)",Credit Repair & Financial Services in Madison,1708,179,15,21,0,1,False,True
city,marietta-ga,https://www.creditdoc.co/city/marietta-ga/,"Credit Repair & Financial Services in Marietta, GA (2026)",Credit Repair & Financial Services in Marietta,2124,190,19,21,0,1,False,True
city,marrero-la,https://www.creditdoc.co/city/marrero-la/,"Credit Repair & Financial Services in Marrero, LA (2026)",Credit Repair & Financial Services in Marrero,1461,173,10,21,0,0,False,True
city,mcallen-tx,https://www.creditdoc.co/city/mcallen-tx/,"Credit Repair & Financial Services in Mcallen, TX (2026)",Credit Repair & Financial Services in Mcallen,1554,175,12,21,0,0,False,True
city,memphis-tn,https://www.creditdoc.co/city/memphis-tn/,"Credit Repair & Financial Services in Memphis, TN (2026)",Credit Repair & Financial Services in Memphis,5002,249,62,21,0,8,False,True
city,mesa-az,https://www.creditdoc.co/city/mesa-az/,"Credit Repair & Financial Services in Mesa, AZ (2026)",Credit Repair & Financial Services in Mesa,2763,202,27,21,0,3,False,True
city,mesquite-tx,https://www.creditdoc.co/city/mesquite-tx/,"Credit Repair & Financial Services in Mesquite, TX (2026)",Credit Repair & Financial Services in Mesquite,1852,182,16,21,0,1,False,True
city,metairie-la,https://www.creditdoc.co/city/metairie-la/,"Credit Repair & Financial Services in Metairie, LA (2026)",Credit Repair & Financial Services in Metairie,1919,185,18,21,0,0,False,True
city,miami-beach-fl,https://www.creditdoc.co/city/miami-beach-fl/,"Credit Repair & Financial Services in Miami Beach, FL (2026)",Credit Repair & Financial Services in Miami Beach,1701,181,12,21,0,0,False,True
city,miami-fl,https://www.creditdoc.co/city/miami-fl/,"Credit Repair & Financial Services in Miami, FL (2026)",Credit Repair & Financial Services in Miami,6510,277,82,21,0,13,False,True
city,miami-gardens-fl,https://www.creditdoc.co/city/miami-gardens-fl/,"Credit Repair & Financial Services in Miami Gardens, FL",Credit Repair & Financial Services in Miami Gardens,2157,187,15,21,0,0,False,True
city,miami-lakes-fl,https://www.creditdoc.co/city/miami-lakes-fl/,"Credit Repair & Financial Services in Miami Lakes, FL (2026)",Credit Repair & Financial Services in Miami Lakes,1514,176,8,21,0,0,False,True
city,midland-tx,https://www.creditdoc.co/city/midland-tx/,"Credit Repair & Financial Services in Midland, TX (2026)",Credit Repair & Financial Services in Midland,1406,173,10,21,0,0,False,True
city,midwest-city-ok,https://www.creditdoc.co/city/midwest-city-ok/,"Credit Repair & Financial Services in Midwest City, OK",Credit Repair & Financial Services in Midwest City,1809,182,16,21,0,0,False,True
city,milwaukee-wi,https://www.creditdoc.co/city/milwaukee-wi/,"Credit Repair & Financial Services in Milwaukee, WI (2026)",Credit Repair & Financial Services in Milwaukee,3114,214,34,21,0,4,False,True
city,minneapolis-mn,https://www.creditdoc.co/city/minneapolis-mn/,"Credit Repair & Financial Services in Minneapolis, MN (2026)",Credit Repair & Financial Services in Minneapolis,2808,207,28,21,0,3,False,True
city,mobile-al,https://www.creditdoc.co/city/mobile-al/,"Credit Repair & Financial Services in Mobile, AL (2026)",Credit Repair & Financial Services in Mobile,1690,180,14,21,0,0,False,True
city,modesto-ca,https://www.creditdoc.co/city/modesto-ca/,"Credit Repair & Financial Services in Modesto, CA (2026)",Credit Repair & Financial Services in Modesto,1539,175,10,21,0,0,False,True
city,muncie-in,https://www.creditdoc.co/city/muncie-in/,"Credit Repair & Financial Services in Muncie, IN (2026)",Credit Repair & Financial Services in Muncie,1425,175,8,21,0,0,False,True
city,nashville-tn,https://www.creditdoc.co/city/nashville-tn/,"Credit Repair & Financial Services in Nashville, TN (2026)",Credit Repair & Financial Services in Nashville,5408,254,68,21,0,10,False,True
city,national-city-ca,https://www.creditdoc.co/city/national-city-ca/,"Credit Repair & Financial Services in National City, CA",Credit Repair & Financial Services in National City,2266,189,19,21,0,2,False,True
city,new-braunfels-tx,https://www.creditdoc.co/city/new-braunfels-tx/,"Credit Repair & Financial Services in New Braunfels, TX",Credit Repair & Financial Services in New Braunfels,1453,175,8,21,0,0,False,True
city,new-haven-ct,https://www.creditdoc.co/city/new-haven-ct/,"Credit Repair & Financial Services in New Haven, CT (2026)",Credit Repair & Financial Services in New Haven,1438,173,8,21,0,0,False,True
city,new-orleans-la,https://www.creditdoc.co/city/new-orleans-la/,"Credit Repair & Financial Services in New Orleans, LA (2026)",Credit Repair & Financial Services in New Orleans,3136,211,36,21,0,3,False,True
city,new-york-ny,https://www.creditdoc.co/city/new-york-ny/,"Credit Repair & Financial Services in New York, NY (2026)",Credit Repair & Financial Services in New York,7477,297,89,21,0,15,False,True
city,newark-nj,https://www.creditdoc.co/city/newark-nj/,"Credit Repair & Financial Services in Newark, NJ (2026)",Credit Repair & Financial Services in Newark,2001,185,19,21,0,1,False,True
city,newport-ky,https://www.creditdoc.co/city/newport-ky/,"Credit Repair & Financial Services in Newport, KY (2026)",Credit Repair & Financial Services in Newport,1453,173,6,21,0,0,False,True
city,newport-news-va,https://www.creditdoc.co/city/newport-news-va/,"Credit Repair & Financial Services in Newport News, VA",Credit Repair & Financial Services in Newport News,1534,173,12,21,0,0,False,True
city,norcross-ga,https://www.creditdoc.co/city/norcross-ga/,"Credit Repair & Financial Services in Norcross, GA (2026)",Credit Repair & Financial Services in Norcross,1845,182,16,21,0,1,False,True
city,norfolk-va,https://www.creditdoc.co/city/norfolk-va/,"Credit Repair & Financial Services in Norfolk, VA (2026)",Credit Repair & Financial Services in Norfolk,1987,185,17,21,0,1,False,True
city,norman-ok,https://www.creditdoc.co/city/norman-ok/,"Credit Repair & Financial Services in Norman, OK (2026)",Credit Repair & Financial Services in Norman,1626,179,14,21,0,0,False,True
city,north-las-vegas-nv,https://www.creditdoc.co/city/north-las-vegas-nv/,"Credit Repair & Financial Services in North Las Vegas, NV",Credit Repair & Financial Services in North Las Vegas,2473,195,22,21,0,1,False,True
city,north-miami-beach-fl,https://www.creditdoc.co/city/north-miami-beach-fl/,"Credit Repair & Financial Services in North Miami Beach, FL",Credit Repair & Financial Services in North Miami Beach,1950,182,16,21,0,0,False,True
city,north-miami-fl,https://www.creditdoc.co/city/north-miami-fl/,"Credit Repair & Financial Services in North Miami, FL (2026)",Credit Repair & Financial Services in North Miami,1891,181,15,21,0,0,False,True
city,norwood-oh,https://www.creditdoc.co/city/norwood-oh/,"Credit Repair & Financial Services in Norwood, OH (2026)",Credit Repair & Financial Services in Norwood,1442,173,10,21,0,0,False,True
city,oakland-ca,https://www.creditdoc.co/city/oakland-ca/,"Credit Repair & Financial Services in Oakland, CA (2026)",Credit Repair & Financial Services in Oakland,2198,192,23,21,0,1,False,True
city,oceanside-ca,https://www.creditdoc.co/city/oceanside-ca/,"Credit Repair & Financial Services in Oceanside, CA (2026)",Credit Repair & Financial Services in Oceanside,1739,179,12,21,0,0,False,True
city,oklahoma-city-ok,https://www.creditdoc.co/city/oklahoma-city-ok/,"Credit Repair & Financial Services in Oklahoma City, OK",Credit Repair & Financial Services in Oklahoma City,3602,220,42,21,0,5,False,True
city,olympia-wa,https://www.creditdoc.co/city/olympia-wa/,"Credit Repair & Financial Services in Olympia, WA (2026)",Credit Repair & Financial Services in Olympia,1399,171,10,21,0,0,False,True
city,omaha-ne,https://www.creditdoc.co/city/omaha-ne/,"Credit Repair & Financial Services in Omaha, NE (2026)",Credit Repair & Financial Services in Omaha,3262,216,39,21,0,5,False,True
city,opa-locka-fl,https://www.creditdoc.co/city/opa-locka-fl/,"Credit Repair & Financial Services in Opa-locka, FL (2026)",Credit Repair & Financial Services in Opa-locka,1587,174,10,21,0,1,False,True
city,orange-park-fl,https://www.creditdoc.co/city/orange-park-fl/,"Credit Repair & Financial Services in Orange Park, FL (2026)",Credit Repair & Financial Services in Orange Park,1662,178,11,21,0,1,False,True
city,orlando-fl,https://www.creditdoc.co/city/orlando-fl/,"Credit Repair & Financial Services in Orlando, FL (2026)",Credit Repair & Financial Services in Orlando,3853,228,47,21,0,6,False,True
city,overland-park-ks,https://www.creditdoc.co/city/overland-park-ks/,"Credit Repair & Financial Services in Overland Park, KS",Credit Repair & Financial Services in Overland Park,1757,182,14,21,0,0,False,True
city,paducah-ky,https://www.creditdoc.co/city/paducah-ky/,"Credit Repair & Financial Services in Paducah, KY (2026)",Credit Repair & Financial Services in Paducah,1429,173,10,21,0,0,False,True
city,paris-tx,https://www.creditdoc.co/city/paris-tx/,"Credit Repair & Financial Services in Paris, TX (2026)",Credit Repair & Financial Services in Paris,1408,171,10,21,0,0,False,True
city,parkersburg-wv,https://www.creditdoc.co/city/parkersburg-wv/,"Credit Repair & Financial Services in Parkersburg, WV (2026)",Credit Repair & Financial Services in Parkersburg,1570,175,8,21,0,0,False,True
city,parma-oh,https://www.creditdoc.co/city/parma-oh/,"Credit Repair & Financial Services in Parma, OH (2026)",Credit Repair & Financial Services in Parma,1530,173,12,21,0,0,False,True
city,pasadena-tx,https://www.creditdoc.co/city/pasadena-tx/,"Credit Repair & Financial Services in Pasadena, TX (2026)",Credit Repair & Financial Services in Pasadena,1947,188,18,21,0,1,False,True
city,pensacola-fl,https://www.creditdoc.co/city/pensacola-fl/,"Credit Repair & Financial Services in Pensacola, FL (2026)",Credit Repair & Financial Services in Pensacola,1414,173,10,21,0,0,False,True
city,peoria-az,https://www.creditdoc.co/city/peoria-az/,"Credit Repair & Financial Services in Peoria, AZ (2026)",Credit Repair & Financial Services in Peoria,1488,175,8,21,0,0,False,True
city,peoria-il,https://www.creditdoc.co/city/peoria-il/,"Credit Repair & Financial Services in Peoria, IL (2026)",Credit Repair & Financial Services in Peoria,1523,175,12,21,0,0,False,True
city,pflugerville-tx,https://www.creditdoc.co/city/pflugerville-tx/,"Credit Repair & Financial Services in Pflugerville, TX",Credit Repair & Financial Services in Pflugerville,1467,173,10,21,0,0,False,True
city,philadelphia-pa,https://www.creditdoc.co/city/philadelphia-pa/,"Credit Repair & Financial Services in Philadelphia, PA",Credit Repair & Financial Services in Philadelphia,5986,268,77,21,0,9,False,True
city,phoenix-az,https://www.creditdoc.co/city/phoenix-az/,"Credit Repair & Financial Services in Phoenix, AZ (2026)",Credit Repair & Financial Services in Phoenix,6241,274,81,21,0,12,False,True
city,pittsburgh-pa,https://www.creditdoc.co/city/pittsburgh-pa/,"Credit Repair & Financial Services in Pittsburgh, PA (2026)",Credit Repair & Financial Services in Pittsburgh,3533,223,42,21,0,4,False,True
city,plano-tx,https://www.creditdoc.co/city/plano-tx/,"Credit Repair & Financial Services in Plano, TX (2026)",Credit Repair & Financial Services in Plano,2278,191,22,21,0,1,False,True
city,portland-me,https://www.creditdoc.co/city/portland-me/,"Credit Repair & Financial Services in Portland, ME (2026)",Credit Repair & Financial Services in Portland,1629,179,13,21,0,0,False,True
city,portland-or,https://www.creditdoc.co/city/portland-or/,"Credit Repair & Financial Services in Portland, OR (2026)",Credit Repair & Financial Services in Portland,2723,205,32,21,0,3,False,True
city,provo-ut,https://www.creditdoc.co/city/provo-ut/,"Credit Repair & Financial Services in Provo, UT (2026)",Credit Repair & Financial Services in Provo,1530,175,12,21,0,0,False,True
city,pueblo-co,https://www.creditdoc.co/city/pueblo-co/,"Credit Repair & Financial Services in Pueblo, CO (2026)",Credit Repair & Financial Services in Pueblo,1432,175,10,21,0,0,False,True
city,raleigh-nc,https://www.creditdoc.co/city/raleigh-nc/,"Credit Repair & Financial Services in Raleigh, NC (2026)",Credit Repair & Financial Services in Raleigh,3553,219,42,21,0,5,False,True
city,rapid-city-sd,https://www.creditdoc.co/city/rapid-city-sd/,"Credit Repair & Financial Services in Rapid City, SD (2026)",Credit Repair & Financial Services in Rapid City,1804,180,12,21,0,0,False,True
city,reading-pa,https://www.creditdoc.co/city/reading-pa/,"Credit Repair & Financial Services in Reading, PA (2026)",Credit Repair & Financial Services in Reading,1468,173,10,21,0,0,False,True
city,richardson-tx,https://www.creditdoc.co/city/richardson-tx/,"Credit Repair & Financial Services in Richardson, TX (2026)",Credit Repair & Financial Services in Richardson,1763,181,13,21,0,1,False,True
city,richmond-va,https://www.creditdoc.co/city/richmond-va/,"Credit Repair & Financial Services in Richmond, VA (2026)",Credit Repair & Financial Services in Richmond,1657,179,14,21,0,0,False,True
city,riverdale-ga,https://www.creditdoc.co/city/riverdale-ga/,"Credit Repair & Financial Services in Riverdale, GA (2026)",Credit Repair & Financial Services in Riverdale,1385,173,10,21,0,0,False,True
city,riverside-ca,https://www.creditdoc.co/city/riverside-ca/,"Credit Repair & Financial Services in Riverside, CA (2026)",Credit Repair & Financial Services in Riverside,1732,179,15,21,0,1,False,True
city,roanoke-va,https://www.creditdoc.co/city/roanoke-va/,"Credit Repair & Financial Services in Roanoke, VA (2026)",Credit Repair & Financial Services in Roanoke,1619,177,12,21,0,0,False,True
city,rochester-mn,https://www.creditdoc.co/city/rochester-mn/,"Credit Repair & Financial Services in Rochester, MN (2026)",Credit Repair & Financial Services in Rochester,1521,177,12,21,0,0,False,True
city,rochester-ny,https://www.creditdoc.co/city/rochester-ny/,"Credit Repair & Financial Services in Rochester, NY (2026)",Credit Repair & Financial Services in Rochester,1757,178,15,21,0,0,False,True
city,rock-hill-sc,https://www.creditdoc.co/city/rock-hill-sc/,"Credit Repair & Financial Services in Rock Hill, SC (2026)",Credit Repair & Financial Services in Rock Hill,1808,181,13,21,0,1,False,True
city,round-rock-tx,https://www.creditdoc.co/city/round-rock-tx/,"Credit Repair & Financial Services in Round Rock, TX (2026)",Credit Repair & Financial Services in Round Rock,1753,181,15,21,0,0,False,True
city,sacramento-ca,https://www.creditdoc.co/city/sacramento-ca/,"Credit Repair & Financial Services in Sacramento, CA (2026)",Credit Repair & Financial Services in Sacramento,2922,206,35,21,0,4,False,True
city,saginaw-tx,https://www.creditdoc.co/city/saginaw-tx/,"Credit Repair & Financial Services in Saginaw, TX (2026)",Credit Repair & Financial Services in Saginaw,1378,175,10,21,0,0,False,True
city,saint-louis-mo,https://www.creditdoc.co/city/saint-louis-mo/,"Credit Repair & Financial Services in Saint Louis, MO (2026)",Credit Repair & Financial Services in Saint Louis,2135,188,20,21,0,2,False,True
city,saint-paul-mn,https://www.creditdoc.co/city/saint-paul-mn/,"Credit Repair & Financial Services in Saint Paul, MN (2026)",Credit Repair & Financial Services in Saint Paul,1889,182,18,21,0,1,False,True
city,salem-or,https://www.creditdoc.co/city/salem-or/,"Credit Repair & Financial Services in Salem, OR (2026)",Credit Repair & Financial Services in Salem,1512,177,12,21,0,0,False,True
city,salt-lake-city-ut,https://www.creditdoc.co/city/salt-lake-city-ut/,"Credit Repair & Financial Services in Salt Lake City, UT",Credit Repair & Financial Services in Salt Lake City,2359,195,24,21,0,2,False,True
city,san-antonio-tx,https://www.creditdoc.co/city/san-antonio-tx/,"Credit Repair & Financial Services in San Antonio, TX (2026)",Credit Repair & Financial Services in San Antonio,6175,265,69,21,0,12,False,True
city,san-diego-ca,https://www.creditdoc.co/city/san-diego-ca/,"Credit Repair & Financial Services in San Diego, CA (2026)",Credit Repair & Financial Services in San Diego,6194,265,76,21,0,11,False,True
city,san-francisco-ca,https://www.creditdoc.co/city/san-francisco-ca/,"Credit Repair & Financial Services in San Francisco, CA",Credit Repair & Financial Services in San Francisco,5434,258,72,21,0,9,False,True
city,san-jose-ca,https://www.creditdoc.co/city/san-jose-ca/,"Credit Repair & Financial Services in San Jose, CA (2026)",Credit Repair & Financial Services in San Jose,4779,241,57,21,0,6,False,True
city,san-mateo-ca,https://www.creditdoc.co/city/san-mateo-ca/,"Credit Repair & Financial Services in San Mateo, CA (2026)",Credit Repair & Financial Services in San Mateo,1784,179,14,21,0,0,False,True
city,san-ysidro-ca,https://www.creditdoc.co/city/san-ysidro-ca/,"Credit Repair & Financial Services in San Ysidro, CA (2026)",Credit Repair & Financial Services in San Ysidro,1685,176,13,21,0,0,False,True
city,sandy-springs-ga,https://www.creditdoc.co/city/sandy-springs-ga/,"Credit Repair & Financial Services in Sandy Springs, GA",Credit Repair & Financial Services in Sandy Springs,1623,175,12,21,0,0,False,True
city,santa-ana-ca,https://www.creditdoc.co/city/santa-ana-ca/,"Credit Repair & Financial Services in Santa Ana, CA (2026)",Credit Repair & Financial Services in Santa Ana,1739,180,13,21,0,0,False,True
city,santa-clara-ca,https://www.creditdoc.co/city/santa-clara-ca/,"Credit Repair & Financial Services in Santa Clara, CA (2026)",Credit Repair & Financial Services in Santa Clara,1855,183,13,21,0,0,False,True
city,sarasota-fl,https://www.creditdoc.co/city/sarasota-fl/,"Credit Repair & Financial Services in Sarasota, FL (2026)",Credit Repair & Financial Services in Sarasota,1875,179,14,21,0,1,False,True
city,scottsdale-az,https://www.creditdoc.co/city/scottsdale-az/,"Credit Repair & Financial Services in Scottsdale, AZ (2026)",Credit Repair & Financial Services in Scottsdale,2564,198,24,21,0,1,False,True
city,seattle-wa,https://www.creditdoc.co/city/seattle-wa/,"Credit Repair & Financial Services in Seattle, WA (2026)",Credit Repair & Financial Services in Seattle,4308,238,52,21,0,8,False,True
city,shreveport-la,https://www.creditdoc.co/city/shreveport-la/,"Credit Repair & Financial Services in Shreveport, LA (2026)",Credit Repair & Financial Services in Shreveport,1461,173,10,21,0,0,False,True
city,sioux-falls-sd,https://www.creditdoc.co/city/sioux-falls-sd/,"Credit Repair & Financial Services in Sioux Falls, SD (2026)",Credit Repair & Financial Services in Sioux Falls,1766,181,15,21,0,1,False,True
city,skokie-il,https://www.creditdoc.co/city/skokie-il/,"Credit Repair & Financial Services in Skokie, IL (2026)",Credit Repair & Financial Services in Skokie,1743,180,14,21,0,0,False,True
city,somerville-ma,https://www.creditdoc.co/city/somerville-ma/,"Credit Repair & Financial Services in Somerville, MA (2026)",Credit Repair & Financial Services in Somerville,1424,173,10,21,0,0,False,True
city,south-bend-in,https://www.creditdoc.co/city/south-bend-in/,"Credit Repair & Financial Services in South Bend, IN (2026)",Credit Repair & Financial Services in South Bend,1568,175,12,21,0,0,False,True
city,south-gate-ca,https://www.creditdoc.co/city/south-gate-ca/,"Credit Repair & Financial Services in South Gate, CA (2026)",Credit Repair & Financial Services in South Gate,1467,171,10,21,0,0,False,True
city,southfield-mi,https://www.creditdoc.co/city/southfield-mi/,"Credit Repair & Financial Services in Southfield, MI (2026)",Credit Repair & Financial Services in Southfield,2468,193,23,21,0,2,False,True
city,spartanburg-sc,https://www.creditdoc.co/city/spartanburg-sc/,"Credit Repair & Financial Services in Spartanburg, SC (2026)",Credit Repair & Financial Services in Spartanburg,1640,177,12,21,0,0,False,True
city,spokane-wa,https://www.creditdoc.co/city/spokane-wa/,"Credit Repair & Financial Services in Spokane, WA (2026)",Credit Repair & Financial Services in Spokane,1409,173,10,21,0,0,False,True
city,springfield-il,https://www.creditdoc.co/city/springfield-il/,"Credit Repair & Financial Services in Springfield, IL (2026)",Credit Repair & Financial Services in Springfield,1479,173,10,21,0,0,False,True
city,springfield-mo,https://www.creditdoc.co/city/springfield-mo/,"Credit Repair & Financial Services in Springfield, MO (2026)",Credit Repair & Financial Services in Springfield,1615,176,14,21,0,1,False,True
city,st-paul-mn,https://www.creditdoc.co/city/st-paul-mn/,"Credit Repair & Financial Services in St Paul, MN (2026)",Credit Repair & Financial Services in St Paul,1839,182,15,21,0,1,False,True
city,stafford-tx,https://www.creditdoc.co/city/stafford-tx/,"Credit Repair & Financial Services in Stafford, TX (2026)",Credit Repair & Financial Services in Stafford,1462,173,10,21,0,0,False,True
city,stamford-ct,https://www.creditdoc.co/city/stamford-ct/,"Credit Repair & Financial Services in Stamford, CT (2026)",Credit Repair & Financial Services in Stamford,1431,173,10,21,0,0,False,True
city,staten-island-ny,https://www.creditdoc.co/city/staten-island-ny/,"Credit Repair & Financial Services in Staten Island, NY",Credit Repair & Financial Services in Staten Island,2049,188,18,21,0,0,False,True
city,stockton-ca,https://www.creditdoc.co/city/stockton-ca/,"Credit Repair & Financial Services in Stockton, CA (2026)",Credit Repair & Financial Services in Stockton,1447,175,8,21,0,0,False,True
city,stone-mountain-ga,https://www.creditdoc.co/city/stone-mountain-ga/,"Credit Repair & Financial Services in Stone Mountain, GA",Credit Repair & Financial Services in Stone Mountain,1427,173,8,21,0,0,False,True
city,sugar-land-tx,https://www.creditdoc.co/city/sugar-land-tx/,"Credit Repair & Financial Services in Sugar Land, TX (2026)",Credit Repair & Financial Services in Sugar Land,1604,177,10,21,0,0,False,True
city,syracuse-ny,https://www.creditdoc.co/city/syracuse-ny/,"Credit Repair & Financial Services in Syracuse, NY (2026)",Credit Repair & Financial Services in Syracuse,1695,178,14,21,0,1,False,True
city,tallahassee-fl,https://www.creditdoc.co/city/tallahassee-fl/,"Credit Repair & Financial Services in Tallahassee, FL (2026)",Credit Repair & Financial Services in Tallahassee,1579,176,13,21,0,0,False,True
city,tampa-fl,https://www.creditdoc.co/city/tampa-fl/,"Credit Repair & Financial Services in Tampa, FL (2026)",Credit Repair & Financial Services in Tampa,3799,227,49,21,0,5,False,True
city,taunton-ma,https://www.creditdoc.co/city/taunton-ma/,"Credit Repair & Financial Services in Taunton, MA (2026)",Credit Repair & Financial Services in Taunton,1416,173,10,21,0,0,False,True
city,taylor-mi,https://www.creditdoc.co/city/taylor-mi/,"Credit Repair & Financial Services in Taylor, MI (2026)",Credit Repair & Financial Services in Taylor,1450,173,10,21,0,0,False,True
city,tempe-az,https://www.creditdoc.co/city/tempe-az/,"Credit Repair & Financial Services in Tempe, AZ (2026)",Credit Repair & Financial Services in Tempe,2218,191,20,21,0,1,False,True
city,toledo-oh,https://www.creditdoc.co/city/toledo-oh/,"Credit Repair & Financial Services in Toledo, OH (2026)",Credit Repair & Financial Services in Toledo,1703,178,15,21,0,0,False,True
city,topeka-ks,https://www.creditdoc.co/city/topeka-ks/,"Credit Repair & Financial Services in Topeka, KS (2026)",Credit Repair & Financial Services in Topeka,1821,183,17,21,0,1,False,True
city,torrance-ca,https://www.creditdoc.co/city/torrance-ca/,"Credit Repair & Financial Services in Torrance, CA (2026)",Credit Repair & Financial Services in Torrance,1553,173,10,21,0,0,False,True
city,tucker-ga,https://www.creditdoc.co/city/tucker-ga/,"Credit Repair & Financial Services in Tucker, GA (2026)",Credit Repair & Financial Services in Tucker,1445,175,10,21,0,0,False,True
city,tucson-az,https://www.creditdoc.co/city/tucson-az/,"Credit Repair & Financial Services in Tucson, AZ (2026)",Credit Repair & Financial Services in Tucson,2774,202,27,21,0,3,False,True
city,tulsa-ok,https://www.creditdoc.co/city/tulsa-ok/,"Credit Repair & Financial Services in Tulsa, OK (2026)",Credit Repair & Financial Services in Tulsa,2095,190,22,21,0,2,False,True
city,tuscaloosa-al,https://www.creditdoc.co/city/tuscaloosa-al/,"Credit Repair & Financial Services in Tuscaloosa, AL (2026)",Credit Repair & Financial Services in Tuscaloosa,1666,177,14,21,0,0,False,True
city,tyler-tx,https://www.creditdoc.co/city/tyler-tx/,"Credit Repair & Financial Services in Tyler, TX (2026)",Credit Repair & Financial Services in Tyler,1480,175,12,21,0,0,False,True
city,union-city-nj,https://www.creditdoc.co/city/union-city-nj/,"Credit Repair & Financial Services in Union City, NJ (2026)",Credit Repair & Financial Services in Union City,1945,186,18,21,0,1,False,True
city,universal-city-tx,https://www.creditdoc.co/city/universal-city-tx/,"Credit Repair & Financial Services in Universal City, TX",Credit Repair & Financial Services in Universal City,1468,173,10,21,0,0,False,True
city,valdosta-ga,https://www.creditdoc.co/city/valdosta-ga/,"Credit Repair & Financial Services in Valdosta, GA (2026)",Credit Repair & Financial Services in Valdosta,1515,173,12,21,0,0,False,True
city,van-nuys-ca,https://www.creditdoc.co/city/van-nuys-ca/,"Credit Repair & Financial Services in Van Nuys, CA (2026)",Credit Repair & Financial Services in Van Nuys,1908,180,17,21,0,0,False,True
city,vernon-ca,https://www.creditdoc.co/city/vernon-ca/,"Credit Repair & Financial Services in Vernon, CA (2026)",Credit Repair & Financial Services in Vernon,1417,170,10,21,0,1,False,True
city,virginia-beach-va,https://www.creditdoc.co/city/virginia-beach-va/,"Credit Repair & Financial Services in Virginia Beach, VA",Credit Repair & Financial Services in Virginia Beach,2851,205,31,21,0,4,False,True
city,vista-ca,https://www.creditdoc.co/city/vista-ca/,"Credit Repair & Financial Services in Vista, CA (2026)",Credit Repair & Financial Services in Vista,1695,178,10,21,0,0,False,True
city,waco-tx,https://www.creditdoc.co/city/waco-tx/,"Credit Repair & Financial Services in Waco, TX (2026)",Credit Repair & Financial Services in Waco,1727,180,13,21,0,1,False,True
city,walnut-creek-ca,https://www.creditdoc.co/city/walnut-creek-ca/,"Credit Repair & Financial Services in Walnut Creek, CA",Credit Repair & Financial Services in Walnut Creek,1453,173,10,21,0,0,False,True
city,warr-acres-ok,https://www.creditdoc.co/city/warr-acres-ok/,"Credit Repair & Financial Services in Warr Acres, OK (2026)",Credit Repair & Financial Services in Warr Acres,1552,175,12,21,0,0,False,True
city,warren-mi,https://www.creditdoc.co/city/warren-mi/,"Credit Repair & Financial Services in Warren, MI (2026)",Credit Repair & Financial Services in Warren,1733,182,14,21,0,0,False,True
city,washington-pa,https://www.creditdoc.co/city/washington-pa/,"Credit Repair & Financial Services in Washington, PA (2026)",Credit Repair & Financial Services in Washington,1538,175,12,21,0,0,False,True
city,waukesha-wi,https://www.creditdoc.co/city/waukesha-wi/,"Credit Repair & Financial Services in Waukesha, WI (2026)",Credit Repair & Financial Services in Waukesha,1422,173,10,21,0,0,False,True
city,wausau-wi,https://www.creditdoc.co/city/wausau-wi/,"Credit Repair & Financial Services in Wausau, WI (2026)",Credit Repair & Financial Services in Wausau,1498,173,12,21,0,0,False,True
city,wauwatosa-wi,https://www.creditdoc.co/city/wauwatosa-wi/,"Credit Repair & Financial Services in Wauwatosa, WI (2026)",Credit Repair & Financial Services in Wauwatosa,1418,173,6,21,0,0,False,True
city,west-allis-wi,https://www.creditdoc.co/city/west-allis-wi/,"Credit Repair & Financial Services in West Allis, WI (2026)",Credit Repair & Financial Services in West Allis,1577,178,10,21,0,0,False,True
city,west-des-moines-ia,https://www.creditdoc.co/city/west-des-moines-ia/,"Credit Repair & Financial Services in West Des Moines, IA",Credit Repair & Financial Services in West Des Moines,1493,172,12,21,0,1,False,True
city,west-memphis-ar,https://www.creditdoc.co/city/west-memphis-ar/,"Credit Repair & Financial Services in West Memphis, AR",Credit Repair & Financial Services in West Memphis,1427,173,10,21,0,0,False,True
city,west-new-york-nj,https://www.creditdoc.co/city/west-new-york-nj/,"Credit Repair & Financial Services in West New York, NJ",Credit Repair & Financial Services in West New York,1653,178,8,21,0,1,False,True
city,west-palm-beach-fl,https://www.creditdoc.co/city/west-palm-beach-fl/,"Credit Repair & Financial Services in West Palm Beach, FL",Credit Repair & Financial Services in West Palm Beach,1627,175,12,21,0,0,False,True
city,west-sacramento-ca,https://www.creditdoc.co/city/west-sacramento-ca/,"Credit Repair & Financial Services in West Sacramento, CA",Credit Repair & Financial Services in West Sacramento,1402,171,10,21,0,0,False,True
city,westland-mi,https://www.creditdoc.co/city/westland-mi/,"Credit Repair & Financial Services in Westland, MI (2026)",Credit Repair & Financial Services in Westland,1446,171,10,21,0,0,False,True
city,westminster-co,https://www.creditdoc.co/city/westminster-co/,"Credit Repair & Financial Services in Westminster, CO (2026)",Credit Repair & Financial Services in Westminster,1625,181,9,21,0,0,False,True
city,wichita-ks,https://www.creditdoc.co/city/wichita-ks/,"Credit Repair & Financial Services in Wichita, KS (2026)",Credit Repair & Financial Services in Wichita,1705,179,15,21,0,1,False,True
city,wilmington-ca,https://www.creditdoc.co/city/wilmington-ca/,"Credit Repair & Financial Services in Wilmington, CA (2026)",Credit Repair & Financial Services in Wilmington,1387,173,8,21,0,0,False,True
city,wilmington-de,https://www.creditdoc.co/city/wilmington-de/,"Credit Repair & Financial Services in Wilmington, DE (2026)",Credit Repair & Financial Services in Wilmington,2289,192,21,21,0,3,False,True
city,winston-salem-nc,https://www.creditdoc.co/city/winston-salem-nc/,"Credit Repair & Financial Services in Winston Salem, NC",Credit Repair & Financial Services in Winston Salem,1457,173,10,21,0,0,False,True
city,winter-park-fl,https://www.creditdoc.co/city/winter-park-fl/,"Credit Repair & Financial Services in Winter Park, FL (2026)",Credit Repair & Financial Services in Winter Park,1651,181,10,21,0,0,False,True
city,worcester-ma,https://www.creditdoc.co/city/worcester-ma/,"Credit Repair & Financial Services in Worcester, MA (2026)",Credit Repair & Financial Services in Worcester,1434,173,10,21,0,0,False,True
city,youngstown-oh,https://www.creditdoc.co/city/youngstown-oh/,"Credit Repair & Financial Services in Youngstown, OH (2026)",Credit Repair & Financial Services in Youngstown,1532,175,12,21,0,0,False,True
browse_service_city,atm/brooklyn-ny,https://www.creditdoc.co/browse/atm/brooklyn-ny/,"ATMs & Cash Access in Brooklyn, NY (2026) | CreditDoc","ATMs & Cash Access Provider Profiles in Brooklyn, NY",1036,140,8,23,0,0,False,True
browse_service_city,atm/new-york-ny,https://www.creditdoc.co/browse/atm/new-york-ny/,"ATMs & Cash Access in New York, NY (2026) | CreditDoc","ATMs & Cash Access Provider Profiles in New York, NY",1026,139,4,23,0,0,False,True
browse_service_city,banking/atlanta-ga,https://www.creditdoc.co/browse/banking/atlanta-ga/,"Banks in Atlanta, GA (2026) | CreditDoc","Banks Provider Profiles in Atlanta, GA",1185,142,10,23,0,0,False,True
browse_service_city,banking/austin-tx,https://www.creditdoc.co/browse/banking/austin-tx/,"Banks in Austin, TX (2026) | CreditDoc","Banks Provider Profiles in Austin, TX",1071,140,8,23,0,0,False,True
browse_service_city,banking/birmingham-al,https://www.creditdoc.co/browse/banking/birmingham-al/,"Banks in Birmingham, AL (2026) | CreditDoc","Banks Provider Profiles in Birmingham, AL",902,138,6,23,0,0,False,True
browse_service_city,banking/brooklyn-ny,https://www.creditdoc.co/browse/banking/brooklyn-ny/,"Banks in Brooklyn, NY (2026) | CreditDoc","Banks Provider Profiles in Brooklyn, NY",964,139,7,23,0,0,False,True
browse_service_city,banking/charlotte-nc,https://www.creditdoc.co/browse/banking/charlotte-nc/,"Banks in Charlotte, NC (2026) | CreditDoc","Banks Provider Profiles in Charlotte, NC",1520,148,16,23,0,0,False,True
browse_service_city,banking/chicago-il,https://www.creditdoc.co/browse/banking/chicago-il/,"Banks in Chicago, IL (2026) | CreditDoc","Banks Provider Profiles in Chicago, IL",2242,162,30,23,0,0,False,True
browse_service_city,banking/cincinnati-oh,https://www.creditdoc.co/browse/banking/cincinnati-oh/,"Banks in Cincinnati, OH (2026) | CreditDoc","Banks Provider Profiles in Cincinnati, OH",875,137,5,23,0,0,False,True
browse_service_city,banking/colorado-springs-co,https://www.creditdoc.co/browse/banking/colorado-springs-co/,"Banks in Colorado Springs, CO (2026) | CreditDoc","Banks Provider Profiles in Colorado Springs, CO",1021,140,8,23,0,0,False,True
browse_service_city,banking/columbus-oh,https://www.creditdoc.co/browse/banking/columbus-oh/,"Banks in Columbus, OH (2026) | CreditDoc","Banks Provider Profiles in Columbus, OH",869,137,5,23,0,0,False,True
browse_service_city,banking/dallas-tx,https://www.creditdoc.co/browse/banking/dallas-tx/,"Banks in Dallas, TX (2026) | CreditDoc","Banks Provider Profiles in Dallas, TX",1718,152,20,23,0,0,False,True
browse_service_city,banking/denver-co,https://www.creditdoc.co/browse/banking/denver-co/,"Banks in Denver, CO (2026) | CreditDoc","Banks Provider Profiles in Denver, CO",1440,146,14,23,0,0,False,True
browse_service_city,banking/fargo-nd,https://www.creditdoc.co/browse/banking/fargo-nd/,"Banks in Fargo, ND (2026) | CreditDoc","Banks Provider Profiles in Fargo, ND",961,139,7,23,0,0,False,True
browse_service_city,banking/fort-worth-tx,https://www.creditdoc.co/browse/banking/fort-worth-tx/,"Banks in Fort Worth, TX (2026) | CreditDoc","Banks Provider Profiles in Fort Worth, TX",1489,147,15,23,0,0,False,True
browse_service_city,banking/honolulu-hi,https://www.creditdoc.co/browse/banking/honolulu-hi/,"Banks in Honolulu, HI (2026) | CreditDoc","Banks Provider Profiles in Honolulu, HI",944,138,6,23,0,0,False,True
browse_service_city,banking/houston-tx,https://www.creditdoc.co/browse/banking/houston-tx/,"Banks in Houston, TX (2026) | CreditDoc","Banks Provider Profiles in Houston, TX",1492,148,16,23,0,0,False,True
browse_service_city,banking/irvine-ca,https://www.creditdoc.co/browse/banking/irvine-ca/,"Banks in Irvine, CA (2026) | CreditDoc","Banks Provider Profiles in Irvine, CA",959,139,7,23,0,0,False,True
browse_service_city,banking/jefferson-city-mo,https://www.creditdoc.co/browse/banking/jefferson-city-mo/,"Banks in Jefferson City, MO (2026) | CreditDoc","Banks Provider Profiles in Jefferson City, MO",865,137,5,23,0,0,False,True
browse_service_city,banking/kansas-city-mo,https://www.creditdoc.co/browse/banking/kansas-city-mo/,"Banks in Kansas City, MO (2026) | CreditDoc","Banks Provider Profiles in Kansas City, MO",876,137,5,23,0,0,False,True
browse_service_city,banking/las-vegas-nv,https://www.creditdoc.co/browse/banking/las-vegas-nv/,"Banks in Las Vegas, NV (2026) | CreditDoc","Banks Provider Profiles in Las Vegas, NV",1162,142,10,23,0,0,False,True
browse_service_city,banking/lexington-ky,https://www.creditdoc.co/browse/banking/lexington-ky/,"Banks in Lexington, KY (2026) | CreditDoc","Banks Provider Profiles in Lexington, KY",796,136,4,23,0,0,False,True
browse_service_city,banking/lincoln-ne,https://www.creditdoc.co/browse/banking/lincoln-ne/,"Banks in Lincoln, NE (2026) | CreditDoc","Banks Provider Profiles in Lincoln, NE",1032,140,8,23,0,0,False,True
browse_service_city,banking/little-rock-ar,https://www.creditdoc.co/browse/banking/little-rock-ar/,"Banks in Little Rock, AR (2026) | CreditDoc","Banks Provider Profiles in Little Rock, AR",875,137,5,23,0,0,False,True
browse_service_city,banking/long-island-city-ny,https://www.creditdoc.co/browse/banking/long-island-city-ny/,"Banks in Long Island City, NY (2026) | CreditDoc","Banks Provider Profiles in Long Island City, NY",1212,142,10,23,0,0,False,True
browse_service_city,banking/los-angeles-ca,https://www.creditdoc.co/browse/banking/los-angeles-ca/,"Banks in Los Angeles, CA (2026) | CreditDoc","Banks Provider Profiles in Los Angeles, CA",1610,150,18,23,0,0,False,True
browse_service_city,banking/madison-wi,https://www.creditdoc.co/browse/banking/madison-wi/,"Banks in Madison, WI (2026) | CreditDoc","Banks Provider Profiles in Madison, WI",925,138,6,23,0,0,False,True
browse_service_city,banking/memphis-tn,https://www.creditdoc.co/browse/banking/memphis-tn/,"Banks in Memphis, TN (2026) | CreditDoc","Banks Provider Profiles in Memphis, TN",1449,146,14,23,0,0,False,True
browse_service_city,banking/miami-fl,https://www.creditdoc.co/browse/banking/miami-fl/,"Banks in Miami, FL (2026) | CreditDoc","Banks Provider Profiles in Miami, FL",1581,150,18,23,0,0,False,True
browse_service_city,banking/minneapolis-mn,https://www.creditdoc.co/browse/banking/minneapolis-mn/,"Banks in Minneapolis, MN (2026) | CreditDoc","Banks Provider Profiles in Minneapolis, MN",818,136,4,23,0,0,False,True
browse_service_city,banking/nashville-tn,https://www.creditdoc.co/browse/banking/nashville-tn/,"Banks in Nashville, TN (2026) | CreditDoc","Banks Provider Profiles in Nashville, TN",1468,146,14,23,0,0,False,True
browse_service_city,banking/new-orleans-la,https://www.creditdoc.co/browse/banking/new-orleans-la/,"Banks in New Orleans, LA (2026) | CreditDoc","Banks Provider Profiles in New Orleans, LA",937,138,6,23,0,0,False,True
browse_service_city,banking/new-york-ny,https://www.creditdoc.co/browse/banking/new-york-ny/,"Banks in New York, NY (2026) | CreditDoc","Banks Provider Profiles in New York, NY",4476,198,57,23,0,0,False,True
browse_service_city,banking/oklahoma-city-ok,https://www.creditdoc.co/browse/banking/oklahoma-city-ok/,"Banks in Oklahoma City, OK (2026) | CreditDoc","Banks Provider Profiles in Oklahoma City, OK",1480,148,16,23,0,0,False,True
browse_service_city,banking/omaha-ne,https://www.creditdoc.co/browse/banking/omaha-ne/,"Banks in Omaha, NE (2026) | CreditDoc","Banks Provider Profiles in Omaha, NE",1096,141,9,23,0,0,False,True
browse_service_city,banking/philadelphia-pa,https://www.creditdoc.co/browse/banking/philadelphia-pa/,"Banks in Philadelphia, PA (2026) | CreditDoc","Banks Provider Profiles in Philadelphia, PA",1734,152,20,23,0,0,False,True
browse_service_city,banking/phoenix-az,https://www.creditdoc.co/browse/banking/phoenix-az/,"Banks in Phoenix, AZ (2026) | CreditDoc","Banks Provider Profiles in Phoenix, AZ",975,139,6,23,0,0,False,True
browse_service_city,banking/pittsburgh-pa,https://www.creditdoc.co/browse/banking/pittsburgh-pa/,"Banks in Pittsburgh, PA (2026) | CreditDoc","Banks Provider Profiles in Pittsburgh, PA",865,137,5,23,0,0,False,True
browse_service_city,banking/saint-louis-mo,https://www.creditdoc.co/browse/banking/saint-louis-mo/,"Banks in Saint Louis, MO (2026) | CreditDoc","Banks Provider Profiles in Saint Louis, MO",999,139,7,23,0,0,False,True
browse_service_city,banking/salt-lake-city-ut,https://www.creditdoc.co/browse/banking/salt-lake-city-ut/,"Banks in Salt Lake City, UT (2026) | CreditDoc","Banks Provider Profiles in Salt Lake City, UT",1346,145,13,23,0,0,False,True
browse_service_city,banking/san-antonio-tx,https://www.creditdoc.co/browse/banking/san-antonio-tx/,"Banks in San Antonio, TX (2026) | CreditDoc","Banks Provider Profiles in San Antonio, TX",1265,143,11,23,0,0,False,True
browse_service_city,banking/san-diego-ca,https://www.creditdoc.co/browse/banking/san-diego-ca/,"Banks in San Diego, CA (2026) | CreditDoc","Banks Provider Profiles in San Diego, CA",1406,145,13,23,0,0,False,True
browse_service_city,banking/san-francisco-ca,https://www.creditdoc.co/browse/banking/san-francisco-ca/,"Banks in San Francisco, CA (2026) | CreditDoc","Banks Provider Profiles in San Francisco, CA",1161,142,10,23,0,0,False,True
browse_service_city,banking/sarasota-fl,https://www.creditdoc.co/browse/banking/sarasota-fl/,"Banks in Sarasota, FL (2026) | CreditDoc","Banks Provider Profiles in Sarasota, FL",1666,149,17,23,0,0,False,True
browse_service_city,banking/seattle-wa,https://www.creditdoc.co/browse/banking/seattle-wa/,"Banks in Seattle, WA (2026) | CreditDoc","Banks Provider Profiles in Seattle, WA",1207,142,10,23,0,0,False,True
browse_service_city,banking/sioux-falls-sd,https://www.creditdoc.co/browse/banking/sioux-falls-sd/,"Banks in Sioux Falls, SD (2026) | CreditDoc","Banks Provider Profiles in Sioux Falls, SD",1104,141,9,23,0,0,False,True
browse_service_city,banking/springfield-mo,https://www.creditdoc.co/browse/banking/springfield-mo/,"Banks in Springfield, MO (2026) | CreditDoc","Banks Provider Profiles in Springfield, MO",915,138,6,23,0,0,False,True
browse_service_city,banking/topeka-ks,https://www.creditdoc.co/browse/banking/topeka-ks/,"Banks in Topeka, KS (2026) | CreditDoc","Banks Provider Profiles in Topeka, KS",847,137,5,23,0,0,False,True
browse_service_city,banking/tulsa-ok,https://www.creditdoc.co/browse/banking/tulsa-ok/,"Banks in Tulsa, OK (2026) | CreditDoc","Banks Provider Profiles in Tulsa, OK",1091,142,10,23,0,0,False,True
browse_service_city,banking/waco-tx,https://www.creditdoc.co/browse/banking/waco-tx/,"Banks in Waco, TX (2026) | CreditDoc","Banks Provider Profiles in Waco, TX",886,137,5,23,0,0,False,True
browse_service_city,banking/west-des-moines-ia,https://www.creditdoc.co/browse/banking/west-des-moines-ia/,"Banks in West Des Moines, IA (2026) | CreditDoc","Banks Provider Profiles in West Des Moines, IA",914,138,6,23,0,0,False,True
browse_service_city,banking/wichita-ks,https://www.creditdoc.co/browse/banking/wichita-ks/,"Banks in Wichita, KS (2026) | CreditDoc","Banks Provider Profiles in Wichita, KS",1029,140,8,23,0,0,False,True
browse_service_city,banking/wilmington-de,https://www.creditdoc.co/browse/banking/wilmington-de/,"Banks in Wilmington, DE (2026) | CreditDoc","Banks Provider Profiles in Wilmington, DE",1211,143,10,23,0,0,False,True
browse_service_city,bankruptcy/atlanta-ga,https://www.creditdoc.co/browse/bankruptcy/atlanta-ga/,"Bankruptcy Services in Atlanta, GA (2026) | CreditDoc","Bankruptcy Services Provider Profiles in Atlanta, GA",2153,156,23,23,0,0,False,True
browse_service_city,bankruptcy/charlotte-nc,https://www.creditdoc.co/browse/bankruptcy/charlotte-nc/,"Bankruptcy Services in Charlotte, NC (2026) | CreditDoc","Bankruptcy Services Provider Profiles in Charlotte, NC",1608,148,14,23,0,0,False,True
browse_service_city,bankruptcy/chicago-il,https://www.creditdoc.co/browse/bankruptcy/chicago-il/,"Bankruptcy Services in Chicago, IL (2026) | CreditDoc","Bankruptcy Services Provider Profiles in Chicago, IL",3524,179,44,23,0,0,False,True
browse_service_city,bankruptcy/columbus-oh,https://www.creditdoc.co/browse/bankruptcy/columbus-oh/,"Bankruptcy Services in Columbus, OH (2026) | CreditDoc","Bankruptcy Services Provider Profiles in Columbus, OH",2390,159,26,23,0,0,False,True
browse_service_city,bankruptcy/dallas-tx,https://www.creditdoc.co/browse/bankruptcy/dallas-tx/,"Bankruptcy Services in Dallas, TX (2026) | CreditDoc","Bankruptcy Services Provider Profiles in Dallas, TX",1737,149,17,23,0,0,False,True
browse_service_city,bankruptcy/denver-co,https://www.creditdoc.co/browse/bankruptcy/denver-co/,"Bankruptcy Services in Denver, CO (2026) | CreditDoc","Bankruptcy Services Provider Profiles in Denver, CO",2435,161,29,23,0,0,False,True
browse_service_city,bankruptcy/fort-worth-tx,https://www.creditdoc.co/browse/bankruptcy/fort-worth-tx/,"Bankruptcy Services in Fort Worth, TX (2026) | CreditDoc","Bankruptcy Services Provider Profiles in Fort Worth, TX",1627,147,14,23,0,0,False,True
browse_service_city,bankruptcy/houston-tx,https://www.creditdoc.co/browse/bankruptcy/houston-tx/,"Bankruptcy Services in Houston, TX (2026) | CreditDoc","Bankruptcy Services Provider Profiles in Houston, TX",1755,150,15,23,0,0,False,True
browse_service_city,bankruptcy/indianapolis-in,https://www.creditdoc.co/browse/bankruptcy/indianapolis-in/,"Bankruptcy Services in Indianapolis, IN (2026) | CreditDoc","Bankruptcy Services Provider Profiles in Indianapolis, IN",1827,151,18,23,0,0,False,True
browse_service_city,bankruptcy/jacksonville-fl,https://www.creditdoc.co/browse/bankruptcy/jacksonville-fl/,"Bankruptcy Services in Jacksonville, FL (2026) | CreditDoc","Bankruptcy Services Provider Profiles in Jacksonville, FL",1962,152,20,23,0,0,False,True
browse_service_city,bankruptcy/las-vegas-nv,https://www.creditdoc.co/browse/bankruptcy/las-vegas-nv/,"Bankruptcy Services in Las Vegas, NV (2026) | CreditDoc","Bankruptcy Services Provider Profiles in Las Vegas, NV",1780,150,17,23,0,0,False,True
browse_service_city,bankruptcy/los-angeles-ca,https://www.creditdoc.co/browse/bankruptcy/los-angeles-ca/,"Bankruptcy Services in Los Angeles, CA (2026) | CreditDoc","Bankruptcy Services Provider Profiles in Los Angeles, CA",1444,144,11,23,0,0,False,True
browse_service_city,bankruptcy/memphis-tn,https://www.creditdoc.co/browse/bankruptcy/memphis-tn/,"Bankruptcy Services in Memphis, TN (2026) | CreditDoc","Bankruptcy Services Provider Profiles in Memphis, TN",1934,152,18,23,0,0,False,True
browse_service_city,bankruptcy/miami-fl,https://www.creditdoc.co/browse/bankruptcy/miami-fl/,"Bankruptcy Services in Miami, FL (2026) | CreditDoc","Bankruptcy Services Provider Profiles in Miami, FL",1366,144,12,23,0,0,False,True
browse_service_city,bankruptcy/nashville-tn,https://www.creditdoc.co/browse/bankruptcy/nashville-tn/,"Bankruptcy Services in Nashville, TN (2026) | CreditDoc","Bankruptcy Services Provider Profiles in Nashville, TN",1776,150,18,23,0,0,False,True
browse_service_city,bankruptcy/new-york-ny,https://www.creditdoc.co/browse/bankruptcy/new-york-ny/,"Bankruptcy Services in New York, NY (2026) | CreditDoc","Bankruptcy Services Provider Profiles in New York, NY",2297,158,25,23,0,0,False,True
browse_service_city,bankruptcy/philadelphia-pa,https://www.creditdoc.co/browse/bankruptcy/philadelphia-pa/,"Bankruptcy Services in Philadelphia, PA (2026) | CreditDoc","Bankruptcy Services Provider Profiles in Philadelphia, PA",2834,168,30,23,0,0,False,True
browse_service_city,bankruptcy/phoenix-az,https://www.creditdoc.co/browse/bankruptcy/phoenix-az/,"Bankruptcy Services in Phoenix, AZ (2026) | CreditDoc","Bankruptcy Services Provider Profiles in Phoenix, AZ",2287,158,26,23,0,0,False,True
browse_service_city,bankruptcy/san-antonio-tx,https://www.creditdoc.co/browse/bankruptcy/san-antonio-tx/,"Bankruptcy Services in San Antonio, TX (2026) | CreditDoc","Bankruptcy Services Provider Profiles in San Antonio, TX",2058,155,16,23,0,0,False,True
browse_service_city,bankruptcy/san-diego-ca,https://www.creditdoc.co/browse/bankruptcy/san-diego-ca/,"Bankruptcy Services in San Diego, CA (2026) | CreditDoc","Bankruptcy Services Provider Profiles in San Diego, CA",2184,157,23,23,0,0,False,True
browse_service_city,bankruptcy/san-jose-ca,https://www.creditdoc.co/browse/bankruptcy/san-jose-ca/,"Bankruptcy Services in San Jose, CA (2026) | CreditDoc","Bankruptcy Services Provider Profiles in San Jose, CA",1948,152,19,23,0,0,False,True
browse_service_city,bankruptcy/seattle-wa,https://www.creditdoc.co/browse/bankruptcy/seattle-wa/,"Bankruptcy Services in Seattle, WA (2026) | CreditDoc","Bankruptcy Services Provider Profiles in Seattle, WA",1529,146,14,23,0,0,False,True
browse_service_city,bankruptcy/southfield-mi,https://www.creditdoc.co/browse/bankruptcy/southfield-mi/,"Bankruptcy Services in Southfield, MI (2026) | CreditDoc","Bankruptcy Services Provider Profiles in Southfield, MI",1226,141,9,23,0,0,False,True
browse_service_city,build-credit/chicago-il,https://www.creditdoc.co/browse/build-credit/chicago-il/,"Credit Building in Chicago, IL (2026) | CreditDoc","Credit Building Provider Profiles in Chicago, IL",1127,140,8,23,0,0,False,True
browse_service_city,business-loans/atlanta-ga,https://www.creditdoc.co/browse/business-loans/atlanta-ga/,"Business Loans in Atlanta, GA (2026) | CreditDoc","Business Loans Provider Profiles in Atlanta, GA",1986,154,22,23,0,0,False,True
browse_service_city,business-loans/austin-tx,https://www.creditdoc.co/browse/business-loans/austin-tx/,"Business Loans in Austin, TX (2026) | CreditDoc","Business Loans Provider Profiles in Austin, TX",1553,147,15,23,0,0,False,True
browse_service_city,business-loans/brooklyn-ny,https://www.creditdoc.co/browse/business-loans/brooklyn-ny/,"Business Loans in Brooklyn, NY (2026) | CreditDoc","Business Loans Provider Profiles in Brooklyn, NY",1306,143,11,23,0,0,False,True
browse_service_city,business-loans/charlotte-nc,https://www.creditdoc.co/browse/business-loans/charlotte-nc/,"Business Loans in Charlotte, NC (2026) | CreditDoc","Business Loans Provider Profiles in Charlotte, NC",1704,149,17,23,0,0,False,True
browse_service_city,business-loans/chicago-il,https://www.creditdoc.co/browse/business-loans/chicago-il/,"Business Loans in Chicago, IL (2026) | CreditDoc","Business Loans Provider Profiles in Chicago, IL",2332,159,26,23,0,0,False,True
browse_service_city,business-loans/columbus-oh,https://www.creditdoc.co/browse/business-loans/columbus-oh/,"Business Loans in Columbus, OH (2026) | CreditDoc","Business Loans Provider Profiles in Columbus, OH",1238,142,10,23,0,0,False,True
browse_service_city,business-loans/dallas-tx,https://www.creditdoc.co/browse/business-loans/dallas-tx/,"Business Loans in Dallas, TX (2026) | CreditDoc","Business Loans Provider Profiles in Dallas, TX",2007,153,19,23,0,0,False,True
browse_service_city,business-loans/denver-co,https://www.creditdoc.co/browse/business-loans/denver-co/,"Business Loans in Denver, CO (2026) | CreditDoc","Business Loans Provider Profiles in Denver, CO",1653,149,14,23,0,0,False,True
browse_service_city,business-loans/detroit-mi,https://www.creditdoc.co/browse/business-loans/detroit-mi/,"Business Loans in Detroit, MI (2026) | CreditDoc","Business Loans Provider Profiles in Detroit, MI",1100,140,8,23,0,0,False,True
browse_service_city,business-loans/houston-tx,https://www.creditdoc.co/browse/business-loans/houston-tx/,"Business Loans in Houston, TX (2026) | CreditDoc","Business Loans Provider Profiles in Houston, TX",1644,149,17,23,0,0,False,True
browse_service_city,business-loans/las-vegas-nv,https://www.creditdoc.co/browse/business-loans/las-vegas-nv/,"Business Loans in Las Vegas, NV (2026) | CreditDoc","Business Loans Provider Profiles in Las Vegas, NV",1473,146,12,23,0,0,False,True
browse_service_city,business-loans/los-angeles-ca,https://www.creditdoc.co/browse/business-loans/los-angeles-ca/,"Business Loans in Los Angeles, CA (2026) | CreditDoc","Business Loans Provider Profiles in Los Angeles, CA",1738,150,18,23,0,0,False,True
browse_service_city,business-loans/miami-fl,https://www.creditdoc.co/browse/business-loans/miami-fl/,"Business Loans in Miami, FL (2026) | CreditDoc","Business Loans Provider Profiles in Miami, FL",2094,156,23,23,0,0,False,True
browse_service_city,business-loans/nashville-tn,https://www.creditdoc.co/browse/business-loans/nashville-tn/,"Business Loans in Nashville, TN (2026) | CreditDoc","Business Loans Provider Profiles in Nashville, TN",1526,146,14,23,0,0,False,True
browse_service_city,business-loans/new-york-ny,https://www.creditdoc.co/browse/business-loans/new-york-ny/,"Business Loans in New York, NY (2026) | CreditDoc","Business Loans Provider Profiles in New York, NY",6282,222,90,23,0,0,False,True
browse_service_city,business-loans/philadelphia-pa,https://www.creditdoc.co/browse/business-loans/philadelphia-pa/,"Business Loans in Philadelphia, PA (2026) | CreditDoc","Business Loans Provider Profiles in Philadelphia, PA",2201,158,26,23,0,0,False,True
browse_service_city,business-loans/phoenix-az,https://www.creditdoc.co/browse/business-loans/phoenix-az/,"Business Loans in Phoenix, AZ (2026) | CreditDoc","Business Loans Provider Profiles in Phoenix, AZ",928,138,6,23,0,0,False,True
browse_service_city,business-loans/san-antonio-tx,https://www.creditdoc.co/browse/business-loans/san-antonio-tx/,"Business Loans in San Antonio, TX (2026) | CreditDoc","Business Loans Provider Profiles in San Antonio, TX",1403,145,12,23,0,0,False,True
browse_service_city,business-loans/san-diego-ca,https://www.creditdoc.co/browse/business-loans/san-diego-ca/,"Business Loans in San Diego, CA (2026) | CreditDoc","Business Loans Provider Profiles in San Diego, CA",2068,154,22,23,0,0,False,True
browse_service_city,business-loans/san-francisco-ca,https://www.creditdoc.co/browse/business-loans/san-francisco-ca/,"Business Loans in San Francisco, CA (2026) | CreditDoc","Business Loans Provider Profiles in San Francisco, CA",1583,147,15,23,0,0,False,True
browse_service_city,business-loans/seattle-wa,https://www.creditdoc.co/browse/business-loans/seattle-wa/,"Business Loans in Seattle, WA (2026) | CreditDoc","Business Loans Provider Profiles in Seattle, WA",1045,139,7,23,0,0,False,True
browse_service_city,check-cashing/albuquerque-nm,https://www.creditdoc.co/browse/check-cashing/albuquerque-nm/,"Check Cashing & Money Services in Albuquerque, NM (2026)","Check Cashing & Money Services Provider Profiles in Albuquerque, NM",1672,152,14,23,0,0,False,True
browse_service_city,check-cashing/arlington-tx,https://www.creditdoc.co/browse/check-cashing/arlington-tx/,"Check Cashing & Money Services in Arlington, TX (2026)","Check Cashing & Money Services Provider Profiles in Arlington, TX",1332,146,12,23,0,0,False,True
browse_service_city,check-cashing/atlanta-ga,https://www.creditdoc.co/browse/check-cashing/atlanta-ga/,"Check Cashing & Money Services in Atlanta, GA (2026)","Check Cashing & Money Services Provider Profiles in Atlanta, GA",1492,149,15,23,0,0,False,True
browse_service_city,check-cashing/austin-tx,https://www.creditdoc.co/browse/check-cashing/austin-tx/,"Check Cashing & Money Services in Austin, TX (2026)","Check Cashing & Money Services Provider Profiles in Austin, TX",1849,155,14,23,0,0,False,True
browse_service_city,check-cashing/bakersfield-ca,https://www.creditdoc.co/browse/check-cashing/bakersfield-ca/,"Check Cashing & Money Services in Bakersfield, CA (2026)","Check Cashing & Money Services Provider Profiles in Bakersfield, CA",1346,146,12,23,0,0,False,True
browse_service_city,check-cashing/baltimore-md,https://www.creditdoc.co/browse/check-cashing/baltimore-md/,"Check Cashing & Money Services in Baltimore, MD (2026)","Check Cashing & Money Services Provider Profiles in Baltimore, MD",1287,145,13,23,0,0,False,True
browse_service_city,check-cashing/brooklyn-ny,https://www.creditdoc.co/browse/check-cashing/brooklyn-ny/,"Check Cashing & Money Services in Brooklyn, NY (2026)","Check Cashing & Money Services Provider Profiles in Brooklyn, NY",1887,156,23,23,0,0,False,True
browse_service_city,check-cashing/charlotte-nc,https://www.creditdoc.co/browse/check-cashing/charlotte-nc/,"Check Cashing & Money Services in Charlotte, NC (2026)","Check Cashing & Money Services Provider Profiles in Charlotte, NC",1352,146,10,23,0,0,False,True
browse_service_city,check-cashing/chicago-il,https://www.creditdoc.co/browse/check-cashing/chicago-il/,"Check Cashing & Money Services in Chicago, IL (2026)","Check Cashing & Money Services Provider Profiles in Chicago, IL",5214,210,67,23,0,0,False,True
browse_service_city,check-cashing/cincinnati-oh,https://www.creditdoc.co/browse/check-cashing/cincinnati-oh/,"Check Cashing & Money Services in Cincinnati, OH (2026)","Check Cashing & Money Services Provider Profiles in Cincinnati, OH",959,139,7,23,0,0,False,True
browse_service_city,check-cashing/cleveland-oh,https://www.creditdoc.co/browse/check-cashing/cleveland-oh/,"Check Cashing & Money Services in Cleveland, OH (2026)","Check Cashing & Money Services Provider Profiles in Cleveland, OH",1173,143,11,23,0,0,False,True
browse_service_city,check-cashing/colorado-springs-co,https://www.creditdoc.co/browse/check-cashing/colorado-springs-co/,"Check Cashing & Money Services in Colorado Springs, CO","Check Cashing & Money Services Provider Profiles in Colorado Springs, CO",1076,141,6,23,0,0,False,True
browse_service_city,check-cashing/columbus-oh,https://www.creditdoc.co/browse/check-cashing/columbus-oh/,"Check Cashing & Money Services in Columbus, OH (2026)","Check Cashing & Money Services Provider Profiles in Columbus, OH",1588,151,13,23,0,0,False,True
browse_service_city,check-cashing/dallas-tx,https://www.creditdoc.co/browse/check-cashing/dallas-tx/,"Check Cashing & Money Services in Dallas, TX (2026)","Check Cashing & Money Services Provider Profiles in Dallas, TX",2419,166,32,23,0,0,False,True
browse_service_city,check-cashing/denver-co,https://www.creditdoc.co/browse/check-cashing/denver-co/,"Check Cashing & Money Services in Denver, CO (2026)","Check Cashing & Money Services Provider Profiles in Denver, CO",1405,148,14,23,0,0,False,True
browse_service_city,check-cashing/detroit-mi,https://www.creditdoc.co/browse/check-cashing/detroit-mi/,"Check Cashing & Money Services in Detroit, MI (2026)","Check Cashing & Money Services Provider Profiles in Detroit, MI",1720,153,20,23,0,0,False,True
browse_service_city,check-cashing/fort-worth-tx,https://www.creditdoc.co/browse/check-cashing/fort-worth-tx/,"Check Cashing & Money Services in Fort Worth, TX (2026)","Check Cashing & Money Services Provider Profiles in Fort Worth, TX",1405,147,14,23,0,0,False,True
browse_service_city,check-cashing/fresno-ca,https://www.creditdoc.co/browse/check-cashing/fresno-ca/,"Check Cashing & Money Services in Fresno, CA (2026)","Check Cashing & Money Services Provider Profiles in Fresno, CA",1500,149,13,23,0,0,False,True
browse_service_city,check-cashing/hialeah-fl,https://www.creditdoc.co/browse/check-cashing/hialeah-fl/,"Check Cashing & Money Services in Hialeah, FL (2026)","Check Cashing & Money Services Provider Profiles in Hialeah, FL",887,137,3,23,0,0,False,True
browse_service_city,check-cashing/houston-tx,https://www.creditdoc.co/browse/check-cashing/houston-tx/,"Check Cashing & Money Services in Houston, TX (2026)","Check Cashing & Money Services Provider Profiles in Houston, TX",4427,201,48,23,0,0,False,True
browse_service_city,check-cashing/indianapolis-in,https://www.creditdoc.co/browse/check-cashing/indianapolis-in/,"Check Cashing & Money Services in Indianapolis, IN (2026)","Check Cashing & Money Services Provider Profiles in Indianapolis, IN",1383,147,12,23,0,0,False,True
browse_service_city,check-cashing/jacksonville-fl,https://www.creditdoc.co/browse/check-cashing/jacksonville-fl/,"Check Cashing & Money Services in Jacksonville, FL (2026)","Check Cashing & Money Services Provider Profiles in Jacksonville, FL",891,138,6,23,0,0,False,True
browse_service_city,check-cashing/jersey-city-nj,https://www.creditdoc.co/browse/check-cashing/jersey-city-nj/,"Check Cashing & Money Services in Jersey City, NJ (2026)","Check Cashing & Money Services Provider Profiles in Jersey City, NJ",1166,142,10,23,0,0,False,True
browse_service_city,check-cashing/kansas-city-mo,https://www.creditdoc.co/browse/check-cashing/kansas-city-mo/,"Check Cashing & Money Services in Kansas City, MO (2026)","Check Cashing & Money Services Provider Profiles in Kansas City, MO",1402,146,9,23,0,0,False,True
browse_service_city,check-cashing/las-vegas-nv,https://www.creditdoc.co/browse/check-cashing/las-vegas-nv/,"Check Cashing & Money Services in Las Vegas, NV (2026)","Check Cashing & Money Services Provider Profiles in Las Vegas, NV",1376,146,10,23,0,0,False,True
browse_service_city,check-cashing/long-beach-ca,https://www.creditdoc.co/browse/check-cashing/long-beach-ca/,"Check Cashing & Money Services in Long Beach, CA (2026)","Check Cashing & Money Services Provider Profiles in Long Beach, CA",1719,152,14,23,0,0,False,True
browse_service_city,check-cashing/los-angeles-ca,https://www.creditdoc.co/browse/check-cashing/los-angeles-ca/,"Check Cashing & Money Services in Los Angeles, CA (2026)","Check Cashing & Money Services Provider Profiles in Los Angeles, CA",3930,190,51,23,0,0,False,True
browse_service_city,check-cashing/louisville-ky,https://www.creditdoc.co/browse/check-cashing/louisville-ky/,"Check Cashing & Money Services in Louisville, KY (2026)","Check Cashing & Money Services Provider Profiles in Louisville, KY",1285,145,11,23,0,0,False,True
browse_service_city,check-cashing/memphis-tn,https://www.creditdoc.co/browse/check-cashing/memphis-tn/,"Check Cashing & Money Services in Memphis, TN (2026)","Check Cashing & Money Services Provider Profiles in Memphis, TN",1125,143,10,23,0,0,False,True
browse_service_city,check-cashing/mesa-az,https://www.creditdoc.co/browse/check-cashing/mesa-az/,"Check Cashing & Money Services in Mesa, AZ (2026)","Check Cashing & Money Services Provider Profiles in Mesa, AZ",1677,152,14,23,0,0,False,True
browse_service_city,check-cashing/miami-fl,https://www.creditdoc.co/browse/check-cashing/miami-fl/,"Check Cashing & Money Services in Miami, FL (2026)","Check Cashing & Money Services Provider Profiles in Miami, FL",2356,164,31,23,0,0,False,True
browse_service_city,check-cashing/milwaukee-wi,https://www.creditdoc.co/browse/check-cashing/milwaukee-wi/,"Check Cashing & Money Services in Milwaukee, WI (2026)","Check Cashing & Money Services Provider Profiles in Milwaukee, WI",1957,156,16,23,0,0,False,True
browse_service_city,check-cashing/minneapolis-mn,https://www.creditdoc.co/browse/check-cashing/minneapolis-mn/,"Check Cashing & Money Services in Minneapolis, MN (2026)","Check Cashing & Money Services Provider Profiles in Minneapolis, MN",1138,142,4,23,0,0,False,True
browse_service_city,check-cashing/nashville-tn,https://www.creditdoc.co/browse/check-cashing/nashville-tn/,"Check Cashing & Money Services in Nashville, TN (2026)","Check Cashing & Money Services Provider Profiles in Nashville, TN",978,140,8,23,0,0,False,True
browse_service_city,check-cashing/new-orleans-la,https://www.creditdoc.co/browse/check-cashing/new-orleans-la/,"Check Cashing & Money Services in New Orleans, LA (2026)","Check Cashing & Money Services Provider Profiles in New Orleans, LA",883,137,4,23,0,0,False,True
browse_service_city,check-cashing/new-york-ny,https://www.creditdoc.co/browse/check-cashing/new-york-ny/,"Check Cashing & Money Services in New York, NY (2026)","Check Cashing & Money Services Provider Profiles in New York, NY",3149,176,37,23,0,0,False,True
browse_service_city,check-cashing/oklahoma-city-ok,https://www.creditdoc.co/browse/check-cashing/oklahoma-city-ok/,"Check Cashing & Money Services in Oklahoma City, OK (2026)","Check Cashing & Money Services Provider Profiles in Oklahoma City, OK",1515,149,11,23,0,0,False,True
browse_service_city,check-cashing/omaha-ne,https://www.creditdoc.co/browse/check-cashing/omaha-ne/,"Check Cashing & Money Services in Omaha, NE (2026)","Check Cashing & Money Services Provider Profiles in Omaha, NE",1329,145,9,23,0,0,False,True
browse_service_city,check-cashing/orlando-fl,https://www.creditdoc.co/browse/check-cashing/orlando-fl/,"Check Cashing & Money Services in Orlando, FL (2026)","Check Cashing & Money Services Provider Profiles in Orlando, FL",986,139,5,23,0,0,False,True
browse_service_city,check-cashing/philadelphia-pa,https://www.creditdoc.co/browse/check-cashing/philadelphia-pa/,"Check Cashing & Money Services in Philadelphia, PA (2026)","Check Cashing & Money Services Provider Profiles in Philadelphia, PA",2389,164,30,23,0,0,False,True
browse_service_city,check-cashing/phoenix-az,https://www.creditdoc.co/browse/check-cashing/phoenix-az/,"Check Cashing & Money Services in Phoenix, AZ (2026)","Check Cashing & Money Services Provider Profiles in Phoenix, AZ",2779,170,34,23,0,0,False,True
browse_service_city,check-cashing/pittsburgh-pa,https://www.creditdoc.co/browse/check-cashing/pittsburgh-pa/,"Check Cashing & Money Services in Pittsburgh, PA (2026)","Check Cashing & Money Services Provider Profiles in Pittsburgh, PA",1091,141,9,23,0,0,False,True
browse_service_city,check-cashing/portland-or,https://www.creditdoc.co/browse/check-cashing/portland-or/,"Check Cashing & Money Services in Portland, OR (2026)","Check Cashing & Money Services Provider Profiles in Portland, OR",845,137,5,23,0,0,False,True
browse_service_city,check-cashing/raleigh-nc,https://www.creditdoc.co/browse/check-cashing/raleigh-nc/,"Check Cashing & Money Services in Raleigh, NC (2026)","Check Cashing & Money Services Provider Profiles in Raleigh, NC",1406,147,11,23,0,0,False,True
browse_service_city,check-cashing/sacramento-ca,https://www.creditdoc.co/browse/check-cashing/sacramento-ca/,"Check Cashing & Money Services in Sacramento, CA (2026)","Check Cashing & Money Services Provider Profiles in Sacramento, CA",1436,148,13,23,0,0,False,True
browse_service_city,check-cashing/san-antonio-tx,https://www.creditdoc.co/browse/check-cashing/san-antonio-tx/,"Check Cashing & Money Services in San Antonio, TX (2026)","Check Cashing & Money Services Provider Profiles in San Antonio, TX",1527,149,14,23,0,0,False,True
browse_service_city,check-cashing/san-diego-ca,https://www.creditdoc.co/browse/check-cashing/san-diego-ca/,"Check Cashing & Money Services in San Diego, CA (2026)","Check Cashing & Money Services Provider Profiles in San Diego, CA",1945,155,22,23,0,0,False,True
browse_service_city,check-cashing/san-francisco-ca,https://www.creditdoc.co/browse/check-cashing/san-francisco-ca/,"Check Cashing & Money Services in San Francisco, CA (2026)","Check Cashing & Money Services Provider Profiles in San Francisco, CA",1915,156,22,23,0,0,False,True
browse_service_city,check-cashing/san-jose-ca,https://www.creditdoc.co/browse/check-cashing/san-jose-ca/,"Check Cashing & Money Services in San Jose, CA (2026)","Check Cashing & Money Services Provider Profiles in San Jose, CA",2082,158,21,23,0,0,False,True
browse_service_city,check-cashing/seattle-wa,https://www.creditdoc.co/browse/check-cashing/seattle-wa/,"Check Cashing & Money Services in Seattle, WA (2026)","Check Cashing & Money Services Provider Profiles in Seattle, WA",1026,140,6,23,0,0,False,True
browse_service_city,check-cashing/tampa-fl,https://www.creditdoc.co/browse/check-cashing/tampa-fl/,"Check Cashing & Money Services in Tampa, FL (2026)","Check Cashing & Money Services Provider Profiles in Tampa, FL",1121,142,9,23,0,0,False,True
browse_service_city,check-cashing/tucson-az,https://www.creditdoc.co/browse/check-cashing/tucson-az/,"Check Cashing & Money Services in Tucson, AZ (2026)","Check Cashing & Money Services Provider Profiles in Tucson, AZ",1454,148,14,23,0,0,False,True
browse_service_city,check-cashing/union-city-nj,https://www.creditdoc.co/browse/check-cashing/union-city-nj/,"Check Cashing & Money Services in Union City, NJ (2026)","Check Cashing & Money Services Provider Profiles in Union City, NJ",1049,140,7,23,0,0,False,True
browse_service_city,check-cashing/vernon-ca,https://www.creditdoc.co/browse/check-cashing/vernon-ca/,"Check Cashing & Money Services in Vernon, CA (2026)","Check Cashing & Money Services Provider Profiles in Vernon, CA",881,137,5,23,0,0,False,True
browse_service_city,check-cashing/virginia-beach-va,https://www.creditdoc.co/browse/check-cashing/virginia-beach-va/,"Check Cashing & Money Services in Virginia Beach, VA (2026)","Check Cashing & Money Services Provider Profiles in Virginia Beach, VA",978,139,5,23,0,0,False,True
browse_service_city,check-cashing/west-new-york-nj,https://www.creditdoc.co/browse/check-cashing/west-new-york-nj/,"Check Cashing & Money Services in West New York, NJ (2026)","Check Cashing & Money Services Provider Profiles in West New York, NJ",987,139,5,23,0,0,False,True
browse_service_city,credit-cards/new-york-ny,https://www.creditdoc.co/browse/credit-cards/new-york-ny/,"Credit Cards in New York, NY (2026) | CreditDoc","Credit Cards Provider Profiles in New York, NY",923,137,4,23,0,0,False,True
browse_service_city,credit-repair/atlanta-ga,https://www.creditdoc.co/browse/credit-repair/atlanta-ga/,"Credit Repair in Atlanta, GA (2026) | CreditDoc","Credit Repair Provider Profiles in Atlanta, GA",1662,148,16,23,0,0,False,True
browse_service_city,credit-repair/austin-tx,https://www.creditdoc.co/browse/credit-repair/austin-tx/,"Credit Repair in Austin, TX (2026) | CreditDoc","Credit Repair Provider Profiles in Austin, TX",1088,139,7,23,0,0,False,True
browse_service_city,credit-repair/brooklyn-ny,https://www.creditdoc.co/browse/credit-repair/brooklyn-ny/,"Credit Repair in Brooklyn, NY (2026) | CreditDoc","Credit Repair Provider Profiles in Brooklyn, NY",1708,148,16,23,0,0,False,True
browse_service_city,credit-repair/charlotte-nc,https://www.creditdoc.co/browse/credit-repair/charlotte-nc/,"Credit Repair in Charlotte, NC (2026) | CreditDoc","Credit Repair Provider Profiles in Charlotte, NC",1701,149,17,23,0,0,False,True
browse_service_city,credit-repair/chicago-il,https://www.creditdoc.co/browse/credit-repair/chicago-il/,"Credit Repair in Chicago, IL (2026) | CreditDoc","Credit Repair Provider Profiles in Chicago, IL",2091,156,23,23,0,0,False,True
browse_service_city,credit-repair/columbus-oh,https://www.creditdoc.co/browse/credit-repair/columbus-oh/,"Credit Repair in Columbus, OH (2026) | CreditDoc","Credit Repair Provider Profiles in Columbus, OH",1431,146,13,23,0,0,False,True
browse_service_city,credit-repair/dallas-tx,https://www.creditdoc.co/browse/credit-repair/dallas-tx/,"Credit Repair in Dallas, TX (2026) | CreditDoc","Credit Repair Provider Profiles in Dallas, TX",2981,171,36,23,0,0,False,True
browse_service_city,credit-repair/denver-co,https://www.creditdoc.co/browse/credit-repair/denver-co/,"Credit Repair in Denver, CO (2026) | CreditDoc","Credit Repair Provider Profiles in Denver, CO",993,138,6,23,0,0,False,True
browse_service_city,credit-repair/detroit-mi,https://www.creditdoc.co/browse/credit-repair/detroit-mi/,"Credit Repair in Detroit, MI (2026) | CreditDoc","Credit Repair Provider Profiles in Detroit, MI",1163,141,9,23,0,0,False,True
browse_service_city,credit-repair/fort-worth-tx,https://www.creditdoc.co/browse/credit-repair/fort-worth-tx/,"Credit Repair in Fort Worth, TX (2026) | CreditDoc","Credit Repair Provider Profiles in Fort Worth, TX",1644,148,16,23,0,0,False,True
browse_service_city,credit-repair/houston-tx,https://www.creditdoc.co/browse/credit-repair/houston-tx/,"Credit Repair in Houston, TX (2026) | CreditDoc","Credit Repair Provider Profiles in Houston, TX",2743,166,34,23,0,0,False,True
browse_service_city,credit-repair/indianapolis-in,https://www.creditdoc.co/browse/credit-repair/indianapolis-in/,"Credit Repair in Indianapolis, IN (2026) | CreditDoc","Credit Repair Provider Profiles in Indianapolis, IN",1432,145,13,23,0,0,False,True
browse_service_city,credit-repair/jacksonville-fl,https://www.creditdoc.co/browse/credit-repair/jacksonville-fl/,"Credit Repair in Jacksonville, FL (2026) | CreditDoc","Credit Repair Provider Profiles in Jacksonville, FL",1804,152,20,23,0,0,False,True
browse_service_city,credit-repair/las-vegas-nv,https://www.creditdoc.co/browse/credit-repair/las-vegas-nv/,"Credit Repair in Las Vegas, NV (2026) | CreditDoc","Credit Repair Provider Profiles in Las Vegas, NV",1803,151,19,23,0,0,False,True
browse_service_city,credit-repair/los-angeles-ca,https://www.creditdoc.co/browse/credit-repair/los-angeles-ca/,"Credit Repair in Los Angeles, CA (2026) | CreditDoc","Credit Repair Provider Profiles in Los Angeles, CA",1807,150,18,23,0,0,False,True
browse_service_city,credit-repair/memphis-tn,https://www.creditdoc.co/browse/credit-repair/memphis-tn/,"Credit Repair in Memphis, TN (2026) | CreditDoc","Credit Repair Provider Profiles in Memphis, TN",1649,148,16,23,0,0,False,True
browse_service_city,credit-repair/miami-fl,https://www.creditdoc.co/browse/credit-repair/miami-fl/,"Credit Repair in Miami, FL (2026) | CreditDoc","Credit Repair Provider Profiles in Miami, FL",2746,165,33,23,0,0,False,True
browse_service_city,credit-repair/nashville-tn,https://www.creditdoc.co/browse/credit-repair/nashville-tn/,"Credit Repair in Nashville, TN (2026) | CreditDoc","Credit Repair Provider Profiles in Nashville, TN",1189,141,9,23,0,0,False,True
browse_service_city,credit-repair/new-york-ny,https://www.creditdoc.co/browse/credit-repair/new-york-ny/,"Credit Repair in New York, NY (2026) | CreditDoc","Credit Repair Provider Profiles in New York, NY",2903,169,31,23,0,0,False,True
browse_service_city,credit-repair/philadelphia-pa,https://www.creditdoc.co/browse/credit-repair/philadelphia-pa/,"Credit Repair in Philadelphia, PA (2026) | CreditDoc","Credit Repair Provider Profiles in Philadelphia, PA",1995,154,21,23,0,0,False,True
browse_service_city,credit-repair/phoenix-az,https://www.creditdoc.co/browse/credit-repair/phoenix-az/,"Credit Repair in Phoenix, AZ (2026) | CreditDoc","Credit Repair Provider Profiles in Phoenix, AZ",1448,145,13,23,0,0,False,True
browse_service_city,credit-repair/san-antonio-tx,https://www.creditdoc.co/browse/credit-repair/san-antonio-tx/,"Credit Repair in San Antonio, TX (2026) | CreditDoc","Credit Repair Provider Profiles in San Antonio, TX",1836,151,19,23,0,0,False,True
browse_service_city,credit-repair/san-diego-ca,https://www.creditdoc.co/browse/credit-repair/san-diego-ca/,"Credit Repair in San Diego, CA (2026) | CreditDoc","Credit Repair Provider Profiles in San Diego, CA",1739,149,16,23,0,0,False,True
browse_service_city,credit-repair/san-francisco-ca,https://www.creditdoc.co/browse/credit-repair/san-francisco-ca/,"Credit Repair in San Francisco, CA (2026) | CreditDoc","Credit Repair Provider Profiles in San Francisco, CA",999,138,6,23,0,0,False,True
browse_service_city,credit-repair/san-jose-ca,https://www.creditdoc.co/browse/credit-repair/san-jose-ca/,"Credit Repair in San Jose, CA (2026) | CreditDoc","Credit Repair Provider Profiles in San Jose, CA",874,136,4,23,0,0,False,True
browse_service_city,credit-unions/amarillo-tx,https://www.creditdoc.co/browse/credit-unions/amarillo-tx/,"Credit Unions in Amarillo, TX (2026) | CreditDoc","Credit Unions Provider Profiles in Amarillo, TX",869,137,5,23,0,0,False,True
browse_service_city,credit-unions/atlanta-ga,https://www.creditdoc.co/browse/credit-unions/atlanta-ga/,"Credit Unions in Atlanta, GA (2026) | CreditDoc","Credit Unions Provider Profiles in Atlanta, GA",2071,155,23,23,0,0,False,True
browse_service_city,credit-unions/austin-tx,https://www.creditdoc.co/browse/credit-unions/austin-tx/,"Credit Unions in Austin, TX (2026) | CreditDoc","Credit Unions Provider Profiles in Austin, TX",2080,156,24,23,0,0,False,True
browse_service_city,credit-unions/bartlett-tn,https://www.creditdoc.co/browse/credit-unions/bartlett-tn/,"Credit Unions in Bartlett, TN (2026) | CreditDoc","Credit Unions Provider Profiles in Bartlett, TN",1114,140,8,23,0,0,False,True
browse_service_city,credit-unions/baton-rouge-la,https://www.creditdoc.co/browse/credit-unions/baton-rouge-la/,"Credit Unions in Baton Rouge, LA (2026) | CreditDoc","Credit Unions Provider Profiles in Baton Rouge, LA",1142,141,9,23,0,0,False,True
browse_service_city,credit-unions/birmingham-al,https://www.creditdoc.co/browse/credit-unions/birmingham-al/,"Credit Unions in Birmingham, AL (2026) | CreditDoc","Credit Unions Provider Profiles in Birmingham, AL",1081,140,8,23,0,0,False,True
browse_service_city,credit-unions/charlotte-nc,https://www.creditdoc.co/browse/credit-unions/charlotte-nc/,"Credit Unions in Charlotte, NC (2026) | CreditDoc","Credit Unions Provider Profiles in Charlotte, NC",1647,148,16,23,0,0,False,True
browse_service_city,credit-unions/chicago-il,https://www.creditdoc.co/browse/credit-unions/chicago-il/,"Credit Unions in Chicago, IL (2026) | CreditDoc","Credit Unions Provider Profiles in Chicago, IL",2975,171,37,23,0,0,False,True
browse_service_city,credit-unions/cincinnati-oh,https://www.creditdoc.co/browse/credit-unions/cincinnati-oh/,"Credit Unions in Cincinnati, OH (2026) | CreditDoc","Credit Unions Provider Profiles in Cincinnati, OH",1031,140,8,23,0,0,False,True
browse_service_city,credit-unions/columbus-oh,https://www.creditdoc.co/browse/credit-unions/columbus-oh/,"Credit Unions in Columbus, OH (2026) | CreditDoc","Credit Unions Provider Profiles in Columbus, OH",2051,155,22,23,0,0,False,True
browse_service_city,credit-unions/dallas-tx,https://www.creditdoc.co/browse/credit-unions/dallas-tx/,"Credit Unions in Dallas, TX (2026) | CreditDoc","Credit Unions Provider Profiles in Dallas, TX",1931,154,22,23,0,0,False,True
browse_service_city,credit-unions/denver-co,https://www.creditdoc.co/browse/credit-unions/denver-co/,"Credit Unions in Denver, CO (2026) | CreditDoc","Credit Unions Provider Profiles in Denver, CO",2271,158,25,23,0,0,False,True
browse_service_city,credit-unions/detroit-mi,https://www.creditdoc.co/browse/credit-unions/detroit-mi/,"Credit Unions in Detroit, MI (2026) | CreditDoc","Credit Unions Provider Profiles in Detroit, MI",1861,153,21,23,0,0,False,True
browse_service_city,credit-unions/el-paso-tx,https://www.creditdoc.co/browse/credit-unions/el-paso-tx/,"Credit Unions in El Paso, TX (2026) | CreditDoc","Credit Unions Provider Profiles in El Paso, TX",897,137,5,23,0,0,False,True
browse_service_city,credit-unions/erie-pa,https://www.creditdoc.co/browse/credit-unions/erie-pa/,"Credit Unions in Erie, PA (2026) | CreditDoc","Credit Unions Provider Profiles in Erie, PA",897,137,5,23,0,0,False,True
browse_service_city,credit-unions/fort-wayne-in,https://www.creditdoc.co/browse/credit-unions/fort-wayne-in/,"Credit Unions in Fort Wayne, IN (2026) | CreditDoc","Credit Unions Provider Profiles in Fort Wayne, IN",1033,139,7,23,0,0,False,True
browse_service_city,credit-unions/fort-worth-tx,https://www.creditdoc.co/browse/credit-unions/fort-worth-tx/,"Credit Unions in Fort Worth, TX (2026) | CreditDoc","Credit Unions Provider Profiles in Fort Worth, TX",1950,152,20,23,0,0,False,True
browse_service_city,credit-unions/fresno-ca,https://www.creditdoc.co/browse/credit-unions/fresno-ca/,"Credit Unions in Fresno, CA (2026) | CreditDoc","Credit Unions Provider Profiles in Fresno, CA",940,138,6,23,0,0,False,True
browse_service_city,credit-unions/glendale-az,https://www.creditdoc.co/browse/credit-unions/glendale-az/,"Credit Unions in Glendale, AZ (2026) | CreditDoc","Credit Unions Provider Profiles in Glendale, AZ",1170,141,9,23,0,0,False,True
browse_service_city,credit-unions/honolulu-hi,https://www.creditdoc.co/browse/credit-unions/honolulu-hi/,"Credit Unions in Honolulu, HI (2026) | CreditDoc","Credit Unions Provider Profiles in Honolulu, HI",1053,140,8,23,0,0,False,True
browse_service_city,credit-unions/houston-tx,https://www.creditdoc.co/browse/credit-unions/houston-tx/,"Credit Unions in Houston, TX (2026) | CreditDoc","Credit Unions Provider Profiles in Houston, TX",3268,175,42,23,0,0,False,True
browse_service_city,credit-unions/huntington-wv,https://www.creditdoc.co/browse/credit-unions/huntington-wv/,"Credit Unions in Huntington, WV (2026) | CreditDoc","Credit Unions Provider Profiles in Huntington, WV",900,137,5,23,0,0,False,True
browse_service_city,credit-unions/indianapolis-in,https://www.creditdoc.co/browse/credit-unions/indianapolis-in/,"Credit Unions in Indianapolis, IN (2026) | CreditDoc","Credit Unions Provider Profiles in Indianapolis, IN",2077,156,24,23,0,0,False,True
browse_service_city,credit-unions/jacksonville-fl,https://www.creditdoc.co/browse/credit-unions/jacksonville-fl/,"Credit Unions in Jacksonville, FL (2026) | CreditDoc","Credit Unions Provider Profiles in Jacksonville, FL",2498,161,28,23,0,0,False,True
browse_service_city,credit-unions/las-vegas-nv,https://www.creditdoc.co/browse/credit-unions/las-vegas-nv/,"Credit Unions in Las Vegas, NV (2026) | CreditDoc","Credit Unions Provider Profiles in Las Vegas, NV",1545,147,14,23,0,0,False,True
browse_service_city,credit-unions/little-rock-ar,https://www.creditdoc.co/browse/credit-unions/little-rock-ar/,"Credit Unions in Little Rock, AR (2026) | CreditDoc","Credit Unions Provider Profiles in Little Rock, AR",948,138,6,23,0,0,False,True
browse_service_city,credit-unions/los-angeles-ca,https://www.creditdoc.co/browse/credit-unions/los-angeles-ca/,"Credit Unions in Los Angeles, CA (2026) | CreditDoc","Credit Unions Provider Profiles in Los Angeles, CA",2432,161,29,23,0,0,False,True
browse_service_city,credit-unions/louisville-ky,https://www.creditdoc.co/browse/credit-unions/louisville-ky/,"Credit Unions in Louisville, KY (2026) | CreditDoc","Credit Unions Provider Profiles in Louisville, KY",1123,141,9,23,0,0,False,True
browse_service_city,credit-unions/memphis-tn,https://www.creditdoc.co/browse/credit-unions/memphis-tn/,"Credit Unions in Memphis, TN (2026) | CreditDoc","Credit Unions Provider Profiles in Memphis, TN",2518,162,30,23,0,0,False,True
browse_service_city,credit-unions/miami-fl,https://www.creditdoc.co/browse/credit-unions/miami-fl/,"Credit Unions in Miami, FL (2026) | CreditDoc","Credit Unions Provider Profiles in Miami, FL",1796,150,18,23,0,0,False,True
browse_service_city,credit-unions/nashville-tn,https://www.creditdoc.co/browse/credit-unions/nashville-tn/,"Credit Unions in Nashville, TN (2026) | CreditDoc","Credit Unions Provider Profiles in Nashville, TN",2323,159,27,23,0,0,False,True
browse_service_city,credit-unions/new-york-ny,https://www.creditdoc.co/browse/credit-unions/new-york-ny/,"Credit Unions in New York, NY (2026) | CreditDoc","Credit Unions Provider Profiles in New York, NY",2544,164,32,23,0,0,False,True
browse_service_city,credit-unions/omaha-ne,https://www.creditdoc.co/browse/credit-unions/omaha-ne/,"Credit Unions in Omaha, NE (2026) | CreditDoc","Credit Unions Provider Profiles in Omaha, NE",1044,140,8,23,0,0,False,True
browse_service_city,credit-unions/philadelphia-pa,https://www.creditdoc.co/browse/credit-unions/philadelphia-pa/,"Credit Unions in Philadelphia, PA (2026) | CreditDoc","Credit Unions Provider Profiles in Philadelphia, PA",2254,158,26,23,0,0,False,True
browse_service_city,credit-unions/phoenix-az,https://www.creditdoc.co/browse/credit-unions/phoenix-az/,"Credit Unions in Phoenix, AZ (2026) | CreditDoc","Credit Unions Provider Profiles in Phoenix, AZ",2025,154,22,23,0,0,False,True
browse_service_city,credit-unions/pittsburgh-pa,https://www.creditdoc.co/browse/credit-unions/pittsburgh-pa/,"Credit Unions in Pittsburgh, PA (2026) | CreditDoc","Credit Unions Provider Profiles in Pittsburgh, PA",982,139,7,23,0,0,False,True
browse_service_city,credit-unions/salt-lake-city-ut,https://www.creditdoc.co/browse/credit-unions/salt-lake-city-ut/,"Credit Unions in Salt Lake City, UT (2026) | CreditDoc","Credit Unions Provider Profiles in Salt Lake City, UT",919,137,5,23,0,0,False,True
browse_service_city,credit-unions/san-antonio-tx,https://www.creditdoc.co/browse/credit-unions/san-antonio-tx/,"Credit Unions in San Antonio, TX (2026) | CreditDoc","Credit Unions Provider Profiles in San Antonio, TX",2303,159,27,23,0,0,False,True
browse_service_city,credit-unions/san-diego-ca,https://www.creditdoc.co/browse/credit-unions/san-diego-ca/,"Credit Unions in San Diego, CA (2026) | CreditDoc","Credit Unions Provider Profiles in San Diego, CA",2449,160,28,23,0,0,False,True
browse_service_city,credit-unions/san-francisco-ca,https://www.creditdoc.co/browse/credit-unions/san-francisco-ca/,"Credit Unions in San Francisco, CA (2026) | CreditDoc","Credit Unions Provider Profiles in San Francisco, CA",1752,149,17,23,0,0,False,True
browse_service_city,credit-unions/san-jose-ca,https://www.creditdoc.co/browse/credit-unions/san-jose-ca/,"Credit Unions in San Jose, CA (2026) | CreditDoc","Credit Unions Provider Profiles in San Jose, CA",1876,152,20,23,0,0,False,True
browse_service_city,credit-unions/seattle-wa,https://www.creditdoc.co/browse/credit-unions/seattle-wa/,"Credit Unions in Seattle, WA (2026) | CreditDoc","Credit Unions Provider Profiles in Seattle, WA",1591,148,16,23,0,0,False,True
browse_service_city,credit-unions/syracuse-ny,https://www.creditdoc.co/browse/credit-unions/syracuse-ny/,"Credit Unions in Syracuse, NY (2026) | CreditDoc","Credit Unions Provider Profiles in Syracuse, NY",934,138,6,23,0,0,False,True
browse_service_city,credit-unions/tulsa-ok,https://www.creditdoc.co/browse/credit-unions/tulsa-ok/,"Credit Unions in Tulsa, OK (2026) | CreditDoc","Credit Unions Provider Profiles in Tulsa, OK",1046,140,8,23,0,0,False,True
browse_service_city,debt-relief/austin-tx,https://www.creditdoc.co/browse/debt-relief/austin-tx/,"Debt Relief in Austin, TX (2026) | CreditDoc","Debt Relief Provider Profiles in Austin, TX",1450,144,12,23,0,0,False,True
browse_service_city,debt-relief/chicago-il,https://www.creditdoc.co/browse/debt-relief/chicago-il/,"Debt Relief in Chicago, IL (2026) | CreditDoc","Debt Relief Provider Profiles in Chicago, IL",1295,143,11,23,0,0,False,True
browse_service_city,debt-relief/houston-tx,https://www.creditdoc.co/browse/debt-relief/houston-tx/,"Debt Relief in Houston, TX (2026) | CreditDoc","Debt Relief Provider Profiles in Houston, TX",1219,142,10,23,0,0,False,True
browse_service_city,debt-relief/irvine-ca,https://www.creditdoc.co/browse/debt-relief/irvine-ca/,"Debt Relief in Irvine, CA (2026) | CreditDoc","Debt Relief Provider Profiles in Irvine, CA",1115,140,8,23,0,0,False,True
browse_service_city,debt-relief/las-vegas-nv,https://www.creditdoc.co/browse/debt-relief/las-vegas-nv/,"Debt Relief in Las Vegas, NV (2026) | CreditDoc","Debt Relief Provider Profiles in Las Vegas, NV",1382,144,12,23,0,0,False,True
browse_service_city,debt-relief/los-angeles-ca,https://www.creditdoc.co/browse/debt-relief/los-angeles-ca/,"Debt Relief in Los Angeles, CA (2026) | CreditDoc","Debt Relief Provider Profiles in Los Angeles, CA",1102,140,8,23,0,0,False,True
browse_service_city,debt-relief/miami-fl,https://www.creditdoc.co/browse/debt-relief/miami-fl/,"Debt Relief in Miami, FL (2026) | CreditDoc","Debt Relief Provider Profiles in Miami, FL",1132,141,9,23,0,0,False,True
browse_service_city,debt-relief/new-york-ny,https://www.creditdoc.co/browse/debt-relief/new-york-ny/,"Debt Relief in New York, NY (2026) | CreditDoc","Debt Relief Provider Profiles in New York, NY",2536,161,29,23,0,0,False,True
browse_service_city,debt-relief/phoenix-az,https://www.creditdoc.co/browse/debt-relief/phoenix-az/,"Debt Relief in Phoenix, AZ (2026) | CreditDoc","Debt Relief Provider Profiles in Phoenix, AZ",1426,145,13,23,0,0,False,True
browse_service_city,debt-relief/plano-tx,https://www.creditdoc.co/browse/debt-relief/plano-tx/,"Debt Relief in Plano, TX (2026) | CreditDoc","Debt Relief Provider Profiles in Plano, TX",1091,139,7,23,0,0,False,True
browse_service_city,debt-relief/san-antonio-tx,https://www.creditdoc.co/browse/debt-relief/san-antonio-tx/,"Debt Relief in San Antonio, TX (2026) | CreditDoc","Debt Relief Provider Profiles in San Antonio, TX",1617,147,11,23,0,0,False,True
browse_service_city,debt-relief/san-diego-ca,https://www.creditdoc.co/browse/debt-relief/san-diego-ca/,"Debt Relief in San Diego, CA (2026) | CreditDoc","Debt Relief Provider Profiles in San Diego, CA",1361,142,10,23,0,0,False,True
browse_service_city,debt-relief/southfield-mi,https://www.creditdoc.co/browse/debt-relief/southfield-mi/,"Debt Relief in Southfield, MI (2026) | CreditDoc","Debt Relief Provider Profiles in Southfield, MI",1157,140,8,23,0,0,False,True
browse_service_city,emergency-cash/albuquerque-nm,https://www.creditdoc.co/browse/emergency-cash/albuquerque-nm/,"Emergency Cash in Albuquerque, NM (2026) | CreditDoc","Emergency Cash Provider Profiles in Albuquerque, NM",1240,143,10,23,0,0,False,True
browse_service_city,emergency-cash/arlington-tx,https://www.creditdoc.co/browse/emergency-cash/arlington-tx/,"Emergency Cash in Arlington, TX (2026) | CreditDoc","Emergency Cash Provider Profiles in Arlington, TX",1861,154,22,23,0,0,False,True
browse_service_city,emergency-cash/atlanta-ga,https://www.creditdoc.co/browse/emergency-cash/atlanta-ga/,"Emergency Cash in Atlanta, GA (2026) | CreditDoc","Emergency Cash Provider Profiles in Atlanta, GA",1759,151,19,23,0,0,False,True
browse_service_city,emergency-cash/aurora-co,https://www.creditdoc.co/browse/emergency-cash/aurora-co/,"Emergency Cash in Aurora, CO (2026) | CreditDoc","Emergency Cash Provider Profiles in Aurora, CO",968,139,7,23,0,0,False,True
browse_service_city,emergency-cash/austin-tx,https://www.creditdoc.co/browse/emergency-cash/austin-tx/,"Emergency Cash in Austin, TX (2026) | CreditDoc","Emergency Cash Provider Profiles in Austin, TX",1828,151,19,23,0,0,False,True
browse_service_city,emergency-cash/bakersfield-ca,https://www.creditdoc.co/browse/emergency-cash/bakersfield-ca/,"Emergency Cash in Bakersfield, CA (2026) | CreditDoc","Emergency Cash Provider Profiles in Bakersfield, CA",1716,152,20,23,0,0,False,True
browse_service_city,emergency-cash/baltimore-md,https://www.creditdoc.co/browse/emergency-cash/baltimore-md/,"Emergency Cash in Baltimore, MD (2026) | CreditDoc","Emergency Cash Provider Profiles in Baltimore, MD",1041,140,7,23,0,0,False,True
browse_service_city,emergency-cash/chula-vista-ca,https://www.creditdoc.co/browse/emergency-cash/chula-vista-ca/,"Emergency Cash in Chula Vista, CA (2026) | CreditDoc","Emergency Cash Provider Profiles in Chula Vista, CA",883,137,4,23,0,0,False,True
browse_service_city,emergency-cash/cincinnati-oh,https://www.creditdoc.co/browse/emergency-cash/cincinnati-oh/,"Emergency Cash in Cincinnati, OH (2026) | CreditDoc","Emergency Cash Provider Profiles in Cincinnati, OH",1438,147,15,23,0,0,False,True
browse_service_city,emergency-cash/cleveland-oh,https://www.creditdoc.co/browse/emergency-cash/cleveland-oh/,"Emergency Cash in Cleveland, OH (2026) | CreditDoc","Emergency Cash Provider Profiles in Cleveland, OH",1462,147,15,23,0,0,False,True
browse_service_city,emergency-cash/colorado-springs-co,https://www.creditdoc.co/browse/emergency-cash/colorado-springs-co/,"Emergency Cash in Colorado Springs, CO (2026) | CreditDoc","Emergency Cash Provider Profiles in Colorado Springs, CO",1046,140,8,23,0,0,False,True
browse_service_city,emergency-cash/columbus-oh,https://www.creditdoc.co/browse/emergency-cash/columbus-oh/,"Emergency Cash in Columbus, OH (2026) | CreditDoc","Emergency Cash Provider Profiles in Columbus, OH",1062,140,8,23,0,0,False,True
browse_service_city,emergency-cash/council-bluffs-ia,https://www.creditdoc.co/browse/emergency-cash/council-bluffs-ia/,"Emergency Cash in Council Bluffs, IA (2026) | CreditDoc","Emergency Cash Provider Profiles in Council Bluffs, IA",834,136,4,23,0,0,False,True
browse_service_city,emergency-cash/dallas-tx,https://www.creditdoc.co/browse/emergency-cash/dallas-tx/,"Emergency Cash in Dallas, TX (2026) | CreditDoc","Emergency Cash Provider Profiles in Dallas, TX",2601,165,32,23,0,0,False,True
browse_service_city,emergency-cash/decatur-ga,https://www.creditdoc.co/browse/emergency-cash/decatur-ga/,"Emergency Cash in Decatur, GA (2026) | CreditDoc","Emergency Cash Provider Profiles in Decatur, GA",850,137,5,23,0,0,False,True
browse_service_city,emergency-cash/detroit-mi,https://www.creditdoc.co/browse/emergency-cash/detroit-mi/,"Emergency Cash in Detroit, MI (2026) | CreditDoc","Emergency Cash Provider Profiles in Detroit, MI",1515,147,14,23,0,0,False,True
browse_service_city,emergency-cash/fort-worth-tx,https://www.creditdoc.co/browse/emergency-cash/fort-worth-tx/,"Emergency Cash in Fort Worth, TX (2026) | CreditDoc","Emergency Cash Provider Profiles in Fort Worth, TX",2005,156,23,23,0,0,False,True
browse_service_city,emergency-cash/fresno-ca,https://www.creditdoc.co/browse/emergency-cash/fresno-ca/,"Emergency Cash in Fresno, CA (2026) | CreditDoc","Emergency Cash Provider Profiles in Fresno, CA",1705,152,20,23,0,0,False,True
browse_service_city,emergency-cash/garland-tx,https://www.creditdoc.co/browse/emergency-cash/garland-tx/,"Emergency Cash in Garland, TX (2026) | CreditDoc","Emergency Cash Provider Profiles in Garland, TX",1002,139,7,23,0,0,False,True
browse_service_city,emergency-cash/glendale-az,https://www.creditdoc.co/browse/emergency-cash/glendale-az/,"Emergency Cash in Glendale, AZ (2026) | CreditDoc","Emergency Cash Provider Profiles in Glendale, AZ",1043,140,8,23,0,0,False,True
browse_service_city,emergency-cash/harvey-la,https://www.creditdoc.co/browse/emergency-cash/harvey-la/,"Emergency Cash in Harvey, LA (2026) | CreditDoc","Emergency Cash Provider Profiles in Harvey, LA",950,138,6,23,0,0,False,True
browse_service_city,emergency-cash/hawthorne-ca,https://www.creditdoc.co/browse/emergency-cash/hawthorne-ca/,"Emergency Cash in Hawthorne, CA (2026) | CreditDoc","Emergency Cash Provider Profiles in Hawthorne, CA",877,137,4,23,0,0,False,True
browse_service_city,emergency-cash/henderson-nv,https://www.creditdoc.co/browse/emergency-cash/henderson-nv/,"Emergency Cash in Henderson, NV (2026) | CreditDoc","Emergency Cash Provider Profiles in Henderson, NV",888,137,5,23,0,0,False,True
browse_service_city,emergency-cash/hialeah-fl,https://www.creditdoc.co/browse/emergency-cash/hialeah-fl/,"Emergency Cash in Hialeah, FL (2026) | CreditDoc","Emergency Cash Provider Profiles in Hialeah, FL",1094,140,7,23,0,0,False,True
browse_service_city,emergency-cash/houston-tx,https://www.creditdoc.co/browse/emergency-cash/houston-tx/,"Emergency Cash in Houston, TX (2026) | CreditDoc","Emergency Cash Provider Profiles in Houston, TX",4079,189,54,23,0,0,False,True
browse_service_city,emergency-cash/indianapolis-in,https://www.creditdoc.co/browse/emergency-cash/indianapolis-in/,"Emergency Cash in Indianapolis, IN (2026) | CreditDoc","Emergency Cash Provider Profiles in Indianapolis, IN",1626,148,15,23,0,0,False,True
browse_service_city,emergency-cash/irving-tx,https://www.creditdoc.co/browse/emergency-cash/irving-tx/,"Emergency Cash in Irving, TX (2026) | CreditDoc","Emergency Cash Provider Profiles in Irving, TX",1334,144,12,23,0,0,False,True
browse_service_city,emergency-cash/jacksonville-fl,https://www.creditdoc.co/browse/emergency-cash/jacksonville-fl/,"Emergency Cash in Jacksonville, FL (2026) | CreditDoc","Emergency Cash Provider Profiles in Jacksonville, FL",1755,151,18,23,0,0,False,True
browse_service_city,emergency-cash/kansas-city-ks,https://www.creditdoc.co/browse/emergency-cash/kansas-city-ks/,"Emergency Cash in Kansas City, KS (2026) | CreditDoc","Emergency Cash Provider Profiles in Kansas City, KS",884,137,5,23,0,0,False,True
browse_service_city,emergency-cash/kansas-city-mo,https://www.creditdoc.co/browse/emergency-cash/kansas-city-mo/,"Emergency Cash in Kansas City, MO (2026) | CreditDoc","Emergency Cash Provider Profiles in Kansas City, MO",2225,160,28,23,0,0,False,True
browse_service_city,emergency-cash/kingsland-ga,https://www.creditdoc.co/browse/emergency-cash/kingsland-ga/,"Emergency Cash in Kingsland, GA (2026) | CreditDoc","Emergency Cash Provider Profiles in Kingsland, GA",1043,139,7,23,0,0,False,True
browse_service_city,emergency-cash/la-mesa-ca,https://www.creditdoc.co/browse/emergency-cash/la-mesa-ca/,"Emergency Cash in La Mesa, CA (2026) | CreditDoc","Emergency Cash Provider Profiles in La Mesa, CA",897,137,5,23,0,0,False,True
browse_service_city,emergency-cash/las-vegas-nv,https://www.creditdoc.co/browse/emergency-cash/las-vegas-nv/,"Emergency Cash in Las Vegas, NV (2026) | CreditDoc","Emergency Cash Provider Profiles in Las Vegas, NV",3716,182,49,23,0,0,False,True
browse_service_city,emergency-cash/long-beach-ca,https://www.creditdoc.co/browse/emergency-cash/long-beach-ca/,"Emergency Cash in Long Beach, CA (2026) | CreditDoc","Emergency Cash Provider Profiles in Long Beach, CA",1224,143,10,23,0,0,False,True
browse_service_city,emergency-cash/los-angeles-ca,https://www.creditdoc.co/browse/emergency-cash/los-angeles-ca/,"Emergency Cash in Los Angeles, CA (2026) | CreditDoc","Emergency Cash Provider Profiles in Los Angeles, CA",3076,171,33,23,0,0,False,True
browse_service_city,emergency-cash/louisville-ky,https://www.creditdoc.co/browse/emergency-cash/louisville-ky/,"Emergency Cash in Louisville, KY (2026) | CreditDoc","Emergency Cash Provider Profiles in Louisville, KY",1575,150,17,23,0,0,False,True
browse_service_city,emergency-cash/madison-tn,https://www.creditdoc.co/browse/emergency-cash/madison-tn/,"Emergency Cash in Madison, TN (2026) | CreditDoc","Emergency Cash Provider Profiles in Madison, TN",1041,139,7,23,0,0,False,True
browse_service_city,emergency-cash/memphis-tn,https://www.creditdoc.co/browse/emergency-cash/memphis-tn/,"Emergency Cash in Memphis, TN (2026) | CreditDoc","Emergency Cash Provider Profiles in Memphis, TN",3175,175,42,23,0,0,False,True
browse_service_city,emergency-cash/mesa-az,https://www.creditdoc.co/browse/emergency-cash/mesa-az/,"Emergency Cash in Mesa, AZ (2026) | CreditDoc","Emergency Cash Provider Profiles in Mesa, AZ",2218,158,26,23,0,0,False,True
browse_service_city,emergency-cash/mesquite-tx,https://www.creditdoc.co/browse/emergency-cash/mesquite-tx/,"Emergency Cash in Mesquite, TX (2026) | CreditDoc","Emergency Cash Provider Profiles in Mesquite, TX",865,137,5,23,0,0,False,True
browse_service_city,emergency-cash/miami-fl,https://www.creditdoc.co/browse/emergency-cash/miami-fl/,"Emergency Cash in Miami, FL (2026) | CreditDoc","Emergency Cash Provider Profiles in Miami, FL",2525,163,28,23,0,0,False,True
browse_service_city,emergency-cash/milwaukee-wi,https://www.creditdoc.co/browse/emergency-cash/milwaukee-wi/,"Emergency Cash in Milwaukee, WI (2026) | CreditDoc","Emergency Cash Provider Profiles in Milwaukee, WI",1615,150,18,23,0,0,False,True
browse_service_city,emergency-cash/nashville-tn,https://www.creditdoc.co/browse/emergency-cash/nashville-tn/,"Emergency Cash in Nashville, TN (2026) | CreditDoc","Emergency Cash Provider Profiles in Nashville, TN",2010,154,22,23,0,0,False,True
browse_service_city,emergency-cash/national-city-ca,https://www.creditdoc.co/browse/emergency-cash/national-city-ca/,"Emergency Cash in National City, CA (2026) | CreditDoc","Emergency Cash Provider Profiles in National City, CA",1035,138,6,23,0,0,False,True
browse_service_city,emergency-cash/new-orleans-la,https://www.creditdoc.co/browse/emergency-cash/new-orleans-la/,"Emergency Cash in New Orleans, LA (2026) | CreditDoc","Emergency Cash Provider Profiles in New Orleans, LA",1823,152,19,23,0,0,False,True
browse_service_city,emergency-cash/new-york-ny,https://www.creditdoc.co/browse/emergency-cash/new-york-ny/,"Emergency Cash in New York, NY (2026) | CreditDoc","Emergency Cash Provider Profiles in New York, NY",720,134,2,23,0,0,False,True
browse_service_city,emergency-cash/norfolk-va,https://www.creditdoc.co/browse/emergency-cash/norfolk-va/,"Emergency Cash in Norfolk, VA (2026) | CreditDoc","Emergency Cash Provider Profiles in Norfolk, VA",967,138,6,23,0,0,False,True
browse_service_city,emergency-cash/north-las-vegas-nv,https://www.creditdoc.co/browse/emergency-cash/north-las-vegas-nv/,"Emergency Cash in North Las Vegas, NV (2026) | CreditDoc","Emergency Cash Provider Profiles in North Las Vegas, NV",1054,139,7,23,0,0,False,True
browse_service_city,emergency-cash/oklahoma-city-ok,https://www.creditdoc.co/browse/emergency-cash/oklahoma-city-ok/,"Emergency Cash in Oklahoma City, OK (2026) | CreditDoc","Emergency Cash Provider Profiles in Oklahoma City, OK",2552,166,34,23,0,0,False,True
browse_service_city,emergency-cash/omaha-ne,https://www.creditdoc.co/browse/emergency-cash/omaha-ne/,"Emergency Cash in Omaha, NE (2026) | CreditDoc","Emergency Cash Provider Profiles in Omaha, NE",1014,139,6,23,0,0,False,True
browse_service_city,emergency-cash/orlando-fl,https://www.creditdoc.co/browse/emergency-cash/orlando-fl/,"Emergency Cash in Orlando, FL (2026) | CreditDoc","Emergency Cash Provider Profiles in Orlando, FL",2419,163,29,23,0,0,False,True
browse_service_city,emergency-cash/pasadena-tx,https://www.creditdoc.co/browse/emergency-cash/pasadena-tx/,"Emergency Cash in Pasadena, TX (2026) | CreditDoc","Emergency Cash Provider Profiles in Pasadena, TX",981,139,7,23,0,0,False,True
browse_service_city,emergency-cash/phoenix-az,https://www.creditdoc.co/browse/emergency-cash/phoenix-az/,"Emergency Cash in Phoenix, AZ (2026) | CreditDoc","Emergency Cash Provider Profiles in Phoenix, AZ",2429,163,31,23,0,0,False,True
browse_service_city,emergency-cash/portland-or,https://www.creditdoc.co/browse/emergency-cash/portland-or/,"Emergency Cash in Portland, OR (2026) | CreditDoc","Emergency Cash Provider Profiles in Portland, OR",975,139,7,23,0,0,False,True
browse_service_city,emergency-cash/raleigh-nc,https://www.creditdoc.co/browse/emergency-cash/raleigh-nc/,"Emergency Cash in Raleigh, NC (2026) | CreditDoc","Emergency Cash Provider Profiles in Raleigh, NC",925,138,6,23,0,0,False,True
browse_service_city,emergency-cash/richardson-tx,https://www.creditdoc.co/browse/emergency-cash/richardson-tx/,"Emergency Cash in Richardson, TX (2026) | CreditDoc","Emergency Cash Provider Profiles in Richardson, TX",936,138,6,23,0,0,False,True
browse_service_city,emergency-cash/rock-hill-sc,https://www.creditdoc.co/browse/emergency-cash/rock-hill-sc/,"Emergency Cash in Rock Hill, SC (2026) | CreditDoc","Emergency Cash Provider Profiles in Rock Hill, SC",1167,141,9,23,0,0,False,True
browse_service_city,emergency-cash/sacramento-ca,https://www.creditdoc.co/browse/emergency-cash/sacramento-ca/,"Emergency Cash in Sacramento, CA (2026) | CreditDoc","Emergency Cash Provider Profiles in Sacramento, CA",1743,152,20,23,0,0,False,True
browse_service_city,emergency-cash/san-antonio-tx,https://www.creditdoc.co/browse/emergency-cash/san-antonio-tx/,"Emergency Cash in San Antonio, TX (2026) | CreditDoc","Emergency Cash Provider Profiles in San Antonio, TX",2821,169,36,23,0,0,False,True
browse_service_city,emergency-cash/san-diego-ca,https://www.creditdoc.co/browse/emergency-cash/san-diego-ca/,"Emergency Cash in San Diego, CA (2026) | CreditDoc","Emergency Cash Provider Profiles in San Diego, CA",1773,149,17,23,0,0,False,True
browse_service_city,emergency-cash/san-jose-ca,https://www.creditdoc.co/browse/emergency-cash/san-jose-ca/,"Emergency Cash in San Jose, CA (2026) | CreditDoc","Emergency Cash Provider Profiles in San Jose, CA",1523,146,13,23,0,0,False,True
browse_service_city,emergency-cash/st-paul-mn,https://www.creditdoc.co/browse/emergency-cash/st-paul-mn/,"Emergency Cash in St Paul, MN (2026) | CreditDoc","Emergency Cash Provider Profiles in St Paul, MN",943,138,6,23,0,0,False,True
browse_service_city,emergency-cash/tampa-fl,https://www.creditdoc.co/browse/emergency-cash/tampa-fl/,"Emergency Cash in Tampa, FL (2026) | CreditDoc","Emergency Cash Provider Profiles in Tampa, FL",2106,158,25,23,0,0,False,True
browse_service_city,emergency-cash/tempe-az,https://www.creditdoc.co/browse/emergency-cash/tempe-az/,"Emergency Cash in Tempe, AZ (2026) | CreditDoc","Emergency Cash Provider Profiles in Tempe, AZ",984,139,7,23,0,0,False,True
browse_service_city,emergency-cash/tucson-az,https://www.creditdoc.co/browse/emergency-cash/tucson-az/,"Emergency Cash in Tucson, AZ (2026) | CreditDoc","Emergency Cash Provider Profiles in Tucson, AZ",2249,160,27,23,0,0,False,True
browse_service_city,emergency-cash/virginia-beach-va,https://www.creditdoc.co/browse/emergency-cash/virginia-beach-va/,"Emergency Cash in Virginia Beach, VA (2026) | CreditDoc","Emergency Cash Provider Profiles in Virginia Beach, VA",1194,142,10,23,0,0,False,True
browse_service_city,emergency-cash/wilmington-de,https://www.creditdoc.co/browse/emergency-cash/wilmington-de/,"Emergency Cash in Wilmington, DE (2026) | CreditDoc","Emergency Cash Provider Profiles in Wilmington, DE",912,137,5,23,0,0,False,True
browse_service_city,fintech/san-francisco-ca,https://www.creditdoc.co/browse/fintech/san-francisco-ca/,"Fintech in San Francisco, CA (2026) | CreditDoc","Fintech Provider Profiles in San Francisco, CA",1000,138,6,23,0,0,False,True
browse_service_city,free-help/akron-oh,https://www.creditdoc.co/browse/free-help/akron-oh/,"Free Help in Akron, OH (2026) | CreditDoc","Free Help Provider Profiles in Akron, OH",866,137,5,23,0,0,False,True
browse_service_city,free-help/atlanta-ga,https://www.creditdoc.co/browse/free-help/atlanta-ga/,"Free Help in Atlanta, GA (2026) | CreditDoc","Free Help Provider Profiles in Atlanta, GA",1098,141,9,23,0,0,False,True
browse_service_city,free-help/baltimore-md,https://www.creditdoc.co/browse/free-help/baltimore-md/,"Free Help in Baltimore, MD (2026) | CreditDoc","Free Help Provider Profiles in Baltimore, MD",1108,142,10,23,0,0,False,True
browse_service_city,free-help/birmingham-al,https://www.creditdoc.co/browse/free-help/birmingham-al/,"Free Help in Birmingham, AL (2026) | CreditDoc","Free Help Provider Profiles in Birmingham, AL",874,137,4,23,0,0,False,True
browse_service_city,free-help/brooklyn-ny,https://www.creditdoc.co/browse/free-help/brooklyn-ny/,"Free Help in Brooklyn, NY (2026) | CreditDoc","Free Help Provider Profiles in Brooklyn, NY",1103,141,9,23,0,0,False,True
browse_service_city,free-help/chicago-il,https://www.creditdoc.co/browse/free-help/chicago-il/,"Free Help in Chicago, IL (2026) | CreditDoc","Free Help Provider Profiles in Chicago, IL",2501,166,34,23,0,0,False,True
browse_service_city,free-help/columbus-oh,https://www.creditdoc.co/browse/free-help/columbus-oh/,"Free Help in Columbus, OH (2026) | CreditDoc","Free Help Provider Profiles in Columbus, OH",1217,143,11,23,0,0,False,True
browse_service_city,free-help/dallas-tx,https://www.creditdoc.co/browse/free-help/dallas-tx/,"Free Help in Dallas, TX (2026) | CreditDoc","Free Help Provider Profiles in Dallas, TX",1053,140,8,23,0,0,False,True
browse_service_city,free-help/denver-co,https://www.creditdoc.co/browse/free-help/denver-co/,"Free Help in Denver, CO (2026) | CreditDoc","Free Help Provider Profiles in Denver, CO",1150,142,10,23,0,0,False,True
browse_service_city,free-help/detroit-mi,https://www.creditdoc.co/browse/free-help/detroit-mi/,"Free Help in Detroit, MI (2026) | CreditDoc","Free Help Provider Profiles in Detroit, MI",1918,155,23,23,0,0,False,True
browse_service_city,free-help/fort-lauderdale-fl,https://www.creditdoc.co/browse/free-help/fort-lauderdale-fl/,"Free Help in Fort Lauderdale, FL (2026) | CreditDoc","Free Help Provider Profiles in Fort Lauderdale, FL",887,138,4,23,0,0,False,True
browse_service_city,free-help/fort-worth-tx,https://www.creditdoc.co/browse/free-help/fort-worth-tx/,"Free Help in Fort Worth, TX (2026) | CreditDoc","Free Help Provider Profiles in Fort Worth, TX",1153,141,9,23,0,0,False,True
browse_service_city,free-help/greensboro-nc,https://www.creditdoc.co/browse/free-help/greensboro-nc/,"Free Help in Greensboro, NC (2026) | CreditDoc","Free Help Provider Profiles in Greensboro, NC",862,137,5,23,0,0,False,True
browse_service_city,free-help/houston-tx,https://www.creditdoc.co/browse/free-help/houston-tx/,"Free Help in Houston, TX (2026) | CreditDoc","Free Help Provider Profiles in Houston, TX",1626,150,17,23,0,0,False,True
browse_service_city,free-help/indianapolis-in,https://www.creditdoc.co/browse/free-help/indianapolis-in/,"Free Help in Indianapolis, IN (2026) | CreditDoc","Free Help Provider Profiles in Indianapolis, IN",910,138,6,23,0,0,False,True
browse_service_city,free-help/jackson-ms,https://www.creditdoc.co/browse/free-help/jackson-ms/,"Free Help in Jackson, MS (2026) | CreditDoc","Free Help Provider Profiles in Jackson, MS",862,137,3,23,0,0,False,True
browse_service_city,free-help/jacksonville-fl,https://www.creditdoc.co/browse/free-help/jacksonville-fl/,"Free Help in Jacksonville, FL (2026) | CreditDoc","Free Help Provider Profiles in Jacksonville, FL",1353,145,13,23,0,0,False,True
browse_service_city,free-help/las-vegas-nv,https://www.creditdoc.co/browse/free-help/las-vegas-nv/,"Free Help in Las Vegas, NV (2026) | CreditDoc","Free Help Provider Profiles in Las Vegas, NV",1022,139,7,23,0,0,False,True
browse_service_city,free-help/los-angeles-ca,https://www.creditdoc.co/browse/free-help/los-angeles-ca/,"Free Help in Los Angeles, CA (2026) | CreditDoc","Free Help Provider Profiles in Los Angeles, CA",1286,144,12,23,0,0,False,True
browse_service_city,free-help/memphis-tn,https://www.creditdoc.co/browse/free-help/memphis-tn/,"Free Help in Memphis, TN (2026) | CreditDoc","Free Help Provider Profiles in Memphis, TN",992,139,7,23,0,0,False,True
browse_service_city,free-help/miami-fl,https://www.creditdoc.co/browse/free-help/miami-fl/,"Free Help in Miami, FL (2026) | CreditDoc","Free Help Provider Profiles in Miami, FL",1162,141,9,23,0,0,False,True
browse_service_city,free-help/minneapolis-mn,https://www.creditdoc.co/browse/free-help/minneapolis-mn/,"Free Help in Minneapolis, MN (2026) | CreditDoc","Free Help Provider Profiles in Minneapolis, MN",953,139,7,23,0,0,False,True
browse_service_city,free-help/nashville-tn,https://www.creditdoc.co/browse/free-help/nashville-tn/,"Free Help in Nashville, TN (2026) | CreditDoc","Free Help Provider Profiles in Nashville, TN",1179,142,10,23,0,0,False,True
browse_service_city,free-help/new-york-ny,https://www.creditdoc.co/browse/free-help/new-york-ny/,"Free Help in New York, NY (2026) | CreditDoc","Free Help Provider Profiles in New York, NY",2316,161,29,23,0,0,False,True
browse_service_city,free-help/newark-nj,https://www.creditdoc.co/browse/free-help/newark-nj/,"Free Help in Newark, NJ (2026) | CreditDoc","Free Help Provider Profiles in Newark, NJ",918,138,6,23,0,0,False,True
browse_service_city,free-help/oakland-ca,https://www.creditdoc.co/browse/free-help/oakland-ca/,"Free Help in Oakland, CA (2026) | CreditDoc","Free Help Provider Profiles in Oakland, CA",943,138,6,23,0,0,False,True
browse_service_city,free-help/orlando-fl,https://www.creditdoc.co/browse/free-help/orlando-fl/,"Free Help in Orlando, FL (2026) | CreditDoc","Free Help Provider Profiles in Orlando, FL",1118,141,9,23,0,0,False,True
browse_service_city,free-help/philadelphia-pa,https://www.creditdoc.co/browse/free-help/philadelphia-pa/,"Free Help in Philadelphia, PA (2026) | CreditDoc","Free Help Provider Profiles in Philadelphia, PA",2979,173,41,23,0,0,False,True
browse_service_city,free-help/phoenix-az,https://www.creditdoc.co/browse/free-help/phoenix-az/,"Free Help in Phoenix, AZ (2026) | CreditDoc","Free Help Provider Profiles in Phoenix, AZ",1526,147,14,23,0,0,False,True
browse_service_city,free-help/raleigh-nc,https://www.creditdoc.co/browse/free-help/raleigh-nc/,"Free Help in Raleigh, NC (2026) | CreditDoc","Free Help Provider Profiles in Raleigh, NC",854,137,5,23,0,0,False,True
browse_service_city,free-help/riverside-ca,https://www.creditdoc.co/browse/free-help/riverside-ca/,"Free Help in Riverside, CA (2026) | CreditDoc","Free Help Provider Profiles in Riverside, CA",953,138,6,23,0,0,False,True
browse_service_city,free-help/sacramento-ca,https://www.creditdoc.co/browse/free-help/sacramento-ca/,"Free Help in Sacramento, CA (2026) | CreditDoc","Free Help Provider Profiles in Sacramento, CA",866,137,5,23,0,0,False,True
browse_service_city,free-help/saint-louis-mo,https://www.creditdoc.co/browse/free-help/saint-louis-mo/,"Free Help in Saint Louis, MO (2026) | CreditDoc","Free Help Provider Profiles in Saint Louis, MO",1152,141,9,23,0,0,False,True
browse_service_city,free-help/saint-paul-mn,https://www.creditdoc.co/browse/free-help/saint-paul-mn/,"Free Help in Saint Paul, MN (2026) | CreditDoc","Free Help Provider Profiles in Saint Paul, MN",972,139,7,23,0,0,False,True
browse_service_city,free-help/san-antonio-tx,https://www.creditdoc.co/browse/free-help/san-antonio-tx/,"Free Help in San Antonio, TX (2026) | CreditDoc","Free Help Provider Profiles in San Antonio, TX",1191,141,7,23,0,0,False,True
browse_service_city,free-help/san-diego-ca,https://www.creditdoc.co/browse/free-help/san-diego-ca/,"Free Help in San Diego, CA (2026) | CreditDoc","Free Help Provider Profiles in San Diego, CA",1178,141,9,23,0,0,False,True
browse_service_city,free-help/san-francisco-ca,https://www.creditdoc.co/browse/free-help/san-francisco-ca/,"Free Help in San Francisco, CA (2026) | CreditDoc","Free Help Provider Profiles in San Francisco, CA",1303,145,13,23,0,0,False,True
browse_service_city,free-help/seattle-wa,https://www.creditdoc.co/browse/free-help/seattle-wa/,"Free Help in Seattle, WA (2026) | CreditDoc","Free Help Provider Profiles in Seattle, WA",943,138,6,23,0,0,False,True
browse_service_city,free-help/tampa-fl,https://www.creditdoc.co/browse/free-help/tampa-fl/,"Free Help in Tampa, FL (2026) | CreditDoc","Free Help Provider Profiles in Tampa, FL",928,138,6,23,0,0,False,True
browse_service_city,free-help/wilmington-de,https://www.creditdoc.co/browse/free-help/wilmington-de/,"Free Help in Wilmington, DE (2026) | CreditDoc","Free Help Provider Profiles in Wilmington, DE",902,137,4,23,0,0,False,True
browse_service_city,insurance/new-york-ny,https://www.creditdoc.co/browse/insurance/new-york-ny/,"Insurance & Protection in New York, NY (2026) | CreditDoc","Insurance & Protection Provider Profiles in New York, NY",965,138,6,23,0,0,False,True
browse_service_city,mortgages/austin-tx,https://www.creditdoc.co/browse/mortgages/austin-tx/,"Mortgages & Home Loans in Austin, TX (2026) | CreditDoc","Mortgages & Home Loans Provider Profiles in Austin, TX",2146,156,24,23,0,0,False,True
browse_service_city,mortgages/baltimore-md,https://www.creditdoc.co/browse/mortgages/baltimore-md/,"Mortgages & Home Loans in Baltimore, MD (2026) | CreditDoc","Mortgages & Home Loans Provider Profiles in Baltimore, MD",1008,139,5,23,0,0,False,True
browse_service_city,mortgages/charlotte-nc,https://www.creditdoc.co/browse/mortgages/charlotte-nc/,"Mortgages & Home Loans in Charlotte, NC (2026) | CreditDoc","Mortgages & Home Loans Provider Profiles in Charlotte, NC",2027,155,22,23,0,0,False,True
browse_service_city,mortgages/chicago-il,https://www.creditdoc.co/browse/mortgages/chicago-il/,"Mortgages & Home Loans in Chicago, IL (2026) | CreditDoc","Mortgages & Home Loans Provider Profiles in Chicago, IL",3066,172,39,23,0,0,False,True
browse_service_city,mortgages/cleveland-oh,https://www.creditdoc.co/browse/mortgages/cleveland-oh/,"Mortgages & Home Loans in Cleveland, OH (2026) | CreditDoc","Mortgages & Home Loans Provider Profiles in Cleveland, OH",883,137,5,23,0,0,False,True
browse_service_city,mortgages/colorado-springs-co,https://www.creditdoc.co/browse/mortgages/colorado-springs-co/,"Mortgages & Home Loans in Colorado Springs, CO (2026)","Mortgages & Home Loans Provider Profiles in Colorado Springs, CO",1619,150,17,23,0,0,False,True
browse_service_city,mortgages/columbus-oh,https://www.creditdoc.co/browse/mortgages/columbus-oh/,"Mortgages & Home Loans in Columbus, OH (2026) | CreditDoc","Mortgages & Home Loans Provider Profiles in Columbus, OH",1741,150,18,23,0,0,False,True
browse_service_city,mortgages/dallas-tx,https://www.creditdoc.co/browse/mortgages/dallas-tx/,"Mortgages & Home Loans in Dallas, TX (2026) | CreditDoc","Mortgages & Home Loans Provider Profiles in Dallas, TX",2341,159,25,23,0,0,False,True
browse_service_city,mortgages/denver-co,https://www.creditdoc.co/browse/mortgages/denver-co/,"Mortgages & Home Loans in Denver, CO (2026) | CreditDoc","Mortgages & Home Loans Provider Profiles in Denver, CO",2016,155,23,23,0,0,False,True
browse_service_city,mortgages/detroit-mi,https://www.creditdoc.co/browse/mortgages/detroit-mi/,"Mortgages & Home Loans in Detroit, MI (2026) | CreditDoc","Mortgages & Home Loans Provider Profiles in Detroit, MI",1161,141,9,23,0,0,False,True
browse_service_city,mortgages/fort-worth-tx,https://www.creditdoc.co/browse/mortgages/fort-worth-tx/,"Mortgages & Home Loans in Fort Worth, TX (2026) | CreditDoc","Mortgages & Home Loans Provider Profiles in Fort Worth, TX",1556,146,14,23,0,0,False,True
browse_service_city,mortgages/houston-tx,https://www.creditdoc.co/browse/mortgages/houston-tx/,"Mortgages & Home Loans in Houston, TX (2026) | CreditDoc","Mortgages & Home Loans Provider Profiles in Houston, TX",1607,148,15,23,0,0,False,True
browse_service_city,mortgages/indianapolis-in,https://www.creditdoc.co/browse/mortgages/indianapolis-in/,"Mortgages & Home Loans in Indianapolis, IN (2026)","Mortgages & Home Loans Provider Profiles in Indianapolis, IN",1532,147,15,23,0,0,False,True
browse_service_city,mortgages/jacksonville-fl,https://www.creditdoc.co/browse/mortgages/jacksonville-fl/,"Mortgages & Home Loans in Jacksonville, FL (2026)","Mortgages & Home Loans Provider Profiles in Jacksonville, FL",1618,147,15,23,0,0,False,True
browse_service_city,mortgages/las-vegas-nv,https://www.creditdoc.co/browse/mortgages/las-vegas-nv/,"Mortgages & Home Loans in Las Vegas, NV (2026) | CreditDoc","Mortgages & Home Loans Provider Profiles in Las Vegas, NV",1780,149,13,23,0,0,False,True
browse_service_city,mortgages/los-angeles-ca,https://www.creditdoc.co/browse/mortgages/los-angeles-ca/,"Mortgages & Home Loans in Los Angeles, CA (2026) | CreditDoc","Mortgages & Home Loans Provider Profiles in Los Angeles, CA",1809,151,17,23,0,0,False,True
browse_service_city,mortgages/miami-fl,https://www.creditdoc.co/browse/mortgages/miami-fl/,"Mortgages & Home Loans in Miami, FL (2026) | CreditDoc","Mortgages & Home Loans Provider Profiles in Miami, FL",1844,152,19,23,0,0,False,True
browse_service_city,mortgages/nashville-tn,https://www.creditdoc.co/browse/mortgages/nashville-tn/,"Mortgages & Home Loans in Nashville, TN (2026) | CreditDoc","Mortgages & Home Loans Provider Profiles in Nashville, TN",1272,143,11,23,0,0,False,True
browse_service_city,mortgages/new-york-ny,https://www.creditdoc.co/browse/mortgages/new-york-ny/,"Mortgages & Home Loans in New York, NY (2026) | CreditDoc","Mortgages & Home Loans Provider Profiles in New York, NY",2002,155,22,23,0,0,False,True
browse_service_city,mortgages/orlando-fl,https://www.creditdoc.co/browse/mortgages/orlando-fl/,"Mortgages & Home Loans in Orlando, FL (2026) | CreditDoc","Mortgages & Home Loans Provider Profiles in Orlando, FL",997,139,7,23,0,0,False,True
browse_service_city,mortgages/philadelphia-pa,https://www.creditdoc.co/browse/mortgages/philadelphia-pa/,"Mortgages & Home Loans in Philadelphia, PA (2026)","Mortgages & Home Loans Provider Profiles in Philadelphia, PA",1928,154,21,23,0,0,False,True
browse_service_city,mortgages/phoenix-az,https://www.creditdoc.co/browse/mortgages/phoenix-az/,"Mortgages & Home Loans in Phoenix, AZ (2026) | CreditDoc","Mortgages & Home Loans Provider Profiles in Phoenix, AZ",2218,158,26,23,0,0,False,True
browse_service_city,mortgages/san-antonio-tx,https://www.creditdoc.co/browse/mortgages/san-antonio-tx/,"Mortgages & Home Loans in San Antonio, TX (2026) | CreditDoc","Mortgages & Home Loans Provider Profiles in San Antonio, TX",2106,156,23,23,0,0,False,True
browse_service_city,mortgages/san-diego-ca,https://www.creditdoc.co/browse/mortgages/san-diego-ca/,"Mortgages & Home Loans in San Diego, CA (2026) | CreditDoc","Mortgages & Home Loans Provider Profiles in San Diego, CA",2955,168,36,23,0,0,False,True
browse_service_city,mortgages/san-francisco-ca,https://www.creditdoc.co/browse/mortgages/san-francisco-ca/,"Mortgages & Home Loans in San Francisco, CA (2026)","Mortgages & Home Loans Provider Profiles in San Francisco, CA",1940,152,20,23,0,0,False,True
browse_service_city,mortgages/san-jose-ca,https://www.creditdoc.co/browse/mortgages/san-jose-ca/,"Mortgages & Home Loans in San Jose, CA (2026) | CreditDoc","Mortgages & Home Loans Provider Profiles in San Jose, CA",1432,144,11,23,0,0,False,True
browse_service_city,mortgages/seattle-wa,https://www.creditdoc.co/browse/mortgages/seattle-wa/,"Mortgages & Home Loans in Seattle, WA (2026) | CreditDoc","Mortgages & Home Loans Provider Profiles in Seattle, WA",2589,164,31,23,0,0,False,True
browse_service_city,mortgages/tampa-fl,https://www.creditdoc.co/browse/mortgages/tampa-fl/,"Mortgages & Home Loans in Tampa, FL (2026) | CreditDoc","Mortgages & Home Loans Provider Profiles in Tampa, FL",962,138,6,23,0,0,False,True
browse_service_city,pawn-shops/albuquerque-nm,https://www.creditdoc.co/browse/pawn-shops/albuquerque-nm/,"Pawn Shops in Albuquerque, NM (2026) | CreditDoc","Pawn Shops Provider Profiles in Albuquerque, NM",781,135,3,23,0,0,False,True
browse_service_city,pawn-shops/arlington-tx,https://www.creditdoc.co/browse/pawn-shops/arlington-tx/,"Pawn Shops in Arlington, TX (2026) | CreditDoc","Pawn Shops Provider Profiles in Arlington, TX",1144,141,9,23,0,0,False,True
browse_service_city,pawn-shops/atlanta-ga,https://www.creditdoc.co/browse/pawn-shops/atlanta-ga/,"Pawn Shops in Atlanta, GA (2026) | CreditDoc","Pawn Shops Provider Profiles in Atlanta, GA",2048,154,22,23,0,0,False,True
browse_service_city,pawn-shops/aurora-co,https://www.creditdoc.co/browse/pawn-shops/aurora-co/,"Pawn Shops in Aurora, CO (2026) | CreditDoc","Pawn Shops Provider Profiles in Aurora, CO",1090,140,8,23,0,0,False,True
browse_service_city,pawn-shops/austin-tx,https://www.creditdoc.co/browse/pawn-shops/austin-tx/,"Pawn Shops in Austin, TX (2026) | CreditDoc","Pawn Shops Provider Profiles in Austin, TX",2345,160,28,23,0,0,False,True
browse_service_city,pawn-shops/bakersfield-ca,https://www.creditdoc.co/browse/pawn-shops/bakersfield-ca/,"Pawn Shops in Bakersfield, CA (2026) | CreditDoc","Pawn Shops Provider Profiles in Bakersfield, CA",981,138,6,23,0,0,False,True
browse_service_city,pawn-shops/baltimore-md,https://www.creditdoc.co/browse/pawn-shops/baltimore-md/,"Pawn Shops in Baltimore, MD (2026) | CreditDoc","Pawn Shops Provider Profiles in Baltimore, MD",1778,153,21,23,0,0,False,True
browse_service_city,pawn-shops/beverly-hills-ca,https://www.creditdoc.co/browse/pawn-shops/beverly-hills-ca/,"Pawn Shops in Beverly Hills, CA (2026) | CreditDoc","Pawn Shops Provider Profiles in Beverly Hills, CA",1348,143,11,23,0,0,False,True
browse_service_city,pawn-shops/brandon-fl,https://www.creditdoc.co/browse/pawn-shops/brandon-fl/,"Pawn Shops in Brandon, FL (2026) | CreditDoc","Pawn Shops Provider Profiles in Brandon, FL",949,138,6,23,0,0,False,True
browse_service_city,pawn-shops/bronx-ny,https://www.creditdoc.co/browse/pawn-shops/bronx-ny/,"Pawn Shops in Bronx, NY (2026) | CreditDoc","Pawn Shops Provider Profiles in Bronx, NY",1635,149,17,23,0,0,False,True
browse_service_city,pawn-shops/brooklyn-ny,https://www.creditdoc.co/browse/pawn-shops/brooklyn-ny/,"Pawn Shops in Brooklyn, NY (2026) | CreditDoc","Pawn Shops Provider Profiles in Brooklyn, NY",1967,154,22,23,0,0,False,True
browse_service_city,pawn-shops/charlotte-nc,https://www.creditdoc.co/browse/pawn-shops/charlotte-nc/,"Pawn Shops in Charlotte, NC (2026) | CreditDoc","Pawn Shops Provider Profiles in Charlotte, NC",1431,144,12,23,0,0,False,True
browse_service_city,pawn-shops/chicago-il,https://www.creditdoc.co/browse/pawn-shops/chicago-il/,"Pawn Shops in Chicago, IL (2026) | CreditDoc","Pawn Shops Provider Profiles in Chicago, IL",2799,168,35,23,0,0,False,True
browse_service_city,pawn-shops/chula-vista-ca,https://www.creditdoc.co/browse/pawn-shops/chula-vista-ca/,"Pawn Shops in Chula Vista, CA (2026) | CreditDoc","Pawn Shops Provider Profiles in Chula Vista, CA",850,136,4,23,0,0,False,True
browse_service_city,pawn-shops/cincinnati-oh,https://www.creditdoc.co/browse/pawn-shops/cincinnati-oh/,"Pawn Shops in Cincinnati, OH (2026) | CreditDoc","Pawn Shops Provider Profiles in Cincinnati, OH",1211,142,10,23,0,0,False,True
browse_service_city,pawn-shops/colorado-springs-co,https://www.creditdoc.co/browse/pawn-shops/colorado-springs-co/,"Pawn Shops in Colorado Springs, CO (2026) | CreditDoc","Pawn Shops Provider Profiles in Colorado Springs, CO",1263,144,11,23,0,0,False,True
browse_service_city,pawn-shops/columbus-oh,https://www.creditdoc.co/browse/pawn-shops/columbus-oh/,"Pawn Shops in Columbus, OH (2026) | CreditDoc","Pawn Shops Provider Profiles in Columbus, OH",2049,156,24,23,0,0,False,True
browse_service_city,pawn-shops/dallas-tx,https://www.creditdoc.co/browse/pawn-shops/dallas-tx/,"Pawn Shops in Dallas, TX (2026) | CreditDoc","Pawn Shops Provider Profiles in Dallas, TX",3080,170,38,23,0,0,False,True
browse_service_city,pawn-shops/denver-co,https://www.creditdoc.co/browse/pawn-shops/denver-co/,"Pawn Shops in Denver, CO (2026) | CreditDoc","Pawn Shops Provider Profiles in Denver, CO",1741,150,18,23,0,0,False,True
browse_service_city,pawn-shops/detroit-mi,https://www.creditdoc.co/browse/pawn-shops/detroit-mi/,"Pawn Shops in Detroit, MI (2026) | CreditDoc","Pawn Shops Provider Profiles in Detroit, MI",1197,142,10,23,0,0,False,True
browse_service_city,pawn-shops/fort-worth-tx,https://www.creditdoc.co/browse/pawn-shops/fort-worth-tx/,"Pawn Shops in Fort Worth, TX (2026) | CreditDoc","Pawn Shops Provider Profiles in Fort Worth, TX",2022,153,21,23,0,0,False,True
browse_service_city,pawn-shops/fresno-ca,https://www.creditdoc.co/browse/pawn-shops/fresno-ca/,"Pawn Shops in Fresno, CA (2026) | CreditDoc","Pawn Shops Provider Profiles in Fresno, CA",1104,140,8,23,0,0,False,True
browse_service_city,pawn-shops/garland-tx,https://www.creditdoc.co/browse/pawn-shops/garland-tx/,"Pawn Shops in Garland, TX (2026) | CreditDoc","Pawn Shops Provider Profiles in Garland, TX",1051,140,8,23,0,0,False,True
browse_service_city,pawn-shops/glendale-az,https://www.creditdoc.co/browse/pawn-shops/glendale-az/,"Pawn Shops in Glendale, AZ (2026) | CreditDoc","Pawn Shops Provider Profiles in Glendale, AZ",880,137,5,23,0,0,False,True
browse_service_city,pawn-shops/glendale-ca,https://www.creditdoc.co/browse/pawn-shops/glendale-ca/,"Pawn Shops in Glendale, CA (2026) | CreditDoc","Pawn Shops Provider Profiles in Glendale, CA",972,138,6,23,0,0,False,True
browse_service_city,pawn-shops/grand-prairie-tx,https://www.creditdoc.co/browse/pawn-shops/grand-prairie-tx/,"Pawn Shops in Grand Prairie, TX (2026) | CreditDoc","Pawn Shops Provider Profiles in Grand Prairie, TX",958,138,6,23,0,0,False,True
browse_service_city,pawn-shops/haltom-city-tx,https://www.creditdoc.co/browse/pawn-shops/haltom-city-tx/,"Pawn Shops in Haltom City, TX (2026) | CreditDoc","Pawn Shops Provider Profiles in Haltom City, TX",1040,139,7,23,0,0,False,True
browse_service_city,pawn-shops/hialeah-fl,https://www.creditdoc.co/browse/pawn-shops/hialeah-fl/,"Pawn Shops in Hialeah, FL (2026) | CreditDoc","Pawn Shops Provider Profiles in Hialeah, FL",882,137,5,23,0,0,False,True
browse_service_city,pawn-shops/houston-tx,https://www.creditdoc.co/browse/pawn-shops/houston-tx/,"Pawn Shops in Houston, TX (2026) | CreditDoc","Pawn Shops Provider Profiles in Houston, TX",4891,198,66,23,0,0,False,True
browse_service_city,pawn-shops/independence-mo,https://www.creditdoc.co/browse/pawn-shops/independence-mo/,"Pawn Shops in Independence, MO (2026) | CreditDoc","Pawn Shops Provider Profiles in Independence, MO",941,138,6,23,0,0,False,True
browse_service_city,pawn-shops/indianapolis-in,https://www.creditdoc.co/browse/pawn-shops/indianapolis-in/,"Pawn Shops in Indianapolis, IN (2026) | CreditDoc","Pawn Shops Provider Profiles in Indianapolis, IN",1581,148,16,23,0,0,False,True
browse_service_city,pawn-shops/irving-tx,https://www.creditdoc.co/browse/pawn-shops/irving-tx/,"Pawn Shops in Irving, TX (2026) | CreditDoc","Pawn Shops Provider Profiles in Irving, TX",1382,145,13,23,0,0,False,True
browse_service_city,pawn-shops/jacksonville-fl,https://www.creditdoc.co/browse/pawn-shops/jacksonville-fl/,"Pawn Shops in Jacksonville, FL (2026) | CreditDoc","Pawn Shops Provider Profiles in Jacksonville, FL",2353,159,26,23,0,0,False,True
browse_service_city,pawn-shops/kansas-city-ks,https://www.creditdoc.co/browse/pawn-shops/kansas-city-ks/,"Pawn Shops in Kansas City, KS (2026) | CreditDoc","Pawn Shops Provider Profiles in Kansas City, KS",891,137,5,23,0,0,False,True
browse_service_city,pawn-shops/kansas-city-mo,https://www.creditdoc.co/browse/pawn-shops/kansas-city-mo/,"Pawn Shops in Kansas City, MO (2026) | CreditDoc","Pawn Shops Provider Profiles in Kansas City, MO",1069,140,8,23,0,0,False,True
browse_service_city,pawn-shops/kissimmee-fl,https://www.creditdoc.co/browse/pawn-shops/kissimmee-fl/,"Pawn Shops in Kissimmee, FL (2026) | CreditDoc","Pawn Shops Provider Profiles in Kissimmee, FL",991,139,7,23,0,0,False,True
browse_service_city,pawn-shops/las-vegas-nv,https://www.creditdoc.co/browse/pawn-shops/las-vegas-nv/,"Pawn Shops in Las Vegas, NV (2026) | CreditDoc","Pawn Shops Provider Profiles in Las Vegas, NV",2566,163,30,23,0,0,False,True
browse_service_city,pawn-shops/long-beach-ca,https://www.creditdoc.co/browse/pawn-shops/long-beach-ca/,"Pawn Shops in Long Beach, CA (2026) | CreditDoc","Pawn Shops Provider Profiles in Long Beach, CA",895,137,5,23,0,0,False,True
browse_service_city,pawn-shops/los-angeles-ca,https://www.creditdoc.co/browse/pawn-shops/los-angeles-ca/,"Pawn Shops in Los Angeles, CA (2026) | CreditDoc","Pawn Shops Provider Profiles in Los Angeles, CA",3447,177,45,23,0,0,False,True
browse_service_city,pawn-shops/louisville-ky,https://www.creditdoc.co/browse/pawn-shops/louisville-ky/,"Pawn Shops in Louisville, KY (2026) | CreditDoc","Pawn Shops Provider Profiles in Louisville, KY",1606,149,15,23,0,0,False,True
browse_service_city,pawn-shops/marietta-ga,https://www.creditdoc.co/browse/pawn-shops/marietta-ga/,"Pawn Shops in Marietta, GA (2026) | CreditDoc","Pawn Shops Provider Profiles in Marietta, GA",1223,142,10,23,0,0,False,True
browse_service_city,pawn-shops/memphis-tn,https://www.creditdoc.co/browse/pawn-shops/memphis-tn/,"Pawn Shops in Memphis, TN (2026) | CreditDoc","Pawn Shops Provider Profiles in Memphis, TN",1655,149,16,23,0,0,False,True
browse_service_city,pawn-shops/mesa-az,https://www.creditdoc.co/browse/pawn-shops/mesa-az/,"Pawn Shops in Mesa, AZ (2026) | CreditDoc","Pawn Shops Provider Profiles in Mesa, AZ",1603,148,16,23,0,0,False,True
browse_service_city,pawn-shops/miami-fl,https://www.creditdoc.co/browse/pawn-shops/miami-fl/,"Pawn Shops in Miami, FL (2026) | CreditDoc","Pawn Shops Provider Profiles in Miami, FL",5381,211,78,23,0,0,False,True
browse_service_city,pawn-shops/milwaukee-wi,https://www.creditdoc.co/browse/pawn-shops/milwaukee-wi/,"Pawn Shops in Milwaukee, WI (2026) | CreditDoc","Pawn Shops Provider Profiles in Milwaukee, WI",886,137,5,23,0,0,False,True
browse_service_city,pawn-shops/nashville-tn,https://www.creditdoc.co/browse/pawn-shops/nashville-tn/,"Pawn Shops in Nashville, TN (2026) | CreditDoc","Pawn Shops Provider Profiles in Nashville, TN",1562,147,14,23,0,0,False,True
browse_service_city,pawn-shops/national-city-ca,https://www.creditdoc.co/browse/pawn-shops/national-city-ca/,"Pawn Shops in National City, CA (2026) | CreditDoc","Pawn Shops Provider Profiles in National City, CA",1149,140,8,23,0,0,False,True
browse_service_city,pawn-shops/new-york-ny,https://www.creditdoc.co/browse/pawn-shops/new-york-ny/,"Pawn Shops in New York, NY (2026) | CreditDoc","Pawn Shops Provider Profiles in New York, NY",3936,184,51,23,0,0,False,True
browse_service_city,pawn-shops/norcross-ga,https://www.creditdoc.co/browse/pawn-shops/norcross-ga/,"Pawn Shops in Norcross, GA (2026) | CreditDoc","Pawn Shops Provider Profiles in Norcross, GA",878,137,5,23,0,0,False,True
browse_service_city,pawn-shops/oklahoma-city-ok,https://www.creditdoc.co/browse/pawn-shops/oklahoma-city-ok/,"Pawn Shops in Oklahoma City, OK (2026) | CreditDoc","Pawn Shops Provider Profiles in Oklahoma City, OK",1679,150,18,23,0,0,False,True
browse_service_city,pawn-shops/omaha-ne,https://www.creditdoc.co/browse/pawn-shops/omaha-ne/,"Pawn Shops in Omaha, NE (2026) | CreditDoc","Pawn Shops Provider Profiles in Omaha, NE",979,139,7,23,0,0,False,True
browse_service_city,pawn-shops/opa-locka-fl,https://www.creditdoc.co/browse/pawn-shops/opa-locka-fl/,"Pawn Shops in Opa-locka, FL (2026) | CreditDoc","Pawn Shops Provider Profiles in Opa-locka, FL",896,137,4,23,0,0,False,True
browse_service_city,pawn-shops/orange-park-fl,https://www.creditdoc.co/browse/pawn-shops/orange-park-fl/,"Pawn Shops in Orange Park, FL (2026) | CreditDoc","Pawn Shops Provider Profiles in Orange Park, FL",833,136,4,23,0,0,False,True
browse_service_city,pawn-shops/orlando-fl,https://www.creditdoc.co/browse/pawn-shops/orlando-fl/,"Pawn Shops in Orlando, FL (2026) | CreditDoc","Pawn Shops Provider Profiles in Orlando, FL",2156,158,24,23,0,0,False,True
browse_service_city,pawn-shops/philadelphia-pa,https://www.creditdoc.co/browse/pawn-shops/philadelphia-pa/,"Pawn Shops in Philadelphia, PA (2026) | CreditDoc","Pawn Shops Provider Profiles in Philadelphia, PA",1834,151,17,23,0,0,False,True
browse_service_city,pawn-shops/phoenix-az,https://www.creditdoc.co/browse/pawn-shops/phoenix-az/,"Pawn Shops in Phoenix, AZ (2026) | CreditDoc","Pawn Shops Provider Profiles in Phoenix, AZ",2744,167,35,23,0,0,False,True
browse_service_city,pawn-shops/pittsburgh-pa,https://www.creditdoc.co/browse/pawn-shops/pittsburgh-pa/,"Pawn Shops in Pittsburgh, PA (2026) | CreditDoc","Pawn Shops Provider Profiles in Pittsburgh, PA",890,137,5,23,0,0,False,True
browse_service_city,pawn-shops/portland-or,https://www.creditdoc.co/browse/pawn-shops/portland-or/,"Pawn Shops in Portland, OR (2026) | CreditDoc","Pawn Shops Provider Profiles in Portland, OR",1068,140,8,23,0,0,False,True
browse_service_city,pawn-shops/raleigh-nc,https://www.creditdoc.co/browse/pawn-shops/raleigh-nc/,"Pawn Shops in Raleigh, NC (2026) | CreditDoc","Pawn Shops Provider Profiles in Raleigh, NC",1073,140,8,23,0,0,False,True
browse_service_city,pawn-shops/sacramento-ca,https://www.creditdoc.co/browse/pawn-shops/sacramento-ca/,"Pawn Shops in Sacramento, CA (2026) | CreditDoc","Pawn Shops Provider Profiles in Sacramento, CA",1335,144,12,23,0,0,False,True
browse_service_city,pawn-shops/san-antonio-tx,https://www.creditdoc.co/browse/pawn-shops/san-antonio-tx/,"Pawn Shops in San Antonio, TX (2026) | CreditDoc","Pawn Shops Provider Profiles in San Antonio, TX",2077,154,21,23,0,0,False,True
browse_service_city,pawn-shops/san-diego-ca,https://www.creditdoc.co/browse/pawn-shops/san-diego-ca/,"Pawn Shops in San Diego, CA (2026) | CreditDoc","Pawn Shops Provider Profiles in San Diego, CA",2403,159,26,23,0,0,False,True
browse_service_city,pawn-shops/scottsdale-az,https://www.creditdoc.co/browse/pawn-shops/scottsdale-az/,"Pawn Shops in Scottsdale, AZ (2026) | CreditDoc","Pawn Shops Provider Profiles in Scottsdale, AZ",1241,142,10,23,0,0,False,True
browse_service_city,pawn-shops/seattle-wa,https://www.creditdoc.co/browse/pawn-shops/seattle-wa/,"Pawn Shops in Seattle, WA (2026) | CreditDoc","Pawn Shops Provider Profiles in Seattle, WA",1044,139,7,23,0,0,False,True
browse_service_city,pawn-shops/tampa-fl,https://www.creditdoc.co/browse/pawn-shops/tampa-fl/,"Pawn Shops in Tampa, FL (2026) | CreditDoc","Pawn Shops Provider Profiles in Tampa, FL",2053,157,25,23,0,0,False,True
browse_service_city,pawn-shops/tucson-az,https://www.creditdoc.co/browse/pawn-shops/tucson-az/,"Pawn Shops in Tucson, AZ (2026) | CreditDoc","Pawn Shops Provider Profiles in Tucson, AZ",1494,147,15,23,0,0,False,True
browse_service_city,pawn-shops/virginia-beach-va,https://www.creditdoc.co/browse/pawn-shops/virginia-beach-va/,"Pawn Shops in Virginia Beach, VA (2026) | CreditDoc","Pawn Shops Provider Profiles in Virginia Beach, VA",1202,142,10,23,0,0,False,True
browse_service_city,personal-loans/albuquerque-nm,https://www.creditdoc.co/browse/personal-loans/albuquerque-nm/,"Personal Loans in Albuquerque, NM (2026) | CreditDoc","Personal Loans Provider Profiles in Albuquerque, NM",1096,141,9,23,0,0,False,True
browse_service_city,personal-loans/arlington-tx,https://www.creditdoc.co/browse/personal-loans/arlington-tx/,"Personal Loans in Arlington, TX (2026) | CreditDoc","Personal Loans Provider Profiles in Arlington, TX",1276,144,11,23,0,0,False,True
browse_service_city,personal-loans/atlanta-ga,https://www.creditdoc.co/browse/personal-loans/atlanta-ga/,"Personal Loans in Atlanta, GA (2026) | CreditDoc","Personal Loans Provider Profiles in Atlanta, GA",960,138,6,23,0,0,False,True
browse_service_city,personal-loans/austin-tx,https://www.creditdoc.co/browse/personal-loans/austin-tx/,"Personal Loans in Austin, TX (2026) | CreditDoc","Personal Loans Provider Profiles in Austin, TX",1640,149,16,23,0,0,False,True
browse_service_city,personal-loans/charlotte-nc,https://www.creditdoc.co/browse/personal-loans/charlotte-nc/,"Personal Loans in Charlotte, NC (2026) | CreditDoc","Personal Loans Provider Profiles in Charlotte, NC",985,139,5,23,0,0,False,True
browse_service_city,personal-loans/chicago-il,https://www.creditdoc.co/browse/personal-loans/chicago-il/,"Personal Loans in Chicago, IL (2026) | CreditDoc","Personal Loans Provider Profiles in Chicago, IL",1839,152,20,23,0,0,False,True
browse_service_city,personal-loans/colorado-springs-co,https://www.creditdoc.co/browse/personal-loans/colorado-springs-co/,"Personal Loans in Colorado Springs, CO (2026) | CreditDoc","Personal Loans Provider Profiles in Colorado Springs, CO",1062,140,7,23,0,0,False,True
browse_service_city,personal-loans/dallas-tx,https://www.creditdoc.co/browse/personal-loans/dallas-tx/,"Personal Loans in Dallas, TX (2026) | CreditDoc","Personal Loans Provider Profiles in Dallas, TX",1916,154,22,23,0,0,False,True
browse_service_city,personal-loans/fort-worth-tx,https://www.creditdoc.co/browse/personal-loans/fort-worth-tx/,"Personal Loans in Fort Worth, TX (2026) | CreditDoc","Personal Loans Provider Profiles in Fort Worth, TX",1087,140,8,23,0,0,False,True
browse_service_city,personal-loans/fresno-ca,https://www.creditdoc.co/browse/personal-loans/fresno-ca/,"Personal Loans in Fresno, CA (2026) | CreditDoc","Personal Loans Provider Profiles in Fresno, CA",961,138,5,23,0,0,False,True
browse_service_city,personal-loans/houston-tx,https://www.creditdoc.co/browse/personal-loans/houston-tx/,"Personal Loans in Houston, TX (2026) | CreditDoc","Personal Loans Provider Profiles in Houston, TX",2232,159,26,23,0,0,False,True
browse_service_city,personal-loans/indianapolis-in,https://www.creditdoc.co/browse/personal-loans/indianapolis-in/,"Personal Loans in Indianapolis, IN (2026) | CreditDoc","Personal Loans Provider Profiles in Indianapolis, IN",1262,143,10,23,0,0,False,True
browse_service_city,personal-loans/kansas-city-mo,https://www.creditdoc.co/browse/personal-loans/kansas-city-mo/,"Personal Loans in Kansas City, MO (2026) | CreditDoc","Personal Loans Provider Profiles in Kansas City, MO",884,137,4,23,0,0,False,True
browse_service_city,personal-loans/las-vegas-nv,https://www.creditdoc.co/browse/personal-loans/las-vegas-nv/,"Personal Loans in Las Vegas, NV (2026) | CreditDoc","Personal Loans Provider Profiles in Las Vegas, NV",1242,143,11,23,0,0,False,True
browse_service_city,personal-loans/los-angeles-ca,https://www.creditdoc.co/browse/personal-loans/los-angeles-ca/,"Personal Loans in Los Angeles, CA (2026) | CreditDoc","Personal Loans Provider Profiles in Los Angeles, CA",1398,144,11,23,0,0,False,True
browse_service_city,personal-loans/louisville-ky,https://www.creditdoc.co/browse/personal-loans/louisville-ky/,"Personal Loans in Louisville, KY (2026) | CreditDoc","Personal Loans Provider Profiles in Louisville, KY",951,138,6,23,0,0,False,True
browse_service_city,personal-loans/miami-fl,https://www.creditdoc.co/browse/personal-loans/miami-fl/,"Personal Loans in Miami, FL (2026) | CreditDoc","Personal Loans Provider Profiles in Miami, FL",1304,144,12,23,0,0,False,True
browse_service_city,personal-loans/milwaukee-wi,https://www.creditdoc.co/browse/personal-loans/milwaukee-wi/,"Personal Loans in Milwaukee, WI (2026) | CreditDoc","Personal Loans Provider Profiles in Milwaukee, WI",779,135,3,23,0,0,False,True
browse_service_city,personal-loans/new-york-ny,https://www.creditdoc.co/browse/personal-loans/new-york-ny/,"Personal Loans in New York, NY (2026) | CreditDoc","Personal Loans Provider Profiles in New York, NY",1263,142,7,23,0,0,False,True
browse_service_city,personal-loans/oklahoma-city-ok,https://www.creditdoc.co/browse/personal-loans/oklahoma-city-ok/,"Personal Loans in Oklahoma City, OK (2026) | CreditDoc","Personal Loans Provider Profiles in Oklahoma City, OK",2297,161,29,23,0,0,False,True
browse_service_city,personal-loans/orlando-fl,https://www.creditdoc.co/browse/personal-loans/orlando-fl/,"Personal Loans in Orlando, FL (2026) | CreditDoc","Personal Loans Provider Profiles in Orlando, FL",847,137,3,23,0,0,False,True
browse_service_city,personal-loans/phoenix-az,https://www.creditdoc.co/browse/personal-loans/phoenix-az/,"Personal Loans in Phoenix, AZ (2026) | CreditDoc","Personal Loans Provider Profiles in Phoenix, AZ",1046,140,8,23,0,0,False,True
browse_service_city,personal-loans/raleigh-nc,https://www.creditdoc.co/browse/personal-loans/raleigh-nc/,"Personal Loans in Raleigh, NC (2026) | CreditDoc","Personal Loans Provider Profiles in Raleigh, NC",1247,143,11,23,0,0,False,True
browse_service_city,personal-loans/san-antonio-tx,https://www.creditdoc.co/browse/personal-loans/san-antonio-tx/,"Personal Loans in San Antonio, TX (2026) | CreditDoc","Personal Loans Provider Profiles in San Antonio, TX",2375,159,27,23,0,0,False,True
browse_service_city,personal-loans/san-francisco-ca,https://www.creditdoc.co/browse/personal-loans/san-francisco-ca/,"Personal Loans in San Francisco, CA (2026) | CreditDoc","Personal Loans Provider Profiles in San Francisco, CA",1030,140,8,23,0,0,False,True
browse_service_city,personal-loans/virginia-beach-va,https://www.creditdoc.co/browse/personal-loans/virginia-beach-va/,"Personal Loans in Virginia Beach, VA (2026) | CreditDoc","Personal Loans Provider Profiles in Virginia Beach, VA",882,137,5,23,0,0,False,True
